Lab_Humidity,Temperature_Lab,Temperature_Fluid,Electrical_Conductivity,pH,Dissolved_Oxygen,Turbidity,Category
52.472407130841745,24.691803844716517,24.341020461667462,0.8996042924748642,8.419993243959881,264.6595874931276,64.17631226884521,2
87.04285838459498,26.048406209375365,23.322802405785083,1.1960961270151131,6.238047982394846,242.52761071161405,46.46995289988512,3
73.9196365086843,32.52730568443707,19.403847812571502,0.9752001367875998,6.886558777479545,622.9343655205648,96.48535396153014,1
65.91950905182219,23.780074563018168,30.181666752537197,0.39996309973415567,8.153122547431273,876.2814257449284,22.67886664743958,0
39.36111842654619,32.784044641806915,26.915604012715722,0.5226962841402665,7.428357378097919,551.9049162683068,59.19778518389513,0
39.35967122017216,19.498285326603757,36.64252480810009,0.563193820837103,8.454284154539575,236.0606581575136,70.32079148403204,2
33.48501673009197,31.20557343254672,15.802739512051456,0.6094371043738138,9.34483160489144,354.8530592542193,82.73088444519279,3
81.97056874649611,32.40830976193052,31.096698188878158,0.978484070340605,5.96618675086079,371.3550344910395,41.2901320123727,3
66.06690070459253,21.09090009823476,34.07372196278903,0.9047589357904722,8.338270865592243,436.499990395865,69.00526885809067,0
72.48435466776273,25.31589105032741,33.98716422970767,0.5437920460370507,6.421376622528458,230.52236851034883,31.016945667043995,3
31.23506965774815,20.813496169282146,37.15184917738813,0.38106581214682445,7.157906909630277,833.4248903485413,44.11213314382021,0
88.19459112971967,30.012270192901703,33.225843570737354,0.5057186453696617,5.631450903180559,560.8947613050467,89.66708598913652,3
79.94655844802531,27.100912057048163,38.195251541192405,1.481257575142324,6.043629529170795,669.6515550678764,95.04085332376448,3
42.74034664069657,28.80049689404146,23.316414995522287,0.8622563397497667,6.779109156195599,247.02098582650626,72.16291734579922,2
40.909498032426036,21.340278438255588,27.580235418788575,1.340814605642535,6.86794322115194,237.88082746255458,38.06083718684232,2
41.00427059120603,21.599679654891133,15.351991582072268,1.318502960002612,9.098340865848384,610.527440428383,82.18572120749174,3
48.254534577572265,18.70545453366841,15.17393968258228,0.9138234689554483,8.46725163706606,821.1072073529456,3.560841090816598,0
61.48538589793427,23.475148098327406,21.003165511287996,1.1480252501526522,9.388731872748163,569.9374006716829,11.171845143402685,3
55.916701118526944,27.515659242672474,17.52017992847713,0.5313024124952548,7.896286041340963,814.47342079905,66.47599990116075,0
47.47374841188251,32.58489353795459,21.50528419839384,1.1260760459122898,6.466854928365272,767.6938911386675,29.833608951735684,3
66.71117368334276,29.337766606797572,19.426082363209936,0.6268614951159475,6.810620119686572,253.09765005644454,95.1872356216473,2
38.36963163912251,25.401737497795775,15.713000620966206,1.2984745161049809,6.779343693167869,341.37023206998293,44.17000059713817,0
47.528678912113094,34.203041944700345,37.732603660151234,0.40046895973069185,6.805977310653006,660.3974684087398,43.50711721852852,0
51.9817105976215,30.227168409789144,15.205578284722288,1.227766407462333,8.191856692447264,510.4509677850291,68.1298715089022,0
57.364199053022155,33.81280844866335,33.40205360842714,0.4199242878823434,7.623231712361665,403.48986955284437,76.98928766831277,0
77.11055768358082,26.968995545626818,18.803697172987913,1.3574270842731708,7.041696712346577,493.04369923358536,48.080315074388515,0
41.98042692950158,22.401372671483372,37.80574054999,0.6650454217620044,6.096359074914867,511.639752389444,22.18608926946069,3
60.8540663048167,18.898053668200273,37.319898489747146,1.0852720377966896,5.588556651768584,837.3865755751176,77.55755562983654,3
65.54487413172255,30.34344247522546,31.347528659231433,0.8850027343443359,6.37533871035077,272.4207985934671,32.71477621248913,3
32.78702476319987,20.06215096609408,31.805853745015128,0.7395637743148067,5.929885615874725,395.8115227653305,18.335966160091903,3
66.45269111408629,23.14717718062344,15.133478549242213,1.0745301998201957,8.641780123408957,576.2953716078998,63.53237880257631,0
40.23144742123749,27.052005434026256,39.62178915284005,1.4370275766614855,5.9499918312555415,688.8008486414142,9.95491303204469,3
33.90309557911677,27.59508199225571,36.94581508939536,0.3495236968495462,8.396912949227344,641.4461022714706,97.16391483351944,1
86.93313223519999,28.20991434878131,37.3776556432523,1.402623427059725,7.042634759104331,859.1499164161761,63.60732917680156,0
87.93792198447356,20.82634061594491,31.481113426271797,1.030897986025216,5.7935135589751035,756.9262473736312,98.60365657125382,3
78.50384088698766,24.45553588196803,23.619673216363413,1.2687771609228626,8.750920197726343,589.9537893821011,34.550448924384966,0
48.27682615040224,28.492301860988434,37.341216227262024,0.7606499441211331,7.818522280946453,350.2778841714553,97.1493109578494,1
35.86032684038303,34.48692069877434,22.28792320377981,0.8662115698051365,6.443046051454292,515.6119619815679,15.410662525133734,3
71.05398159072942,30.369729340894708,29.06778858355507,1.3426209021613968,9.07872469733067,685.3675709361341,5.028782462355816,3
56.40914962437608,33.684263870597285,17.49327430859706,0.7978175637717877,5.681033255482205,786.5735223852595,4.265421985005654,3
37.32229409068673,30.957604991341007,38.04889075331876,0.941591480098902,6.307278432791051,871.8153570956712,47.022166689323484,3
59.71061460667621,28.059188471170806,18.519261444280332,0.3242339077011995,8.508187711223444,623.8169362965423,9.217415550380883,0
32.063311266913104,21.264397275317858,20.622420143260182,0.49031760700565075,8.337511721239556,568.8435571131026,51.70462053259257,0
84.55922412472692,29.333656082172723,28.953353953205372,1.0700238095697596,6.657086774897913,212.3843461848038,33.42254984738115,2
45.52679889600101,28.597452621318418,34.10232500532454,1.1603722812766526,5.748099501411133,250.46934840512597,34.227270254937444,3
69.75133706123893,28.24197589777353,30.483782648407473,0.9991211241413993,8.932312288899775,309.2734983461802,63.92529065797181,0
48.70266456536466,26.32635975580009,20.803347820003903,0.4719720435307328,6.75479055227961,238.33195183273966,17.146702609010397,2
61.20408127066865,26.987162267817688,15.023576063187258,0.8344865142934017,6.28285365971306,480.6042671634485,76.88878366363338,3
62.80261676059678,23.68552296100777,33.92876450768598,0.7261137196358278,7.564247289443909,435.8149815972105,58.62106105808484,0
41.091267331531625,26.828315774919155,39.630183147777345,0.8947936128421059,9.14090879712979,646.1479105078749,91.57951825590358,3
88.17507766587352,21.35845039653413,35.24782800765226,1.3443948414649132,5.674186311373502,574.9655755533819,37.11922472298482,3
76.50796940166687,31.687964755126405,26.50516545391538,1.231033726390382,8.56321635212355,617.1795315715018,98.28878421464543,1
86.36993649385136,21.15820822987803,37.594181534977665,0.40078740166699073,7.789892911754835,530.3840420563579,58.0069370246883,0
83.68964102565893,19.44442692812093,25.24619182795875,1.368371037329477,7.201796466207268,394.41600398798,97.36679366256584,1
65.8739987286651,25.416182448071673,28.12335210608669,0.8661205813797883,8.47632177642024,866.977720462534,3.6790047506644177,0
85.312454101387,29.191226471603052,26.92824418489208,1.192634573863198,9.36329769776653,260.48641183209725,73.06965591882641,3
35.30955012311517,25.441186023870202,26.190596816638124,0.4680470775172225,6.416824844650764,857.2236996257151,81.84553090498089,3
41.75897174514871,22.704820243172247,34.37976923234764,1.1048634308484577,6.074589460288479,417.8666328053142,6.264155380972269,3
32.71363733463228,27.48891012613749,28.1692226817373,0.5835912211313494,9.151526980890788,558.8630117571082,58.317996737608325,3
49.519819845795865,23.8990397020074,22.9179280506304,0.8260570765691178,8.175812309829215,276.1896259792823,80.39228706535539,2
53.320637381368925,33.858750732152764,21.453954191461957,0.3202354440985253,7.251944086247864,249.6517478597065,56.5428337970842,2
46.28094190643375,33.684967373260726,15.943682924185834,0.4819327655165712,7.793038281057132,500.681814103022,7.317545450141197,0
79.72425054911577,26.54032093952562,29.579879047076147,0.4104965917483437,8.482455620704975,719.1881634657747,69.65127684893284,0
51.40519960161536,23.574027898310394,20.749035385025856,0.5876930075259101,8.59212759482287,388.55534428398425,6.999094552657555,0
46.85607058124285,30.531251037262862,18.703348050409577,0.4200217080291867,9.179576723275858,593.6435222547241,81.92942060662742,3
62.56176498949491,18.624120039212134,31.345749095691943,1.1302920319434742,7.207371155582491,395.05523836597285,5.260384147362745,0
38.45545349848576,26.07107310274207,32.03023144553872,0.33484788265106324,6.6736436400775805,472.0291426251286,14.60234072002671,0
78.13181884524238,23.717497702595672,33.80387230644165,1.0412886007499975,8.058657067159368,834.5124229316773,28.23565146180358,0
34.47303862078625,33.64911004674343,27.589422408464785,0.46884939699068906,7.162911597118121,799.0877378464437,63.7031144338192,0
89.21321619603104,18.204051463635604,37.351365130097165,1.4341937486134764,7.878393815795912,561.212280392341,97.65955086349929,1
76.33468615779944,27.397852887211933,38.408568834955695,1.419712887731825,7.179943193823801,366.6739392304551,12.664462409373508,0
41.92294089205035,30.591280878132643,35.18427349481223,0.570603723025155,6.1119831467126975,335.228738913116,15.128059252177923,3
30.331327027416144,26.245305787908702,30.88983705020468,1.0373055578676353,7.377707006635834,867.861147125,37.51816927339705,0
78.92768570729005,19.451851512766268,22.59302383977972,0.3336063833669501,8.263671287764131,341.90161755748125,83.7856946377767,1
72.41144063085703,34.53184363047434,39.57362304050553,1.418146251661409,8.6971352306706,765.7178176387774,47.2558643223306,0
73.74043008245924,26.806177333393663,21.85340417979846,0.9275847698300517,7.473305107186187,458.2791466748761,32.83944942532634,0
76.27622080115674,28.441166153423193,20.066423049760775,0.35186778170133476,6.160951560841603,889.9618932907669,56.559179388677265,3
34.442679104045425,22.022366306027624,26.05385284466457,0.7109999916097649,7.158750838597726,457.7090182539515,26.791796547129252,0
51.507943712656356,26.219467446815663,16.42101426780971,0.39221935423348103,8.645175715366793,446.06163743750824,40.71483081750457,0
36.95214357150778,25.29554136329147,39.462361616794766,0.7715333272480318,7.151437082468291,646.2245402143362,33.92790977397215,0
81.78620555253562,19.273229314033724,29.710838910410622,1.1039116105935876,8.28612317441689,873.0617646387735,80.60996121904995,1
67.39788760965348,19.804726010306943,28.92380229160438,0.8638678896497274,7.528854726712359,883.346724057503,92.50131691736208,1
49.85388149115895,32.237032833519166,31.394906997492996,0.7604666096633453,6.464892500437587,695.0443025268896,76.19764702353427,3
33.81350101716142,22.076939187512032,27.42559119443017,0.44298845464855774,8.684602032092297,728.2244559454475,44.469274026968364,0
48.65893930293973,21.314290615476718,15.80158792736354,0.5939268548323875,5.836853816282748,594.3815231811193,50.92916277216971,3
49.51099932160482,26.583494671252367,30.30778222100992,0.4201719452860213,7.599561131020602,729.0430173926324,13.382295699014133,0
73.77637070028385,31.06870123316272,32.904346923910765,1.2689984779879928,6.33556413697362,801.8457584793476,74.93960640231924,3
68.25344828131279,19.053090815842793,25.41872651560133,0.46228779358166705,5.768262514165503,540.2667122365162,60.051092260109364,3
83.23276455457959,27.80573463385035,33.93238930177982,1.0144480398586722,7.511735748332995,633.9035839810722,90.34155961760621,1
58.33289550971696,20.026577528289746,20.675032483460516,0.7112884963066151,7.498248623739695,576.1216866631335,20.860503213940166,0
37.1756547562981,18.619837864035514,20.531914776654602,0.5711740615862202,8.327603606702883,593.7294294700741,76.2128860713286,0
72.7946872333797,18.896647186757697,19.03542469218935,1.0673621273905245,8.47900277220762,823.0335369117586,68.78249451019978,0
75.64710291701385,32.1807898395435,24.299868994729046,0.8484027712523288,8.411165954771587,448.9317811438991,27.318707847165467,0
63.67663185416978,20.005532221677047,36.17530088472709,0.780174560741471,7.13823493166702,345.72881792043694,67.07048531454168,0
76.25803079727366,18.767573195008964,35.697801553726606,1.0114224058706658,8.026759148906251,519.3960771915404,92.5129646770883,1
59.62773578186344,25.44429808142951,24.570605199087595,0.8895211541880008,7.807780970575841,345.6596333368856,91.92516277904477,1
61.363969762919645,32.34788902301442,29.72796839950591,0.6641810502618729,7.186247024467678,548.8802979634133,72.243030877098,0
55.652461101512976,22.46094240031813,33.020407911872894,0.970873545318302,7.888850776743973,832.4556737499411,5.75923814087195,0
31.52514760464571,25.169114497940576,21.030169365700573,1.1033982918608334,9.28899150682505,632.2034643377344,87.35416939469599,3
36.473485619598264,18.67868305358377,19.203527147368675,0.33203179030422514,6.271574974725509,798.8029973121544,66.12008209344945,3
31.885751141204054,25.63433474029289,39.30239983030778,0.8590460746892103,9.123088383142106,316.3336437308583,31.732991065090708,3
68.18462467582683,27.819422370831273,30.43893283024046,0.3692199415002525,5.713822055932793,830.6115147760238,19.537785808864232,3
48.8613588645796,27.70541991378646,39.5353930458416,0.5236864968817333,6.733556851606643,621.251015084981,12.504182436734395,0
60.514241469882165,23.651253766964206,23.443899678305726,0.9726104808935676,6.652580994446113,222.23185211833587,5.973453026518337,2
84.45398843556558,23.364064071273305,32.575792499353284,1.3394266983186969,8.005460431523623,643.1832686995258,75.65622154712489,0
44.9575337489325,19.812601521922165,20.565090913530945,1.3593668150261817,6.024899807109161,865.9778693826426,24.348456895384256,3
54.62297538213778,24.235571450986562,21.530004281847823,0.3839328121663575,9.029390447359015,255.41690033275344,3.401040668282252,3
75.33306831258292,19.6914093708404,27.7975530317406,0.8029261035440478,8.814205633860166,607.7192913287005,40.32979453235694,0
43.72788992949735,31.032131060104877,22.99045313770178,0.9996077796054614,8.108263278741111,840.8350220088003,48.778100978641554,0
34.61879458972758,34.42666306171916,19.19053909601461,0.4764838854604121,7.333655327168791,206.78661783406218,17.75379285911256,2
47.38508717482608,34.49126576333401,21.57201754973315,1.218518660093726,9.231824168568313,641.6390485260763,5.360785280092427,3
39.67327723524026,32.7062086893817,15.893709861646617,1.1930823101246866,8.822986218882225,532.4316042816738,19.72342282670882,0
85.78185914055439,28.213466538773524,32.61059053693717,1.3840092164481537,7.497260592324979,442.8925230540274,68.23117342182086,0
78.48722277386501,29.91471685314596,27.302916427146542,0.3101832145001316,8.307493417817245,639.2755429617632,9.142124047869434,0
68.00422539062541,22.84849864556704,17.35607666011314,0.5600210927868032,7.767719808718738,236.89146621119184,55.94866602514239,2
82.28763541126307,28.72309714293455,19.29234982821228,1.292624057094386,7.851768953553059,727.1441324011802,15.4947868029085,0
78.22032461394687,25.746042340477917,17.563363452816102,1.1046960609923224,6.823904277749885,203.13563384379535,20.373228184461517,2
41.19420353316215,26.194294776207855,30.31482020689691,1.3732678244381888,7.348338418499587,414.8550206546465,39.914710443403166,0
83.55353990939867,30.882201526377685,17.355259090312344,0.3686155854363198,5.812485723158977,552.7710463792748,10.981708269319403,3
62.36053451493904,22.792612045153277,33.8570583258804,1.0163567588597313,6.92939476665837,463.9155753965862,18.147146775439072,0
78.44640930984374,23.406673398806838,15.512772983009778,0.9828558898724089,8.283314061448607,415.2331546439077,35.54628873368406,0
83.7654779954096,33.71891044918682,21.2343946998973,0.34280929963263884,9.312864122024745,781.5846018276673,33.63723154433832,3
49.08020849831183,18.95581301246653,37.26666689729768,0.9162264922949801,9.352256451052082,854.3828019903362,75.17787708189745,3
36.60311547166061,26.255783073026787,32.96328295305615,1.031424373571909,7.722891476499567,811.5988794341221,8.403448207516012,0
43.6761097525165,33.51761360693365,16.824208323142194,0.5295518090425286,7.926489007238328,565.7019191349998,86.184622830968,1
55.626467317575376,28.376171132908667,35.52815261212949,0.6279954997495956,6.24288474200387,818.9149226354381,81.80698490320603,3
79.08088595534959,27.288920261606243,27.32587803850512,1.0684168155572844,8.281232432374123,844.6030956270806,76.8331723295019,0
81.64383499538062,22.245651046899038,36.16957567922073,0.86196113711995,5.782635170697545,486.46687793322343,31.627863883850118,3
30.417127831871444,23.83568331409562,30.018494361259833,1.329616389081992,6.638742743197778,398.41210165381176,82.46529676853797,1
60.64483815465394,32.48482306867978,32.04582580082147,0.7108581192110259,8.17345338914177,268.78564406932423,19.097405948638798,2
55.04466018892674,27.506708240063787,39.83753900989271,0.6199915900658414,6.741240526173957,535.3643447344602,13.316511379647796,0
43.326468628243816,26.750617293865258,20.808388648100454,1.4818391284138113,5.699387496457817,862.4078443069089,5.450677015459248,3
37.19192204002097,19.69285513018049,30.598639369034707,1.3933629241561,8.827481637403855,592.6352696492597,93.99172593755202,1
50.25691028421768,18.272478659737093,26.50803475143496,0.33479129399877583,6.741320028538253,667.2934712503202,31.493078872822093,0
86.57458223475115,34.382648207679836,15.986298823067285,1.224874338367879,5.752420899434714,279.0186729442933,91.84417013761268,3
49.39217592124531,24.40876484387631,15.361766037571625,0.4324017285902435,5.799152658011461,300.46376489957936,27.98874259041364,3
61.12743730460197,28.254622055691573,17.980714445446466,0.3329822337952451,6.507035195155014,525.1312833717708,90.8490299742986,1
72.18113753371067,19.355156244183846,31.227293513463703,0.6284346191596186,6.212063788886105,865.885359288608,90.48897623176273,3
51.81777614275764,29.61294285729179,29.179077197834808,0.6232150548733251,8.597200471120603,452.5492491140702,92.44392845606058,1
88.30692496325764,33.85363404800134,28.835739029093187,1.2831825148163576,6.786736186668138,814.2388289222735,50.11919048913518,0
87.74683769652668,27.786309300956134,15.796419063206502,1.152800695131402,8.71878314015933,284.2020153979981,86.72868239309031,2
45.10693774952185,20.143960480381978,26.732574909000178,1.477931312798417,6.195383991292611,631.9120448535971,95.1258237205647,3
59.83491035354312,27.889265967049106,38.11557044606322,1.153815480374182,7.471516718176336,620.4290838373627,33.13707724782077,0
48.052698589006184,31.027902622779088,24.939796732766165,0.8019066639072574,8.252148534212516,801.912325049188,42.468566162572955,0
47.090429662648056,24.90908112175832,30.623061744711407,1.1387131931342602,8.10796341546342,202.32169308343106,72.20477854623866,2
32.213216841271965,32.957241715004955,34.495466890578584,1.4993508806236826,7.904517639721075,332.9521670383005,30.73562235060679,0
66.57386003879381,29.027610207075195,34.59813197854719,1.1521702590750336,9.19928640772468,353.7813378006372,75.62712158235324,3
60.16074139373169,33.28723161091644,27.982002059881786,1.2140176271763818,6.414100590826978,864.9762616635162,8.315322376139859,3
33.08872507499936,28.599590291204734,36.44879863505841,1.4260380182283112,7.474876817848422,307.58555938892647,52.82634004456568,0
46.71878785419669,20.231895524082013,24.78445233409367,0.43638151357402,9.035970200289634,225.87364515439228,13.109034924290775,3
84.49595315799922,23.264759088788214,37.21733036961996,1.1457411521372722,5.811575062380628,574.1230463192657,30.039024167230966,3
44.37371344001835,21.430514120291768,21.005679159888633,1.3209671495609387,5.723553073012301,569.9909237035772,26.603913856160727,3
38.693692325473386,33.45005046118666,22.005410174764275,1.4452543202650716,6.433209150233166,790.832875757505,84.05427528270394,3
59.36716561665378,30.926801143887204,16.32801560497503,0.5531631476540393,8.032084878152073,864.2017551244614,20.158208285213547,0
89.13902724663603,29.498772271470102,34.88954591355707,0.9047148092690931,6.5395185057992276,576.9818094980917,81.03634409575277,1
44.523316290690026,23.11642743373757,25.426380905817638,1.116665817173378,6.260959535235196,850.9959276937589,79.60207424488428,3
70.32813284435272,21.12876112485363,20.727915347784975,0.5969612754016049,7.335209261433168,707.6114059098808,50.38942250016576,0
75.69717691972306,30.8596684958115,20.79475694041449,1.0205674359003287,7.954392275077646,385.1913895969095,24.150482304016833,0
44.25825263954398,26.060685079944356,37.53499853073083,0.6090945389975992,6.494230828066962,849.8944976607485,23.46273765566605,3
73.69298091671158,21.838422386560694,35.84791501152593,0.7001484246379768,6.702764746894968,667.2102233273124,47.02754006446893,0
52.06698796315519,28.482573628809675,28.838272133929582,0.8298224358130379,7.954237219246055,489.86715291984365,1.8720917319581147,0
67.93834983561476,18.685675486353684,30.402770010393027,0.9350281184958804,9.28295368795781,676.1694591618515,53.60372470652525,3
68.01178264565368,23.544894320180312,26.858139263757273,0.8392390459501806,8.198966909752354,480.9189794206256,95.32517305093849,1
62.14648104448551,25.96546890804929,24.791663571970222,0.891834623745515,8.63161657433824,279.9286375915715,16.315981304397056,2
35.4173862032645,20.5152916798599,37.88692203045829,0.6583065075459511,6.9672403790218755,703.2851230238298,57.76121652608474,0
80.11814973535428,34.73912611904427,18.14031758800755,0.4907581128271567,6.589017437537864,776.8613285195206,96.21609017580123,1
49.24680389830415,21.554655198023443,25.4611697429057,0.3568199727922073,7.31707097281049,710.1643393135714,86.19169180966841,1
41.19111062399125,20.216003210735515,23.614047699696883,0.5351744669900012,8.728531314846695,360.3802674296736,85.18763152175269,1
32.44650849328583,21.46009285607724,27.453768006278708,0.9983323698069395,7.325198567162223,869.644509434329,82.36314310922272,1
65.4535765912945,31.074039263715314,26.440796863629377,1.2433385373637589,8.886901635159443,217.67819318380913,31.593336999562375,2
70.65386171053694,25.23359620762133,27.972238291277037,0.5030971169314734,9.455087922780509,432.8797081629484,89.1710662954144,3
30.995269735671368,27.612070975793145,18.49797443067485,0.4302664293271782,5.788106662921345,382.0647041744269,94.19269477208394,3
60.72558349795686,18.357155668768133,27.828537537831927,1.1991484326591002,5.681640624334815,233.68835933039568,50.0834499066049,3
43.58974651187628,18.585332245746347,21.06047034718027,0.6661899966447475,6.098358811653448,484.0107850920679,36.10253367868642,3
68.71036742456698,25.579034347059274,19.608283724704783,1.4417993270728229,7.037478702937385,636.1803881139422,42.00867254497975,0
40.46198574029948,31.8831391344276,16.62085546965478,1.1571815647324477,6.02416883658173,817.7870044395709,34.08643774129529,3
71.45626428614796,33.04906093802861,34.06631396890352,0.6921072566916371,8.982657910475023,892.782801334029,22.02942576042947,0
53.20412077803225,19.474011649125885,25.686048021414,0.6474512973524459,5.592585004108255,765.6627104830786,62.22639855503605,3
86.20379932420407,27.152172735717386,30.66609208279396,0.9284380635255709,6.76317086534329,528.0763630989774,56.697091738286964,0
38.25125664875959,33.5249046667476,33.18983358261858,0.3949736019338513,6.238778517976821,706.5930981769214,46.795922032888285,3
50.46398106301551,24.595536824764068,31.982916632838837,0.4412118151743588,9.22615732063013,790.5366520127485,10.488693281798346,3
36.80841127443534,32.102619134282264,26.762517977242055,0.511029457579431,8.177924019560113,525.7150374930769,79.89240350589398,0
85.48161709671376,20.272826124790416,24.697463223793246,1.229668311965472,9.148121025805498,749.5381038178499,18.31842271232813,3
82.64036120285886,33.901706324352574,24.398997741016593,0.9166288311229469,9.389314841241573,537.8566928190137,12.341642296208766,3
45.47649766290934,30.774196398032146,31.00121992325141,0.31268054732933154,7.488392974709477,470.5471936137059,62.6840681528118,0
69.59904276205074,34.00268467737733,27.369858873546836,1.1082198329665307,6.437276432192105,568.2635864486329,40.46579176253459,3
79.03333201207295,29.50249297039261,36.22830619971276,0.8084282143925965,6.274915144786357,673.0983163390015,6.921039059880617,3
63.31204869596774,24.17786684399026,36.867549608167806,0.9130228379565575,6.391675446743362,708.8174394230182,36.20126714114476,3
61.77903470136039,33.949079932920284,19.264009450162963,0.5569394920955226,8.334373230488012,449.71538822447553,77.40625487621132,0
44.5111374540271,22.684635197256036,18.405841288643142,0.9621386740729243,5.6617829124920025,599.9241760892244,61.90967131649266,3
35.586166068353954,23.64693287504945,30.76002315089999,1.4749838877017862,5.70544429213086,836.909611856313,36.915816275712686,3
83.83294547719962,29.913743106029585,22.530643701556986,0.38813362920691374,7.932571769532601,883.4190300774478,19.98867437182422,0
84.02508342979982,31.010377091931566,15.464267969127471,0.6407008795973168,8.068228586949626,359.0736638287682,63.54776645967255,0
67.98608743639608,33.79985922543561,37.21606673407388,0.5915971114329956,8.16105169728984,334.981815999339,88.86797479368917,1
50.34178746292204,21.481640953955562,20.672519181095208,0.5982591729014155,6.987522018354365,673.679943400054,64.98099908357547,0
50.95257447675965,31.56596659872681,38.23201629214523,0.7544476290784528,8.723779554856613,490.2787200764107,81.4774816103722,1
73.55734073221436,30.555282907748378,32.93586127195634,1.281731741693001,7.634498350906471,216.95563689269594,52.63125601688273,2
83.82661559715463,19.084507456311165,34.066337247787104,1.395430427957265,5.921862520037678,442.8033094530989,72.07913956736185,3
83.22518545590704,24.582793400573518,20.03653739482901,0.5426581049507679,8.68839722826938,764.7213204305765,89.72645060405688,1
76.79253275145743,22.807012770021675,20.854860640420323,0.9515399255377353,9.312271145081834,758.1988512682278,77.54471884760686,3
68.52189876925726,23.176337214018517,28.031693845601644,1.0642787665985762,5.740145252009435,546.2796041716074,91.07554138641642,3
35.048397899702934,34.710096952429915,19.302496316246554,0.9261929692366138,7.065405354802319,530.8045544212747,43.68282060948992,0
39.69772284567682,28.927216029158775,22.635792317075808,0.8208916730363034,7.450064179338991,605.6552097040642,90.5178052575786,1
83.91325131162475,30.20049468248949,23.036561948695113,0.5303706070310854,6.085883040313268,353.5776973945032,62.53515621368905,3
66.3857435795754,34.60249983435516,18.990748331319104,0.8858632310390862,8.970835791131508,568.2305374236688,87.13482784208767,1
30.55182309699778,24.412430301779857,20.12957083487902,0.7814577932535947,6.636598579560176,207.73245203965388,4.898276513345705,2
36.08829257196193,31.6312828636977,34.71379605020641,1.2546760350027235,8.63203415975264,532.8916883481936,66.12738580944007,0
69.81010614648335,25.387026376176422,19.17989636368171,1.216325230995594,8.183977928113265,435.2357323754148,84.94953280891197,1
30.30369503077312,32.782072420854654,15.711434796098063,0.46079841744680483,7.892183289868093,672.4087241325617,18.246001330676776,0
39.64848308504992,21.071178202292153,30.73387356572346,0.40622286307568106,6.268571394786218,646.8475089068393,66.51690641302739,3
62.924027361995165,34.11066501009275,39.399577984811245,1.3897847318730037,6.382814082203623,466.58511612796633,82.67051670744651,3
71.5137118615616,21.719119042984953,23.280345365578036,0.9426100667573971,5.689393618986277,205.09108703501408,29.50698759363107,3
69.11767557015602,23.545748618675837,17.96639257990631,1.3293611247391088,6.462849719129066,376.5915405764723,41.11938646273281,3
43.45615856763359,30.855267979815267,29.259683134188272,0.3697813446796814,6.881774437842056,643.3434951324136,57.38225413142272,0
72.73075328085216,24.693837406611912,37.658855277391154,0.9318187398259563,8.832581215449702,250.66134011225319,52.397601199571646,2
44.23494524980801,28.339593405029593,34.60154449571197,0.9473118174914836,6.965570666859222,275.3496952834247,4.879749910676429,2
49.52398188955606,25.557749518180284,30.5628967103179,1.33284243905058,8.518487131062425,652.924517196961,10.76853771045593,0
74.78948430708145,30.620288930526293,22.876412415189986,0.417131997875649,7.25776912518195,729.0371806645046,10.94619135113177,0
68.97797394283288,21.881631290266384,28.547004331905498,0.5885346764110911,8.639473247975554,425.0847956088985,26.964522644418324,0
80.95340462965068,18.993785783026908,17.281121032606386,0.7878459766644157,9.405086401748159,542.7711458615934,25.340547167442473,3
69.4567735380206,23.098799757042126,31.97363560701675,1.3390097705039306,6.4593662322303205,861.997955488561,74.48001599489317,3
64.0985162001283,26.063247302763315,33.127400472441266,1.4266599780846805,8.949366447855505,861.8804935231786,57.70169421559831,0
35.62048606968555,20.856340887275536,39.125790572747974,1.4912695435123535,7.987296345223099,415.25194212440107,76.63363237987888,0
52.06294818356601,24.031553924158608,21.50993396862679,1.4510321837502258,8.769177046354619,766.9915125119632,7.9197096836761425,0
45.91214206090353,24.799711310990666,15.461410476075566,0.3071301070132253,8.10634360907122,615.7608369648012,49.03620950968846,0
44.63937860274501,18.97566134270065,28.640211610678765,0.35725000974464644,7.195798029096601,882.839145345266,33.053782347261674,0
88.38063328514673,27.916223219131478,32.66976260992036,0.4771281829891064,6.412299757767162,534.3294987977675,85.14399176481889,3
53.58586348000563,33.03383827551189,34.7601868970747,0.7186345161243277,5.7801409013246605,742.294807610893,71.07112653408042,3
83.5227933106268,20.57962952020189,19.843473325620266,1.2959016371843504,7.6420734578428675,737.6959907304097,87.05658861185283,1
67.86831755983577,28.16273622782574,21.54382172592559,1.3711874344025765,9.461304378107462,548.2030073431533,5.596285118199946,3
77.6886782124989,29.30056648348439,27.814773131682408,0.5242012875534996,8.452167220056825,756.9410800081155,72.36152546709344,0
60.15822558631153,25.1286895671279,23.265020249250046,1.0435969819436504,6.809382165596066,382.7282333148976,54.46082686379822,0
64.61423307758155,29.91865898519259,36.51278716468613,1.4008343820783318,8.80881920034694,285.5771254031602,82.67500287254101,2
59.55106162913184,24.982436239347205,26.84400384346801,0.8564780831175849,8.575936000705626,497.6146212587214,51.20889850165628,0
41.71457926788267,26.57883389561639,34.989466102550075,0.4242522863433407,6.626543173413827,860.5414596435093,54.48069871228899,0
73.34712691569032,18.12500175742526,29.515494012058845,0.8493763801015499,5.557229959176938,550.5212257417702,6.124970713264447,3
46.846341746451344,29.759241940289712,34.327253540427805,0.7509538827456687,5.972650554135798,644.6813970528489,67.1837636385607,3
31.45895798588723,29.242825542060316,23.316824663258096,0.9931895952792082,9.00922476124823,636.9137191355128,28.040847684899955,3
68.72833775443007,18.652814914547857,35.78541554825778,0.8263904212885242,8.846252141219487,292.8010070886713,2.9496982957032283,2
40.62664076442294,24.260251825717262,21.86430788877554,0.3208151122244615,6.68083600351345,473.2078176640472,7.577279088096974,0
86.42751506117486,34.64354129345834,28.65247020008227,1.4927972800964053,6.640781705137682,694.8572810453123,95.77127528763654,1
87.23571462015525,25.152521563666486,20.350177829346855,0.9522482852766851,8.671459948409884,880.3930690065084,35.26165166840485,0
84.89186341322691,26.53307188724131,26.888163040654835,0.8683569065815313,9.250949879581688,317.6124168079183,86.93948723349473,3
52.20952201532666,33.46881268871522,22.95438023771758,1.4455408458048649,8.6165490271904,487.30932323738136,96.00804617285633,1
30.927396991732046,30.193451889717856,21.667585765930355,0.4870324411044925,7.9223147081230465,266.56565986191055,94.38345169489496,2
85.69911375526353,27.8951922291118,39.17462545070094,0.5270851230542979,6.470685401327218,369.66352175447923,88.29079882924259,3
55.69104889903886,31.562679582798232,19.001852637168266,1.26961769887534,7.602991656381043,463.7315403283052,89.58954733366879,1
87.99928914262017,32.694226529751546,34.68314593643488,0.6129972960300105,6.434047434373058,578.4502735666454,29.6117963897542,3
87.81719862535516,25.767097219533536,39.60412398708037,1.2590725275498322,8.732045680387095,361.39681756735666,15.99551913577547,0
81.1805673280416,26.076842203841203,15.497537093501945,0.6258401794902031,7.047844318070949,359.29386282508005,64.28699364670445,0
47.66693352417514,24.562865906081207,32.47568535105238,0.33982515627000176,8.834788867976105,744.4809853981427,49.32245359501356,0
53.105863716115515,34.43400438031383,21.32279513890718,0.920417668664059,7.026436871930901,873.8491640628168,10.775925150821934,0
81.06820029101141,29.851826322935956,16.012195608207612,0.5360237209522336,8.796597620799565,426.52907742601934,68.07659028621867,0
49.01532030937666,19.41479212553723,25.072239473915772,1.2094155515189653,6.833271260660968,681.5944130449761,56.72314074099256,0
40.16956480116555,32.670313596321314,38.380445254271876,1.0694395598785778,7.260530818470679,380.6563229505445,86.44367268023348,1
63.40807574750101,26.16951899421656,15.294127359174942,1.4083232015735014,7.96195367737063,849.5665784759424,61.309195773151465,0
86.16928644964686,19.168816409182288,29.697142298244543,1.2395860287188831,5.781150456119675,671.0316521157788,57.82067179245361,3
71.76178780049838,27.345193337776287,27.534911964883108,0.5169311458088722,9.292828247261857,761.873798246299,44.63442060993016,3
64.2036702053619,25.091792742586936,36.834604109276185,1.2601898839977557,7.794423144495212,234.54783023941536,46.81591991899816,2
35.83058962624611,32.921739882664625,17.10004286301564,1.070084453776828,7.531280058763209,618.9541777684373,95.4837414709325,1
66.90043360195018,21.467908261359586,32.038150747166256,1.1027419701127499,8.857575884479647,569.3286319508676,14.706154930623693,0
89.4032310062558,32.04989836136711,32.00274246083193,1.2987154631641784,8.96305091958731,405.0978348380724,45.175663039636525,0
38.405040914191446,27.480707750152696,31.72700042155708,0.9885888830267282,7.589041618116064,383.7009895401227,65.92689615875744,0
61.0997791418242,18.928375154628974,38.55836237337593,0.8592042172236154,9.209049303174549,606.0173616218788,43.86805391344956,3
82.64238431567733,34.52137012253324,35.57718822517201,1.0639692424304734,5.758951064305922,694.5399445050576,29.038347077035016,3
74.44611706525227,26.714459149754397,16.04931815608765,0.6575489147500309,5.95290316900487,223.2209299246323,29.44837970552263,3
71.82094445971609,22.9449065219369,26.77707126761283,0.5191165573045191,7.88715292005776,597.1811073465931,24.13194857951386,0
72.14904503922656,25.979916313817387,24.948826405033337,1.0399054056854957,6.916263447174335,319.32167026264005,35.04641685772587,0
51.56946907318531,32.583582319797316,22.753680527270053,0.5806180429025731,7.356900664756795,298.2539119702704,87.29580278277314,2
47.6155106558696,23.18335311454608,26.283418128852432,0.39589813121592804,6.812316871588666,636.1836416662792,51.017230481976526,0
78.56166932871082,21.275498740273907,24.604854623149436,0.3006650215023047,7.1189012457797425,417.6090820522311,24.783634079704026,0
78.60680368075084,20.194211197824984,25.808347496966633,1.0299832816800805,8.790585388585198,508.6161631944048,39.06814498562671,0
82.02433911480622,23.06360977263359,39.48154664021607,0.7345785401762841,7.873904799417218,451.99916660784106,11.477210795778234,0
84.79443315338827,31.26081747968074,17.21582436873952,1.2027731648081472,9.489378197133993,653.8354241067666,90.49953823413506,3
60.68054393165627,26.01764820831945,38.055771745968244,0.7502116779757229,8.647516791283852,529.0838362465282,41.41158537705177,0
60.090977681231976,21.86718726279018,27.005917836775666,0.8832041378858719,6.594665016407307,874.4210634265633,98.05872925471449,1
77.89771073800651,20.825144993365736,30.593556137488527,0.7885019673784619,6.557380470906785,446.6679313745257,35.4063385529894,0
68.99783584666591,23.656401100676444,35.75457416544235,1.0806897493312153,6.843593080468029,718.1990381839846,83.79924867548499,1
72.11801263546221,33.97871433905705,24.011575728731387,0.7273669944179618,8.87303792259097,380.1047973081312,26.382146015853866,0
77.74756016616607,23.831454114030414,25.760547702199172,1.4565211799307707,5.609150602602263,556.1271648383029,8.53913644438262,3
83.40032050905398,34.7981092912288,25.237962006967848,1.423376383918236,6.42072511548503,586.7988263313699,4.141602805706269,3
50.27970941109215,26.248917748011053,24.368275563393997,1.3176334831887375,9.119673681377067,430.3764967439125,61.01067423783357,3
52.53497715839664,21.045786610932566,38.13823304117237,1.4043603246872978,8.059585744333008,530.2463702388404,31.84579349568535,0
35.63891639045214,33.14938156048966,35.7232472798253,0.8389676261512691,6.407388382004226,395.4950465289445,44.90846816710701,3
64.69680845977044,25.826041343292058,17.724999746574404,0.9437164761473904,6.376579872930321,204.2005471717874,82.04605652447874,3
32.156536427804525,30.064412839576917,17.7030838119274,1.1905111110698934,8.950472407037722,350.95381114651514,25.562700483785413,0
57.93588108794761,34.72309691455558,25.69673787132478,1.1353751099262492,9.075030033108186,690.0449207452405,31.556595196756412,3
62.5586780824546,18.85298095543956,17.466434418320226,1.368814314726565,6.524524363848461,739.6741171397639,84.68828232080806,1
47.192475127697065,19.64380751638864,30.47732738177799,1.1595972327080344,7.182041432306129,396.1420069972439,49.78346506100691,0
65.44999563414065,30.247764604866855,18.592290181543348,1.4974616498741526,8.838382954513268,485.6300991726504,82.93885153819627,1
31.830014996342967,22.791025056023024,28.059331599170026,0.7182069597979093,8.584029754439541,226.15596209702775,38.07312434316532,2
32.24089132495286,21.133123748151682,15.180498675092943,1.2995972906873015,8.755664426264339,365.94403076837636,40.438628101883744,0
79.3560336395795,18.6691519569354,22.91490871031617,1.137161787399197,7.573592763151876,745.4534983606094,17.54669781604737,0
51.61143848467577,18.371394103765432,31.929768091816385,1.1296637342580222,9.146196193220693,624.1903891855401,91.71823950590166,3
37.623630759113084,31.166255253036447,27.10097350569621,0.6910027138139987,6.803806175817741,344.03936536806,89.78158570724834,1
61.334595603288264,20.28536826528235,39.4567371499747,1.242722150907627,6.126688537390072,380.2093965857025,98.43748444191257,3
76.19961318591665,25.951250471509567,36.852594901655266,1.380451226817119,8.33492933025946,771.7614160926921,40.84226558980144,0
42.949261649810595,28.300245858051213,23.97676947607878,0.5622581538246756,7.6574176640275855,346.3589420614306,82.04287923410557,1
67.37342854914002,25.281980609670384,16.137163536806867,1.050596204540045,8.918343075237924,433.9104080929918,42.08041943553974,0
35.12084789962608,18.460813089715963,36.14065750287547,0.7705617949233302,5.82463699649886,665.0510841582511,45.975580103176306,3
33.10090327011646,31.31952554399445,37.780857757866784,1.4874577431538525,8.874769613752267,592.778669995655,83.16993996588764,1
61.88127789408888,18.17872481720811,35.51568483547592,0.8745993789980178,6.673178612835288,522.60914366367,18.559310317753575,0
62.43810729660639,30.952128204417228,18.198748522994123,0.5739842085563311,8.119422668672732,829.8187636858211,22.81078251171348,0
68.2457940898924,33.18617639439809,39.94787836030719,0.7582291502661991,5.660515156313023,353.7973239005362,32.15809579918569,3
73.5654800233597,25.35827865797193,21.464605538819345,1.0846060677799514,7.938325185214403,718.9939236040999,79.02972421750569,0
88.55112476775207,27.10422204266257,33.10512282020925,0.3913072456194915,8.369086756749343,311.34468843272833,37.89250338744019,0
60.97802089807172,26.108717674500113,37.70087190839304,1.024322304265485,6.975000858022481,631.0136834375016,36.458652619795394,0
49.377388376474755,24.61654651659846,20.892177858267736,1.4174697110146777,6.3616428210485605,809.4364943879192,99.88281818026894,3
77.71117168612221,33.08621710129613,37.706463866926654,1.3204353451894206,7.65052270641418,520.5312498346965,38.99680816684847,0
46.24993507572445,33.19686968138984,22.737039479871676,0.38120824398958003,8.832763217742587,707.0061550339303,25.529283095243112,0
56.338285242338166,23.708878198906085,39.410330559601405,1.4920678544868817,6.794189433186603,774.2753470992917,62.69815414189339,0
34.70738288053596,28.456185818249864,22.031500509511865,1.1384723084446549,6.509877190085119,295.2184974143219,80.38611524354508,2
31.52104460492745,33.75742855647969,38.835895618945884,0.4947369891768284,6.61574123455075,694.0788266974771,7.891175538592767,0
87.7589048806755,34.35499448200298,16.338616272316873,0.3148993070033082,9.296528611666657,843.8887167920734,62.270330882709025,3
80.15880723073235,26.652303687174808,32.73180029174533,0.5055391635505816,6.937107663058239,603.459426898881,4.53781013214225,0
71.75845236562188,25.698021689833556,28.30277834592509,1.3058111048228862,5.514416959553149,330.28557117012923,53.106902746972274,3
54.53717666485619,22.73780337078494,26.946926928068265,0.3259671899341965,8.626724831838478,288.8597721122601,26.44216481202311,2
40.39765920425074,34.30082184423697,20.587357856396,0.5797767643417038,8.297099181341562,381.8147313267235,31.357528069645387,0
39.38622256026516,20.427843176038746,32.6398947444123,1.2087667144018504,6.0142730584118755,272.4592883116778,47.24250043425588,3
45.01457388987572,27.857102792811325,19.770237286157677,1.003332643077762,9.43961699653965,559.3758501095333,92.78363861381311,3
62.95359988236723,22.80335454781686,28.821044899619206,1.2392828524322301,7.932249141220445,248.7932778947142,71.35606335219977,2
72.87575536200373,22.743140935912542,21.331134076006272,1.1953806045921456,7.503117963762406,356.3832372453585,93.74771403216513,1
69.61184260306388,24.884465985395202,38.8905344945339,0.36072166454616567,7.028877070491564,507.93731073855,66.33712945130908,0
46.79603381675657,34.979479908866125,15.715779845891321,1.3710137029129819,9.094691022254551,531.740325281415,1.7036669616981066,3
87.29191683979164,18.934427216276976,19.993207002780913,0.5724382011387223,6.475853925674253,595.7789396028751,27.292934537420084,3
74.2738150017461,27.835210909460034,21.05776515968619,0.9640709282757165,6.643075600879607,693.9304739255085,90.67148519431701,1
63.26124315068404,19.40372668659971,25.35169564419541,1.0731457878333346,5.989643226746267,233.06004776582728,64.70110657580673,3
66.70324477406113,20.626854109838824,20.818256046751337,0.5023538530621144,8.53647638233704,256.4346665230483,98.18307642045721,2
55.176003745667394,25.47257001013928,27.28372725671963,1.4714775080411693,7.882197121623413,242.60140626334652,16.440437902611265,2
44.86385937006945,26.677822232889504,36.81163808146347,0.8857871473047707,7.936264677017993,496.2052208254372,30.378035477545424,0
51.35836071907569,22.399470942196906,32.801585535229265,0.3691712347168721,6.3738817240778545,229.29356141805403,36.8743982921866,3
75.47076662786215,23.379771224865074,29.499049513377777,1.4247144537334084,8.104673556508335,722.2568867819284,33.32922399856375,0
30.863609317785354,19.47843934435086,17.22507944956699,1.0035214118319216,8.561833788987457,356.1001267269345,25.947161484838183,0
36.964358430414975,23.15473632535226,32.34980270973189,1.1390318375776516,6.931554122902757,857.4487453029711,44.903105859921006,0
32.760158521305165,34.431493469469245,19.160357107773496,0.930210947921069,8.705388575846849,540.482628567978,64.58751421356774,0
32.44372813913821,34.06002548843219,34.659184649042444,1.301685545732361,6.895162354128084,512.4280267095412,31.81443536578291,0
81.32763504066043,23.692930932328746,21.25141896275383,0.33976015463185305,8.53255384603715,746.3770848476502,8.890292408111312,0
72.21947156280143,27.704516916738946,25.426218208022522,0.6220540383325772,5.634920429830876,699.2077887250938,71.14472016242317,3
58.45042974523951,33.46312164888605,23.7617550579482,0.8635780276832306,7.704658405894611,625.1163286637,46.442639022345595,0
35.870049639060085,18.105124984895244,36.47034786687142,0.391924339576452,9.378106242559547,854.602694375259,56.09174830291626,3
59.49695250700994,31.78162069573906,18.163611467835203,1.14708800319199,9.424978402729563,495.5814826909539,46.084665059227596,3
58.408306246833945,34.122282397411624,29.141122059619715,0.7723960968667689,6.627010313366963,765.9721730406005,89.14539284203612,1
40.39211219460091,19.55253748367047,18.551540236076555,0.6272015883217728,7.265596364321421,466.065062022073,56.31575471947163,0
56.03109895427838,20.74461066255966,32.619895903304666,0.3040546161700947,5.751911631946532,786.8419720072734,92.40440714532322,3
53.91028406384241,34.33268714711304,37.626953194862025,1.1637963740999444,8.993365230418398,381.63224027617804,51.546958814044025,0
66.95100588313298,27.13818244188589,25.865191346681335,1.300571170647434,7.774288612560857,402.48695098522273,29.966228061787902,0
68.10561905205863,18.241342786019302,27.202306506624396,0.7740486428177982,7.0404027157620686,674.5086738122178,36.18881613044346,0
32.71824058632267,22.379743978979995,38.18557091206905,0.9770615724400387,5.951082233956612,348.8993064662575,52.69080006489377,3
52.47675687758827,25.649042462570613,28.024784716233928,0.5732239511155182,9.287069141987557,360.4079309178002,53.46895434269585,3
67.55159494285418,29.77945148742105,27.189960951239023,1.0466371755361596,7.620876191283974,413.68370031219035,69.04643245334593,0
60.188175514805266,30.463726428325593,29.458227567607604,0.31456494997824064,6.6317117163316155,675.2501387622631,23.224992346476448,0
81.38939047129934,34.92216571973275,32.230743409073796,0.88637267651851,6.900860520526038,822.5716646962624,66.22544709658467,0
69.52161789713671,22.887690389523904,17.672084377175786,1.0730465782088308,6.582788723688591,672.1973557888907,78.08021282969447,0
39.77606562488578,27.14974173176408,35.5277631935379,1.4018301278756808,7.907239235427923,779.4699710408877,67.98260695723202,0
34.23412484402579,27.066500313613286,25.887625686331482,0.757602980546741,9.21985430312204,580.4924127861289,48.70098287194149,3
68.54515669237894,24.895969410603037,16.808712747437138,1.2182282435772358,8.926775213306257,248.2462549416017,99.17638446056657,2
31.59067863249731,20.875752195321144,34.65456672995533,1.017224435932201,7.34152350170391,270.32634805595046,41.076502753792404,2
65.1465348764078,34.61676157412532,24.423749292156803,1.4124145355100968,8.805997449204032,588.0743848568409,11.552470843403093,0
86.41381448549745,32.50639217333196,17.50918737737635,0.7780532107913167,7.19242192510532,429.46067804947677,82.32891732532696,1
64.52845067255274,26.47166148100203,30.844475988581266,0.6829144078475855,6.5092285630345526,354.39765154585984,22.007920669161404,0
53.29019557239131,28.255172185628506,37.003283835841046,1.3645703984329725,9.433660461065712,526.3798491118346,71.61527171734177,3
68.59729310654119,21.86343791051426,37.19383773534966,0.3590932816899469,6.715550271883288,666.5477186330111,18.718651988797465,0
57.495173429491,27.244380196659698,38.94158687022433,0.4636624715204122,6.794896923947634,469.4943634151009,2.6708616949359985,0
62.7370073589561,29.81449226306509,36.6926364941672,0.3988853215008533,9.45877147114609,761.7795800101392,16.82006177511354,3
86.48788852659152,26.75783948257201,15.053522983636881,1.3117319478916831,6.0357099726626195,716.9662725999756,38.32188096100637,3
53.16615826804646,34.834847899944,24.506029160334755,0.31272890804438325,8.54213595203878,714.4404175116968,11.55520646585003,0
87.67143382943485,28.392808156211345,35.46356449763758,1.3339885865964578,9.243251033930907,889.6327827741719,20.57022933933252,3
84.32103851736383,24.306553114066872,24.156325149961855,0.8415213544455202,7.547179977101674,406.6609841601444,76.6980014907549,0
41.74746808735779,31.12658446946925,30.038712659492653,0.3048303346247649,5.510087046811281,651.3079104386265,77.21847718973595,3
34.16167805250993,20.897862696887916,30.1579236843633,0.7819742126544502,7.000235776452425,798.8348381122195,81.9313344919067,1
36.0466800826456,24.53676883300653,24.125632600970576,0.5241610092540427,5.946275969539308,605.6671037397377,84.27436841821165,3
31.093309539092985,23.898302156418957,37.61184818203219,1.0492805849665956,7.1647506437347825,752.6515232807749,42.623153566761786,0
35.6665776453557,25.340720616832215,27.58070863465294,1.1152305479059759,8.660107046569138,490.1165300879386,86.88741640865932,1
70.98040640498141,31.290257040788347,26.619605148437522,0.8850330844859997,7.254846195535202,613.3439419583633,53.067750626390264,0
34.27131890761374,26.230941546777927,39.937843641547396,0.348623430527604,7.22770048538369,238.96647496302978,47.589114576664805,2
49.138537817625675,31.498245654521366,27.337509101815417,1.0873545652406422,7.7271579076753865,890.0373240773694,72.13509657058181,0
80.69251865816727,27.800311353377722,19.459956298214525,1.3104465403266254,7.82676233899072,760.012937013892,22.168022724630813,0
31.39631614414955,23.81518038917844,27.82673557158595,1.1643891327916818,8.925185235195885,808.1663501420146,79.16024030591973,0
78.86810895533614,31.769638642619032,35.350418387998246,1.2959495027463823,6.733421756915806,686.0059947000623,43.51711683005412,0
46.911286486403995,22.050924399402557,34.42150817245704,0.540611428261065,8.786685057472063,330.2350229660897,13.602245986372283,0
37.08988965729937,21.814510656596525,34.714544127711775,1.366665527587779,7.763734994768189,221.7199096926226,12.81187943817979,2
71.80422992184904,26.57654970893221,32.70059459994779,0.6866321407775553,6.702118198868588,805.2596254152095,17.32576764082331,0
67.73657080679304,22.434437181355513,21.355445726667206,0.3160857771023892,6.680504176024309,477.43145761528615,89.16670069013445,1
82.64832081162318,18.154479594170677,36.55210214600579,1.3120699755948848,6.944550068422898,384.70541322794395,99.1028444036457,1
74.10426262823314,29.021057964079624,37.33608663440663,1.430185522757672,7.990772970479902,593.1710711872611,36.340406120927064,0
78.20885582309091,26.688594965030767,19.853817415463727,1.0866698369008185,6.423246925439797,494.62896573300355,29.92224136832446,3
46.922074354278394,25.573802846383742,18.261390913784847,0.5777239565561096,9.181334246689069,656.1661969812899,22.658326286839394,3
40.64637262678337,34.438464748511365,39.390124214727805,0.6020933571390364,7.7996503367116015,538.6552631381595,82.5578312395573,1
75.0368850984515,27.71038612736953,36.7080990912592,0.8599114481227434,9.180063107984028,688.0631983081894,21.711540759468733,3
78.41008435603584,32.67833682241954,37.33090368024867,1.3773972955217033,5.685617434316619,797.3962886564001,92.4849228630967,3
89.4303085200404,20.370654015487723,37.159409615609874,0.47951718737707005,6.870445481845893,336.8899076690523,67.06768751815699,0
54.757060614685585,27.67650987320027,28.542170600843207,1.2911684035001842,5.591230642750492,430.60301639584077,89.81565137525027,3
52.32108514756699,32.75565365442535,31.160043416644992,0.6495633704461804,6.589007260391879,505.77091059944723,55.84697558502048,0
76.58477764451982,27.912797873758265,28.63407130334104,1.2703034033149174,8.948025889074353,873.4409136193467,69.37730635606718,0
50.448212415181075,30.206241028159027,16.280158729758227,1.4043254371218463,5.646438863368804,455.7335294832397,62.32635196511306,3
85.84543953621389,24.324740652807527,33.63757713381932,0.8129926463931842,7.244588399662979,466.7698947148407,83.28835017605589,1
81.5047651105807,19.57164178963013,27.63330083339701,0.738060784926637,5.970268281892912,657.4307660716928,83.75022030740223,3
55.7396416425011,25.784305017160214,31.192726869755745,1.2626655827655622,7.167362637041471,493.4397969229645,59.389506984667385,0
75.05226406748984,24.706149644260577,27.56599512438838,0.9353794588552728,8.85540633705751,865.8566219477236,63.61825728364746,0
75.27257244508094,32.7400231004421,27.2952830580614,1.1213388581558366,7.9922841336100765,826.1281323328108,92.26571612928517,1
36.187432130155955,22.147920139992028,19.29472773694417,1.0473950843534154,8.447025381325693,559.386144442971,93.05678191253197,1
84.15317440077399,34.43448186809684,21.967842878528725,0.4834666147737556,6.896416461798324,651.3426637634949,66.76072860562299,0
60.315142346871426,34.28834803667644,18.971317298598894,1.313748432347474,9.277590780040565,240.6213933185344,1.7676735391431908,3
79.5874479664645,22.20973793221446,19.89165739063356,0.5349301336957635,8.337048375118,687.0113696226787,11.336710260640158,0
49.20297606183671,23.916883243114448,39.32443451050762,1.4187385728849369,7.187195277138123,695.0406110643225,85.9363106456672,1
83.73139370977202,33.224447594856045,18.82783614430496,0.6006855497065774,7.20585920090822,451.4395069502457,9.38669752070935,0
53.35210072404979,34.43257775523382,21.731760607630193,1.1806571679284903,9.17473671177319,353.77801853769085,22.13839890465157,3
30.6502590888179,25.53846474821275,29.764741443464622,0.6415864721923104,7.805618773741568,840.5548812719117,23.82412134194353,0
84.32291858515582,23.45694977589526,30.254464405916046,0.6813424903042367,8.325516839612167,498.6934305635894,60.42324220821058,0
35.477200607168015,26.943598225276215,18.849353243595726,0.6720022233387664,7.168140898052683,657.5942733611975,58.08664699049265,0
49.15881825542489,29.69207650821749,34.84293564463031,1.1974707048312998,6.394771059058856,223.33015648337917,29.65233481861963,3
87.0037180230483,22.649066761374655,34.630071697820625,0.9681781415632718,8.394237167977675,489.8470166037854,21.553525191275842,0
87.03642881625336,30.520043968524238,20.932942605097278,1.3595429470169966,7.931295088565552,772.0811677097159,76.6886709558901,0
64.40627328739717,18.8781750709489,22.21665756688651,0.6688472630448539,7.505371521699118,471.30320028050056,93.61015940499163,1
67.91023273018796,18.83800637699508,38.449696636487424,1.1303910264680932,7.996083759977855,622.2128120958138,6.227762311727431,0
56.90673131869919,24.566890987474267,35.64178614948695,1.2035383195957328,6.333142344256935,346.8990603391776,14.18486580778142,3
47.592646301883875,24.00904426503225,32.44492582656309,0.4817785356359498,8.675754826127825,491.56795418769167,64.57423488186504,0
49.71987272219496,23.365764661241588,17.05583053776501,0.7807072287837733,9.292651220081224,849.3464026372307,80.63970371547114,3
70.35110736462231,26.34733596537147,25.456602022564393,0.8793809932204932,9.064412576670811,596.516224790726,79.32767820886356,3
75.1424717662608,23.45247089929671,28.982546801920677,0.7268248678732492,6.7857429812280685,831.352021365052,72.24863215518624,0
77.4947426235509,21.26838461395756,19.685282199594425,0.6865351151629657,7.1240230931283035,831.4135096426803,88.8553674953111,1
77.37708856767324,23.260982334506217,26.205664552705613,1.1237038727971702,8.733609199190244,860.9034602971357,22.51753907751047,0
35.47236618292142,34.57337263777399,30.02564693721725,0.5590396771913863,7.880468523298415,826.7741620560737,11.621803702702767,0
59.66521828215489,24.988928088912427,23.18441700288498,1.1512688943013545,7.691657774706597,202.29679030721044,61.92093403904546,2
33.45352560099866,25.56011720659171,34.52362047376218,1.4220530356688768,9.206567870133782,853.8104241071178,82.40531326081981,3
62.97173293942413,27.80126482916938,36.01123954097014,0.9782370254133013,7.644099843908203,296.2216073597635,58.62231426957675,2
56.49183008240262,34.71679306304185,23.090236735851768,1.0337210840873687,7.5597547183492395,227.94837577780538,96.33675125843172,2
83.26225096549798,22.107221699407972,35.96642886231143,0.3827192425489069,5.668074365065438,238.77197420463696,79.76088167778715,3
51.05490075312472,29.581795879051377,17.589414152575376,1.337372284341394,5.7776678343605505,444.2413366235035,70.37838829001683,3
37.02402098565635,30.17173979020931,35.94322746556641,0.6425373446398386,5.5296812315226,634.5628596881555,6.9654717963016255,3
38.57950092317015,28.32451508548212,18.818760791690416,1.0380613986342777,9.152976903134535,481.6178375632982,11.666481634436527,3
75.69063790304833,19.505831773822948,17.07317881274315,1.4749346036937627,7.1335466400708025,217.88799925456564,78.69892562652824,2
67.09308379897567,29.5068286890688,31.04438511102528,1.0146031206873694,7.374245504533651,533.5378439223002,20.625554632125905,0
36.067360567367416,19.089610087614982,26.79843414388236,1.169651384957253,8.881547790369847,509.49151958926603,3.854682431820065,0
35.04640836689985,28.134425042348248,37.69726501032082,0.8343835418685022,7.936985241503112,729.7944858511528,91.16530788894953,1
72.0581478875472,30.572880012769623,24.079729902271232,0.3724390122180688,7.938006385562325,395.72902889780687,89.18973199642218,1
34.365780381851614,21.586488140539156,22.178806585940716,1.257119219387746,6.68613771741925,352.271821656057,22.62989889591769,0
79.31160355742136,32.30757412822716,27.51837265360496,0.3419986095167828,8.835633495698076,379.15727037363837,78.24041954922251,0
72.37453362938977,18.516014694061074,26.398654644216535,1.1407893946654248,6.163319904157975,412.6178758408936,5.7499864599538535,3
34.880926838513986,32.3448186821912,23.61070115542971,0.3275058877795643,5.712598368691792,619.4154113570166,29.220742378503044,3
35.09026284511152,25.825593860927007,32.34353246745822,1.3347662838920047,6.266413430074129,530.067839816456,62.74302391740586,3
89.19837471007052,21.698994978837955,33.989045847847706,0.4891632429995767,6.570948875098258,435.8261956253406,76.55472061968017,0
52.45624774536722,20.274228464897455,36.32459922575342,0.9171257945310614,6.629244231416827,462.01991079857487,2.0295196900307677,0
52.23852882401346,34.206221848900334,39.321415117758576,1.0165808453797767,8.18205439447507,459.6465621112833,33.294652714100664,0
78.76797403545015,19.235314988879665,21.666404803312613,0.8490544888480944,6.371298349314574,880.6846862972221,22.220210446303724,3
86.83491464303152,21.384588138910736,32.90233706224904,0.7089161872186647,8.206633217979938,363.0978916370668,99.87926016912364,1
89.16006382937226,23.91297990636178,24.85645588739363,0.8613771554171661,5.864528692935199,772.643092190581,67.42724100613827,3
75.2026911155365,28.543992432339046,31.927049298777703,0.6736989046573905,6.088809844391636,695.7475863117309,41.16147383509464,3
52.57557513185495,27.26161844969367,26.899542258730506,0.8257468164970359,7.53528579396398,203.8990039224854,8.489607596087817,2
35.010043001920124,20.135939371009336,39.84432756919829,0.7306955891976368,9.18758321030657,895.2233526878416,60.26835549318942,3
76.6288149556462,22.92537572354965,33.22255339476875,0.9794457882085743,8.938270355244455,729.5075594435015,64.52844562267036,0
63.504254984148304,22.058780108462408,38.81228251085811,0.5855089946939802,9.375013769771213,677.7147104455539,81.82418682281038,3
55.453320554818575,21.630228526335802,35.87423873702964,1.486387865896815,8.101916261112684,483.72729537364614,29.56910843901699,0
84.38126310568416,24.98945372015978,37.572525279084275,0.9010439440585987,8.203259465664368,588.6421622400028,98.16137996752954,1
36.67184893836908,29.968534694058167,35.36047993036688,0.5329944928974115,8.000091995725969,377.28962696722914,44.507108192081,0
59.55750625745155,21.69669984769301,26.478978259397785,0.8724800994807269,7.991275691432789,224.83838360198823,30.29843171128987,2
30.681218686045145,24.233540954950683,21.29471133367211,1.339698155429789,6.088481380270339,785.215160912181,35.496484066144326,3
58.11963851964758,24.645596256299758,24.258004386263053,0.3261681517492747,7.674955824655715,827.5391455768201,52.43901924374526,0
33.37819654091024,34.59976100040197,15.50590581599876,1.1154649429287464,7.044271733806903,313.7294456299679,93.7334548862056,1
37.12907497608431,34.22932806694417,28.09982918661668,0.9575613561527136,7.270148863109174,750.9392670920131,73.78072099402065,0
37.05157480662629,31.602338906785292,27.626445006760218,0.5034695932441626,7.59440229223695,718.8068712999611,58.13385529691445,0
68.95261812696381,22.108201653926148,28.131261620762203,1.2809717271659047,6.013584687209006,324.8625013552633,17.118228410006317,3
74.7626927559254,19.156634339558384,39.35078062430159,0.7426615468488067,6.937950935408479,495.2801618023557,15.785977778196296,0
65.00212590582959,23.387370341250623,37.78635008637099,0.652562434578609,5.753798243506415,495.93054458387235,50.717494467542835,3
87.73035290847253,22.535507340375126,19.0428194582527,1.2937502302282813,9.418672521689597,731.9749808136739,73.14216175556327,3
52.49223477142225,26.600738602488697,24.22206303889723,1.0662300554299975,5.974112115280505,786.3626340432388,75.35020510275591,3
47.14272517691164,31.22137447115248,25.598904486581546,1.3779109004097894,6.534098954179818,266.3425849739597,23.36552400374958,2
82.11594769136761,32.591489960940585,24.013322946291193,1.0558604444054391,9.065171706813588,594.078464432942,10.909851771878074,3
43.41575031116716,32.362689451978646,34.962399090097826,1.1889811895185383,7.430840184956567,733.2239478502197,39.06163793612516,0
87.79335236643668,24.11448454079215,28.10094174668967,1.3037350755115353,6.042548806082522,750.333415845611,91.89908178116335,3
30.72926848138898,29.68298383883161,29.302495424290626,0.3656875630919243,7.036922152157396,303.59546710128626,54.99135801426884,0
88.19272960245834,23.31818135791174,36.32533897469814,1.2312587506432564,5.963471976765543,567.853600205556,32.68987691634565,3
32.589594717034565,19.035394234998105,35.14820383538397,1.036447778219492,6.300863988338007,800.291094453892,33.04012916557304,3
83.46858682188426,29.92660951525002,18.305288070507494,0.3834093558182319,5.70811938779938,422.96300360969894,14.07661747699631,3
61.66206654517799,18.167068393686392,32.84786460209086,0.910293506242458,7.252909978196399,497.581829238258,47.84914987450964,0
89.57788776715802,24.956103986794304,25.885903222550887,0.3989496935807446,8.72654448690104,763.0509579354327,79.344905172969,0
34.42779388412393,23.599447578135287,22.366222576562514,1.1831366420678668,7.843876714799582,262.5236648286336,96.8873104612068,2
63.231257064079244,29.787418154820493,16.250470522554657,0.9558020566774597,7.925381221938447,801.6453029222847,50.657904995839566,0
88.15815213714595,31.02617303692644,27.181239008636275,1.4442882448947567,6.302336120332962,417.8097017115663,17.554276668426155,3
61.38587065020893,23.169608811511825,23.885917018113282,0.5197624458861239,6.875575373009466,201.015221613789,68.61208958048358,2
67.76391828811575,31.79765924556251,21.28782599191002,1.027240143024454,8.880968415363327,363.9114015394508,75.92234293178424,0
71.74492133907702,22.996584928583875,32.366793239923936,0.5538985614845896,5.851424737306058,262.65044862685454,8.098275192887119,3
57.27246388606639,25.58754811977154,34.237134682889675,1.036877981672878,8.931722614674134,264.6694348973709,85.16377383349166,2
67.6534848050438,30.35931495924028,21.11973797573562,1.1671796428330277,7.4347601050591425,684.985013899814,83.10291660958988,1
65.05885871538601,29.779643896821405,16.236185916983683,1.1667651951954463,8.848589725300469,349.78343494734537,47.781564349872674,0
84.06948062945935,34.7852640293074,36.218817514130876,1.278088788819132,6.772025677577601,854.3196540838877,56.48182934297097,0
32.72678282048747,21.827737411670842,15.248993530107583,1.32426027354998,6.855371806332084,561.5111826139128,71.627398307381,0
46.85779137553382,29.2594045301729,38.427812348036795,0.39272607152061245,8.50641947329257,522.068780568443,67.99806438122307,0
87.02468904459352,28.364592440688217,30.690496849567648,0.7119205884868849,8.63998469356888,503.9984627541062,2.6370618411276974,0
83.41582703345497,33.55667372633051,23.04616588003301,1.1245470244317668,6.418578711960587,684.8113477701422,13.121095081000092,3
57.33940516714277,20.658156407962878,21.161947739418405,0.8983035448694545,9.391485299287622,516.5839337665259,17.096465022343324,3
67.2079558680922,30.78056878097786,15.225141606611881,0.5288111361057497,5.837960416979316,290.02024935763427,75.81191301813779,3
46.64287097886796,27.660566476569063,20.886785425271928,0.9632514842000375,5.774011852408524,816.1205264485295,44.568272726345626,3
41.28726958342568,22.669319786394393,18.44320753792853,0.7889227833193726,7.882016861144411,499.8767442479611,55.004760012295684,0
57.82190429639893,26.065393540501958,30.30415551807864,0.7680459331851661,8.390963071086485,251.80320298965174,77.49605625265293,2
51.20113368156317,23.674202150186563,19.163639714845033,1.2717044609227965,9.343544516899895,570.5561912484327,34.75724463734499,3
65.01936671105233,27.848327847403837,28.21574593841548,0.7891180005986175,7.119783123195447,653.1428009189924,75.14013250455854,0
34.66407821789909,33.11301038384932,29.75291055861177,0.33174540657650897,5.601165635958532,392.907724910431,44.78762818832641,3
88.46368845996999,27.678184735007434,22.451042458672863,0.3696760066693095,7.911585357785627,760.2382853716896,38.34083858964645,0
89.17264466877617,28.73928111155193,15.876623725467967,1.3274928500299443,6.658784082395087,668.8430922261546,33.97068914141927,0
71.88970284118471,26.81871340095006,15.931347015354902,1.4527209720150256,7.2317884847816085,655.2388184851034,96.5295367337459,1
62.165781980647225,18.86981360957309,15.65868330484794,1.1260912037468491,7.453877928999741,494.57746700745594,77.42536766018891,0
48.571656977179664,21.958595466893602,33.478116678413656,0.7372419529200962,5.758050442952135,873.3407109879015,2.999398136579408,3
78.82770118241692,26.36402940034541,22.950242620357454,1.426320378953673,7.443927138256411,391.9324175644733,95.78413316530197,1
71.08387035323275,23.27399982365998,34.907504649191594,1.095363703650883,7.205278667217259,604.3938507108169,77.76852334294067,0
39.75701636069348,21.0899811619403,25.79332059607123,1.3132002590392051,8.350177061146372,416.3386102308323,15.7682967309713,0
84.65563106963054,26.57025831261345,26.324952520749093,1.2190227648444112,8.08266364484938,721.3633270800879,8.557474415720396,0
79.35223457539014,23.487766488613456,27.82206506273934,0.7549671789271108,6.240862872602245,233.454038709085,31.511215272285884,3
86.98799479751544,22.38782993394805,32.8257864093776,0.8744426410209425,6.324555672841588,232.12570751253446,62.793971405260116,3
73.5431705033016,25.887752096486473,21.837571645742678,0.5233585852417194,6.5040247150974935,767.6026786631539,62.038122225797274,0
66.80491175614739,20.265832387396944,18.039683738338173,0.6504169205288808,6.215801761188709,503.98771274456976,28.309162389772826,3
55.09458217743713,33.77167746228193,28.90143337978654,1.233750793543826,8.128852798673869,438.826038220249,45.12182288708436,0
85.9637090012408,32.750935664627065,23.17444058106848,1.37277407025973,9.477720716801082,625.2688035227369,21.977125415659813,3
81.9638333700245,30.0295499575891,26.062282841700934,1.1693525079016942,8.108433362063746,691.3295407082815,6.007289831507009,0
32.713120206371364,19.805635069003756,31.173667708432635,0.858208435987966,7.926726184765165,340.8409427910846,52.18007627526099,0
31.58201846983512,31.189913325984783,27.353143528531767,0.40381112272769704,7.13971173340429,329.8018689833121,35.35212229095177,0
52.58780201268297,31.735274577853325,30.506970427521072,0.3683375384381378,6.750321035439043,870.7055234319171,54.74536079749507,0
78.63319984690997,31.051998501143743,28.605000052840694,0.7491906775354246,9.144295027625917,612.7650144691986,94.70422492457472,3
89.23656775889667,19.9374200810271,33.494909298402476,0.8565860625211956,9.376007496568612,473.0815341059877,15.19366085783679,3
39.02501346621169,28.946435270152,32.6484154427905,1.0309447466559563,7.487104702350911,761.0091862686545,1.1942398127845775,0
65.6478429211281,32.18352152773978,28.354747295215482,0.30778742566439665,6.66080198202623,567.611271144542,8.610943114930393,0
52.85345139786129,27.81500782073435,31.972575521492672,1.4876674685595677,8.580488830679071,369.16396726220694,46.808121314061275,0
88.19486386887618,28.98892537887751,36.83899005681532,0.7367266600848514,6.029827163467514,344.7147139491017,70.98627095043003,3
80.52713538814251,25.792179150247204,25.806782194704216,1.3177135965613458,8.562352950574727,477.80148631887516,58.495596728401715,0
80.29972228266827,26.988024438028894,25.319076818719843,0.9419600467984852,8.775793497245354,801.9271021819158,49.994566130000955,0
58.12158958769822,18.584406591979327,34.1061405213095,0.4565273454400158,5.9996157785086695,243.01354123098125,36.04234997814883,3
54.88917014025991,28.862371373545837,29.56384592604985,1.2570786630414261,9.407445875186255,352.9682005283342,31.687442981618595,3
46.40442431584238,19.384602619149707,16.775169505564712,1.1517924899038512,9.442049161553914,825.206273196814,38.25233133539303,3
33.382529799055625,25.395248103783796,37.302800392277035,0.9329233019150736,9.246877917309405,285.21419827847535,61.55186044689806,3
81.8833425753032,22.97513666034593,15.769577555941003,0.917463709600536,7.484139237625057,640.7380027849179,17.607641630688086,0
78.77406054780465,27.272275153599125,33.70990890524358,0.40497552690111366,6.484296569107314,349.4579576847176,77.36484622240795,3
89.98306039716783,20.26807770389452,33.96985356760782,1.087018738288649,7.828037123527652,624.1067932583219,57.950070769217916,0
89.79821022443431,29.757937833546407,38.82777713204826,1.3934941869051598,7.179735353885743,468.17291679096246,27.646481383531334,0
63.32590233615765,31.515196127783994,16.353360210058018,0.41189390306563,6.323794578868789,271.1738275016943,50.61414331831709,3
76.13924491083063,20.77702564563366,29.921421519612274,0.6162137407786858,7.19470563847139,607.7325472878745,96.31509008083147,1
86.68594379294568,19.773322484981996,25.696014265676325,1.3827695681305185,8.155559342710362,678.1299229592103,3.028661385374209,0
80.97884344064468,20.473763207385105,23.26582387148855,0.641212691783752,5.783653243143965,676.190833276062,20.752741449221688,3
44.84088610459186,32.91116855227453,17.257964007476826,1.0847324066159116,6.8336720057840665,645.9240863508967,45.389643750424526,0
57.03264811860561,26.979217449858055,29.06635299178273,0.9417817979317729,5.5711795600513,550.1573466548821,64.20553245620297,3
37.7495649090897,25.943436932127543,26.97601814186534,1.0155931260046345,8.497982021846703,563.630831801528,22.010598362263035,0
87.24306163552333,19.81410092474002,17.613861453775606,0.7989466818927038,8.062765070466803,644.9480768655717,93.20899088924342,1
66.3704780670528,29.04245211486835,30.312237677427085,0.6599897646644532,5.7506885388078635,683.1815532226487,64.61462923003957,3
43.71856833020776,32.75599306221653,33.44882800632347,0.35824014087560274,9.358950238407871,658.4137171819696,87.86576294668662,3
70.30204106435141,32.0791597784987,34.18195752634121,1.193137127152997,5.590486228508403,610.8618954394162,33.60247509478153,3
67.08769442747375,28.64293005267362,37.634329706560685,1.195312154633072,7.859842585904355,309.08728936288287,83.06643949635632,1
51.48976308197043,19.27973818307845,25.23676854721943,1.1048708880944678,8.605469847196224,347.43157694500326,38.44370247304518,0
36.81345553197774,19.91074946199222,38.82681921555343,1.0723605457435446,8.651585252178892,382.15681472474387,26.02242547365929,0
70.29439173556798,18.83825278086702,36.63573512706715,0.5924605586010314,5.637140542372816,843.7631599612516,91.25387857721552,3
61.2184620542276,22.37714668037198,22.412539275598476,0.32681392051954944,9.125660530561756,731.5765642578766,10.129629092206601,3
76.33910350413836,20.306244941726423,18.98207593373646,1.2704584762625275,9.173806687708488,587.0067736758148,94.34599080958401,3
61.209810066719605,22.420816684291374,25.884734903200336,0.8893662428349922,7.74556149261749,376.4398499808328,46.393005380892944,0
81.1308900191124,24.54598694722235,25.047467698899165,0.668205756843142,7.4283327955485845,277.6240662709198,99.26992187510031,2
63.114410326469134,34.03070732920931,29.392982633280106,0.42231828813668404,5.679469852250399,829.1314581859823,54.41987071976785,3
63.656278292123176,28.376393016288766,29.584655808193702,0.37526590908166607,7.7478165700394745,824.866211076042,75.991329036148,0
82.5992161595007,32.19455435661036,33.74967460949938,0.7186400661542127,7.137516327080923,277.48691698698406,1.7000306174623958,2
54.208971972743825,30.075975512109647,27.747248705140255,1.2656844777203287,8.591225629634625,758.0516662675473,50.17001517605635,0
38.04091370703844,19.91255321895274,17.62056602351914,1.4024684992005967,7.115534267544351,512.6515485169389,74.00789369019341,0
31.726960578800337,30.51064690835713,36.45728338882765,1.3761016375356776,8.234323333298839,426.77685298137806,78.49987497588646,0
75.30823534041714,22.676680986505115,22.744114579629677,1.4040010016995859,5.905632584950123,717.3731753460951,16.646809677558206,3
67.21857308120788,28.864833398910008,39.2824365076648,1.3892704117552113,6.031809083063868,630.0306787425113,42.47812408789509,3
72.24478608595342,23.796353551930807,17.946502716994253,0.932669701920475,6.058840762596633,746.0210753153361,42.488123853814535,3
42.777849690534644,34.96042847549921,38.95627930581258,0.5632987662682846,5.682101999198974,252.03020244305597,11.260440041406532,3
38.18228853520618,22.480375151445223,17.275295172062926,1.2576558994041844,7.665315437079215,423.01091397021946,44.8615052614552,0
30.872679940072917,22.745218003162584,20.775903448676488,0.5564555698230949,8.675870904174545,423.521795291715,80.90220291090453,1
51.03525352839582,33.82142834456077,16.16449855216354,0.6206487321078829,7.941644814774664,430.8271646014358,30.717893024279714,0
65.39506121127798,18.418954878817484,32.627828665974874,0.5799051861870581,7.799819542211425,551.7359108506638,43.82487766749443,0
53.53464270598394,29.843712793844347,36.25746841429479,0.917978884434967,8.222495713610947,398.10966215666315,96.13490982115212,1
56.248495321423746,30.330548642509928,25.85177704539951,0.6861930098028959,6.85858129228806,511.0685270612638,4.139099513264659,0
84.2495216696249,32.21843581597679,38.213051876060746,0.4849872595504098,6.947816286592916,457.4443151807911,59.560655021640216,0
50.89532802139802,34.56546828085408,29.75747679388999,0.8438080942726589,6.75708039288369,714.707233614358,74.60017308598529,0
60.83936934958865,34.585232625663096,30.75017838616308,1.3486886865422003,8.348435731414302,622.4505569725351,76.32736096908666,0
77.01918076446859,19.109704878629888,36.13548004251925,0.9846634259399667,6.146561342683097,657.5406026221208,71.8778644635204,3
53.79256693927621,31.971268486799342,22.420005126295973,1.3540027270651045,5.552101121251697,347.4087258578511,72.9186929033752,3
67.32520201367241,28.987268872175484,23.856643033190643,0.5350466220949648,7.884785786889969,427.85151572882256,6.842253901631936,0
81.74182252480472,29.00481628434255,37.64879797986611,0.5003686484070649,9.269525458936823,214.815813328452,53.87952529449695,3
86.97123741945853,20.181948752449813,37.524087400969094,0.9906925508381041,7.937631667985219,275.8622951052189,78.51393809406835,2
38.82440885574228,29.053181829576104,39.41206940502177,0.8559946818555275,8.63168661176358,385.5379623922212,10.31243985469563,0
85.59525750968967,34.70220387022121,37.54595791104178,1.0922071699763483,8.19116283786412,245.82460491141472,2.192942316299918,2
59.52697758477229,33.5009156821706,18.18430090083402,1.2535521492321378,7.4897466140920645,621.8426802482917,81.64162132836616,1
45.4946632979375,25.46522123368246,35.59310715342468,1.2015687547826117,8.373569607135384,898.6910811466777,71.51714436908243,0
57.54814537429568,18.679115545863603,25.24596195273985,1.4307134083902733,8.796416495420887,270.570649845772,41.80843527452982,2
88.80195451712862,24.158989330003482,39.77003389864845,0.7779076909884138,6.398926576686792,774.8611488684855,94.09924682484302,3
59.55708563957218,32.04863529720944,26.807024108220027,0.547664090697817,6.844521921932582,283.171373085603,76.89321137049565,2
49.72509661725049,29.92548472490782,28.845902062555517,0.9610951679374629,6.394902930013135,668.9398131575053,96.81823321905117,3
68.00405125900355,25.80884214509726,28.244372881419963,0.43289174422942267,7.308691822361764,650.210322141312,93.00221069519927,1
44.408737126691584,18.936726097700127,23.043425746456947,0.6466213479979577,9.04025820366667,831.9018543678395,48.6480666949514,3
34.551799686519836,25.257210372996145,16.875552222322955,0.5494656663157733,6.880828403341329,279.7619295763586,75.71618888571304,2
37.73278331463895,25.97342397520402,37.39128076004796,0.7758764601564971,6.9978675565222135,420.81112625732845,67.24994749195626,0
37.682750337466345,33.78544405920031,35.066895313157175,0.43345989000265844,8.941468938687727,263.54583224828,81.33307579915666,2
39.11416161073766,28.89846376089671,18.488169513991732,0.3382100934577174,7.561497322978701,485.1683280631037,78.9811518228482,0
38.32963035896461,23.29809958312903,34.41920678375182,1.088152805556038,7.641795998589737,838.1152214902114,16.16996503328945,0
68.45248468819287,26.930410495662265,30.64616665126525,1.0322987739477658,8.943204813328851,747.0662057432993,24.139817649046087,0
40.91280506394869,19.12294023297672,25.228594697940558,1.1500307232463933,7.4621069481018925,706.0300703117234,27.307426140579167,0
50.740036999431794,34.53366000604552,21.35052872738907,1.0924637283256127,8.22623013851758,573.1192534038914,82.03135736248404,1
83.80730459436072,24.12101833282234,36.493219587555814,0.4371536173708602,5.842578663496242,818.4400196348661,81.2634286889897,3
58.437698415772346,26.123745033523306,32.504706482351324,0.6492946576507755,6.214526852507541,514.6092587689299,50.03819934700477,3
70.05346431126162,24.039827562027682,28.69349773672842,0.45543193188042286,7.117504802864982,304.77996697044676,58.5023936659402,0
40.33919227209779,29.6026994119754,30.2392133474616,1.3115668824582758,7.479356271279499,786.3096561845455,82.86529314387158,1
41.53734112852025,29.25794669160308,17.276654552054524,1.196284386426628,9.362934804944917,395.74682963620876,31.94676646709658,3
32.45211697598873,30.160479278995304,26.847994022779798,0.5418324035018909,9.38260653219116,237.54347871711366,5.967698914719967,3
40.136103784329876,22.558434903402656,19.84250731964255,0.7095710885878721,8.904788349915046,288.22662146815395,48.77704738963755,2
46.71542034191752,23.366364179789123,20.209591975220633,1.459937990717057,6.762395341142298,626.3412413359038,91.4579972410185,1
40.62062905660481,20.129270928635535,31.53259905717167,1.0129912294555816,9.35611316332976,624.9573747448208,79.25635783504723,3
35.322152025423335,29.143669521383913,37.7814037958572,1.2613867167613886,8.25736345870485,382.1282197574242,37.295113007740085,0
37.238152266036046,18.676551164706094,25.093915261958664,0.617509241722475,7.071760511269602,709.0261035621854,7.412364687800835,0
57.64672608196355,28.160599703898804,20.19373182530476,0.5520635042151663,8.306699667939066,741.5481087796741,64.05503103286848,0
42.38002310434755,32.78483004247778,31.218673430916354,1.240700314615858,5.566090919146106,844.3518382935328,83.61458879118149,3
51.85619166288453,33.14414652092377,36.779676158757944,1.1230469462777282,6.084618729096855,609.4562490747659,66.82990807900921,3
60.20503625129142,25.63364192628935,33.70797002806227,1.1171735150541164,8.81874284622547,745.596354903301,43.08239181153895,0
71.42368971776192,25.808162699622255,36.718930763414676,0.9631614981950327,8.082294547492685,727.1697758401436,13.212007704728062,0
32.358728390465934,19.308476111136294,28.413866775269984,0.9762940113318586,6.956778805167536,380.466333927035,91.16665016959813,1
77.96462393454256,29.403005432531607,33.796906109229774,1.1828370063675044,7.502666560890875,417.15814955636154,28.319874249584913,0
67.67402336945446,31.961410146338373,18.501613983973414,0.6240029773454343,9.120568598583068,534.9376770270101,23.204416612802973,3
34.905541916932314,22.159135928280122,23.706865384079787,0.723322159028347,8.026312437916346,213.32727727047396,81.78168989535575,2
82.41471744640663,25.1621149877672,24.73872911203806,1.3459641246240661,7.092597135737321,408.1784412104065,98.14077393366185,1
85.25234403190879,32.260268725009595,27.782393656150866,0.6706382412145893,5.98130662959014,531.7180113409665,66.35586561573128,3
33.66467759129183,32.9110479502589,38.22690900642059,0.9555714856551587,6.674987206502244,275.6485066968006,62.85623841343051,2
46.61265888883222,22.13405966449184,36.85741400555436,1.143167356808021,9.413360931186332,288.3931214425878,32.623656052885195,3
78.37207678758368,27.35970078720319,18.363137307229614,1.499909792199812,7.24945225140711,524.2657150161388,3.020931617827805,0
74.89558142301951,21.27238356080906,19.31974129706158,0.8223495977943982,7.3873578553794434,711.6755221101519,19.987988716448253,0
41.07126116138264,19.731938990372463,23.941013739722784,0.8137114519499324,7.494392129588062,783.6242516444782,58.85861321910062,0
42.56095940020262,33.48904852366328,22.268596647266847,1.311106055320401,9.036416091792844,582.419728253324,15.980329719788507,3
52.22832616748292,31.948627571945856,30.369273828906557,1.2666037335118359,7.915713137541239,532.3242912827118,88.49974488620138,1
59.07137911146128,30.920593330653958,37.569401194113624,1.1772910580814582,8.274708145807688,468.99639792182865,19.626324097435635,0
67.09528629181776,18.829027419823387,39.05728854181467,0.8558755648908347,7.057654170196416,335.06429470632435,52.68834084817826,0
52.134818374186345,32.34338947607438,31.340073813380663,0.688726944192859,5.616350474355897,302.5934019700553,51.689311331110694,3
57.75208296798887,25.446749290391523,35.95398003502717,1.0304765791018182,9.223891656971377,754.3275161632657,60.7906173828354,3
74.8482562880254,23.820717096029615,28.130055005769925,1.351467951757969,9.296510723665627,525.5046425486353,33.41597290208586,3
32.20099217343587,27.2900981374314,20.208173671500994,1.3605329498503038,9.296612213392205,753.2241718358283,87.47988590546622,3
45.146216660641244,19.553005126300448,28.117210302336936,0.43019801408452607,9.274748346586867,692.8581251304408,44.985852061531894,3
72.80097515307315,30.86299133899078,28.87706503594128,0.8140203405757807,8.760967764278245,335.7271400683652,70.31520429492083,0
83.71241026123195,27.90139630710103,33.56143910533891,0.8576663474384993,8.238384200465308,557.215084947858,63.95517523570361,0
60.70064652693996,21.17203164684385,20.49707474268373,1.4731384410285038,8.878039673069143,510.8116412958765,12.598452228850624,0
61.92680911591894,21.199947396073775,24.20775955216829,1.1135976182911014,7.902184956004145,496.7114542634877,62.64129591755853,0
36.430320680386565,21.13222707673546,24.10068673036416,0.7886957007144846,6.0374784555680945,579.7997344426697,55.5195651201285,3
56.84474200940728,18.969040588382878,38.98598989352912,0.3312694631827116,7.064872660165684,887.4573307528066,89.96180226233469,1
61.95703598730139,27.992573639318643,26.098624008167974,0.9784621921190351,9.38517964789175,769.0304183695217,88.20678701200544,3
44.54823021808378,32.28591901900464,33.87734918245366,0.41529117076602734,6.904551254382625,832.5987021412741,15.94452395375299,0
46.15459385696286,18.297469637785607,33.770284534360975,1.3013399488173156,8.971311654925477,220.74770822322628,9.08682941307416,2
52.63704978627736,18.83307896451165,21.638604620081033,1.2030223926844346,5.872845883099478,298.2354567547542,30.164629701876006,3
31.204271866663582,27.73709470367808,29.296742234293305,0.8526109918898144,6.836735369501879,259.33456215719445,98.67467281174656,2
49.3247499349907,31.931426651562887,37.3575723329662,0.8150529354500395,6.903813298909519,384.26170354569365,3.135803864225358,0
42.68688041979268,23.55456113966677,26.879942986423735,1.3768067586825223,5.706410172435921,509.32474437665536,67.6163317177148,3
49.64984113067488,23.943444779731276,38.62793768356365,0.6461500205017541,5.976377320747019,649.4372733591226,61.24285965025674,3
37.18572790915508,28.13789045744519,20.36145573310404,0.5988239545281249,6.272660844487084,550.5818864006214,65.01124976532387,3
83.4316368443937,22.661619115110497,16.853977644350767,1.4270369193909145,8.851262363240451,832.2287404391978,22.610303087303407,0
65.61554721324292,18.45234222332063,37.28634682861873,1.271095004104179,5.753607959759226,857.8991712257047,23.445017234185144,3
70.74613914866939,30.498884807727134,36.19202994905542,1.2847507116806336,6.694803605377549,314.4646658382212,43.63356613520864,0
77.3502743164403,28.636048520004703,39.814746898346115,0.5342325771311106,5.54070001035707,797.0390441853496,10.489922899628679,3
59.90653193574344,27.872851983946205,31.984837202810652,0.47195518971712125,8.282510981612099,537.2055428093107,8.38670769287508,0
35.21521728524542,30.608630192860993,38.41719816667874,0.33123545978056185,7.981212360173519,517.330629922169,9.747585895123622,0
62.22639250911287,29.478924238554637,35.67372562710277,0.5844498107024161,8.079929048212566,749.4575439391976,57.72493795931952,0
65.21046708125274,21.499993799031458,36.110658328002174,1.2290285900571896,6.997531138858475,265.1983563314136,40.37644383289148,2
74.7263684510598,23.99217779803697,29.22853926135671,0.5880461025169796,6.333071285070276,817.7451891934026,30.068061285070087,3
55.89957277378076,20.143872408536623,24.55911494791777,1.1749239403138514,8.381280853144133,669.6043481833303,32.26611858547925,0
37.65481816773382,20.207569228103978,38.36395181358205,0.6022899184409058,8.74447149096278,812.6831253605985,21.521047279058298,0
47.026554347923465,29.495327688061167,25.80292939039736,0.774350997540806,6.054405992392807,896.1343043953359,41.73902819687155,3
51.78493778391811,32.59620181870247,28.470484181241726,1.4797947478936901,7.447317711749685,562.6031166500774,21.10274885079677,0
68.75503447989607,34.36645392563936,26.152857678129692,0.5937740775409627,6.49486272791545,265.28353853625026,70.10655818763392,3
64.24669828013472,28.681900998340552,29.12045784900493,0.7516447527579211,6.172427444824535,316.56670405162055,13.269318752739675,3
51.36580355387078,21.129722497136267,26.762626974808178,0.6613046165582563,8.437301253979996,426.53276978801694,94.8759663735038,1
89.19091492757877,19.796055872631822,16.199188964486897,0.4315499835960027,7.6523877418913475,272.48705949429666,9.892075072600937,2
66.34648916141323,31.818466516124882,37.05120465019247,0.8878729705569899,6.364741329514671,770.7392782964389,94.40261071370772,3
44.233607504159664,27.838860098119987,26.109845472894243,0.7544287959996028,6.74000004484618,407.8074957229379,83.49620218052026,1
36.106948357224226,28.510845357233237,29.72359121268372,1.133864502968736,9.366614685310969,883.1203316139057,68.39049994072465,3
39.171548351059926,31.284855508830056,18.479695068949674,1.2811134563418554,8.894718258834226,691.814002352299,91.31786390098287,1
44.757463703070485,29.955712871451677,15.084696199565979,0.9530996573947661,9.019786971492513,321.4012591788903,14.78266055822031,3
39.64088239557334,32.18579029855364,21.132252341091075,0.33863570650480423,7.340048388322832,533.2298528607582,18.455162644504618,0
41.19402144307834,18.955636392817933,32.61465080333376,1.0427068274816658,7.995229055683501,526.8189551433247,25.963106613822763,0
47.10571012163082,30.70785082469058,17.479863252821964,0.366468876025127,7.0070709608176465,544.7581608335437,25.2363411498232,0
40.40241571768529,32.46449687447562,37.7221860096617,1.03962758831883,5.810847902755562,574.9838194500549,31.773978821788855,3
83.8059254775855,22.864295721791343,20.375564233904615,1.1220359391230261,7.104277242627131,221.8211576224116,57.98745892903624,2
34.81402473969853,28.8876036578853,20.114840357294394,0.537321153141022,7.875923012828579,680.4107880205364,3.7890885192053574,0
61.470683374215284,23.340755085228526,19.537699040537387,1.283215378466125,6.648577083072526,541.0342427019102,38.8449869089576,0
54.62380961937969,34.28550813020172,15.349542824284118,1.3933021578888583,8.891802298909663,753.6757792080892,25.392127661367052,0
88.94271701451638,18.568200731403564,34.29513671195586,1.2757043569365836,6.1044006366983945,770.7447012823014,61.05635495721948,3
36.72233413008314,27.856478345160234,36.87586328113146,0.6661310282544985,6.96851635774768,361.3745853942022,98.53176377410202,1
53.871335942744494,20.830560299841757,30.35406756540497,1.0039716149347613,5.999615621296812,233.89606249874447,52.24780660615389,3
88.16822599652212,30.1077434880117,19.704999541996557,1.3977781790294732,7.119328535940902,692.2636992786258,43.14283867272495,0
81.93042755363882,20.990134818117255,22.131949923521994,0.6847976714674199,5.658645219897082,884.433951924712,37.4561109693665,3
79.02432425695679,22.00151545227208,26.898167434124083,1.28403338671851,6.590197580246581,512.6605906066308,78.70997266910591,0
45.474169622696394,26.404303787777888,38.85864879058252,0.3113701575140358,7.102941020454734,381.72896671551706,8.126112233421967,0
40.25325524340395,33.55219414994693,21.18378429544357,0.3043760433416115,7.412661453106766,309.6703262084367,96.01728093155204,1
70.11859319546586,21.599144326515503,33.2911475979972,1.2116539924067609,7.674785433900567,401.2119181734096,42.37387071281651,0
85.76255934765516,20.45208035900776,25.98620558232301,1.2137370985525453,6.599964519159675,429.54368596001484,32.056371856686184,0
63.405773580835785,30.902606141518522,22.446183709000543,1.2467726254227525,7.592165338459489,496.71232040412514,97.43274352357042,1
64.29676136819398,26.510532049676826,26.397898425552846,1.4160322054657948,7.536018486248239,658.7849862502105,93.65200746107679,1
46.79874561961705,33.500346910490116,16.780167938530813,0.44148757418434104,6.764712203504834,391.21413925615894,64.55147983680638,0
76.16957599151621,20.49244747171732,34.967184273259065,0.578381981980426,8.820801322625913,235.6837344280732,2.832230110189731,2
41.2226249134514,28.980774181391666,21.082548199574177,1.384469904448569,7.682564506374261,461.2950281009037,75.10496264445061,0
49.42075418425462,21.958945484580855,33.13530307982426,0.5126834373268241,6.82907887498618,798.940731311353,34.220182604158126,0
55.526186316985005,20.66492728707787,16.70870928620487,1.1186751210919008,9.289354048323105,548.8460575963186,39.43974285457185,3
60.456622721067305,29.6183000576736,38.87746390414215,0.9365556000489783,8.880449652284645,875.3486304217869,16.71547076876147,0
44.544583944904815,28.092638538448465,19.825374635142467,0.39983241222180865,9.430351246207204,552.5350717621122,52.82235030262503,3
36.89020948435221,30.83206679215963,37.06855190517701,0.6423163943298393,8.268935498581683,393.12917184529346,74.71070702417286,0
66.63720254649795,23.2608637995851,35.236830240385856,0.9244466597291614,7.0128916220241875,335.3197980716502,28.028100691213776,0
47.31783319441534,25.61551815849723,39.1964981020354,1.322820140020601,6.623442666716049,686.1671477499035,93.93455789629414,1
64.87429328535674,24.893018497617113,26.94726652364374,1.1490461875376083,8.153271374697924,575.4669000442054,20.278948744292478,0
39.26176291645214,34.72952088743074,33.184932346148784,1.0462597937459197,9.423266329981214,622.7992502968091,7.559971718848903,3
58.86840611128905,22.968232264569593,24.2677664259446,0.8952394679296978,8.006860320415395,728.5887525338918,64.7920234616402,0
61.95536595309515,23.011893051895036,19.609205950492345,0.6584207805769611,9.026459763959352,708.1324249854251,85.08255445612464,3
33.109412209345614,24.027319550086325,26.07689832333622,0.4430938935831134,6.816413724191074,230.35431011775887,95.3601530714437,2
50.196256691635234,27.598099381935466,19.143725384711374,0.7908912414793146,7.127815129897023,761.8003337065197,76.94993004113536,0
38.064880616338456,22.289486652483667,39.5511155696596,0.3342221926935511,9.125100958357413,572.892314936198,20.76535113910116,3
33.80249822836606,33.55992898644766,17.40616227851791,0.5532670671202207,8.527466807831274,474.1959715703409,97.7884572955693,1
89.39761394339672,22.51665460272648,29.730293086315513,0.8189800510471918,9.425641281471624,576.2635983876493,92.02415172685542,3
49.34123069848338,33.22886743652331,30.661596381351398,0.802326222806298,8.599056838928968,628.7160139201276,17.153574853482297,0
78.5924667512781,19.75907608199194,28.451988571851356,0.35315451719639085,7.294062828872927,304.6544169116579,56.31979686461712,0
45.27843928582583,29.16156594079409,31.55464714279584,1.0068721842303494,7.624272079289453,492.1907767285115,55.996225167166905,0
70.89016333343577,33.418753813450145,17.904519375297273,0.9596211070238834,9.102061969852546,434.91034713172866,44.81094303481761,3
75.61367159338118,20.868740452769902,28.875463105132276,0.3937251648250954,7.706586944392192,445.2862613726269,98.44385169570918,1
65.73832443647066,34.461558321687335,22.18031427818404,1.4317956629525272,6.52158949665778,263.93445688511576,6.9026014808418985,2
58.2945713130095,25.699017127063698,38.50440158252641,0.4192593347410321,7.242479251079798,311.8904416001613,63.09368193591488,0
54.71045484883611,34.07715684349742,34.051791335993144,1.3258009814848033,7.565263955396471,313.282447310355,21.325058645202198,0
50.93209599257972,29.5059407417108,39.31286205399357,0.3003716782980071,5.886879334204519,461.25732025515345,53.205789268365,3
85.77174865486955,23.126976787850374,15.938901743504738,1.3587373140544596,8.47505069701156,826.1440814123541,78.19433640696435,0
79.83716446726375,21.201142923590808,22.128329379517716,0.32366367864517503,5.937415733419892,344.2191603446599,25.42595351368609,3
87.90161463999075,23.16349578582669,19.885564665958725,1.2093744382705391,7.119670853475222,491.3347553723632,39.94259510183171,0
37.45783340913268,19.581295957465475,15.278864682795762,0.7340289735603035,8.718489766161618,418.1265907093965,95.12603935375951,1
73.85204851221866,20.445755427836605,21.058143256158036,1.1858601601635839,7.370281446453188,751.1683187859367,76.38659303431065,0
86.30042740926227,19.77922748589018,31.969399588010724,0.7820942465099742,8.868062078874033,235.0885026245713,57.69959526667172,2
40.87398396993961,25.190040243606482,20.777223053364214,0.3850895067982101,6.86752528822446,337.5803768751233,22.977741392864957,0
33.98977604200665,31.52483239637897,27.725086137065453,1.221008034474437,9.330545175993741,347.4490796483561,43.105238310280725,3
74.46723895740354,20.403520421677783,37.19545287412497,0.38550322238563794,6.337873727220942,895.0739602192618,77.63207058594234,3
64.46838679079471,20.21544736392971,32.34394800872688,1.4065445231534615,5.653056579957205,599.5425125764125,82.23376473288764,3
80.50972660549633,28.938292141794623,24.865726747650797,0.36116884294999363,8.989706171961675,297.27078506846277,25.216013616097495,2
38.38634259757737,21.352110693457128,24.311723472802708,0.8751903333258184,8.508810863801633,390.53939749359586,66.5439608312849,0
77.71603871159341,19.659370647852857,26.393395350212117,1.1676413170209547,6.427935348269491,317.475465886047,10.405296220216592,3
42.09763920286467,20.83642582949482,19.42603602649766,0.7718957577504453,9.438966428546696,287.2231987336136,3.298018437595979,3
39.81935657194227,33.70343372990519,30.850019185399702,0.5606801695109216,7.509120517074111,758.0274198855248,55.3187184198691,0
39.85594787585958,31.965011297195243,24.103820477615137,1.2109091536752323,9.304261760576654,547.0268400622484,23.213605573762443,3
78.87448321388293,24.0190975600366,36.30913373155109,1.2411536457464716,7.520115085547998,641.847095794147,8.812291092971154,0
69.911833241772,29.14895304456568,33.91381650144541,1.4072339807452408,7.387498347085164,431.8758728943972,73.25300297662777,0
61.38392548614716,27.13368645235665,30.262829102304003,0.7513981325172931,7.29655414857786,587.5865602471306,50.29948424809986,0
51.529829047410146,29.51111247920359,24.1050555662379,0.9075020813967922,6.8395011045318,380.29832276658794,79.83142408488659,0
82.6320324487865,29.60540959186691,20.24829579183711,0.7357541314152864,7.634805988706207,415.6253924497644,66.73047972837513,0
53.546706445358126,28.68847825601988,34.40379660264057,0.6084981862216419,7.310218647794271,656.5665610567131,73.25068905163351,0
78.99596636829463,22.523723265134244,27.160227474777162,1.2012395538451301,5.6469875064942165,305.2450881434612,31.428697548294082,3
56.3480945142131,18.66310915296791,20.61875095443394,0.7075822140203465,6.54174093369401,632.0553014172233,27.0643067426404,0
52.61666576549445,25.74463529383185,19.879365376000155,0.8137793303908225,6.352491200422234,796.5643714961891,60.48661431743086,3
57.76078714017639,33.14655603974197,19.135022612533977,0.7844083891488334,8.969742409284265,284.29625832653835,20.808131899410352,2
48.08267244984852,27.68145339481579,34.42902990513987,1.155193470776095,7.895479908907365,828.2228963989853,81.72579944757008,1
74.85656281057507,32.15064770893243,20.724679632507794,1.4013547513328157,8.55473240179891,255.6119762092265,52.76909672844962,2
60.16322340554875,34.85761383034088,28.166056588129937,1.1001072735688526,9.327304150997122,444.2364588691111,23.472003302428337,3
43.93276170880904,20.781475470350696,26.288659024326414,0.8658991153130791,8.07615709010564,627.3565206665962,62.89165500066094,0
83.97447439647411,29.7602198654137,29.490272480707098,1.2350461376866602,9.430439965618977,591.5903320829758,94.55853777327815,3
53.033473282392684,29.462990752900417,36.928872509279856,1.069165588946565,6.7470562066085185,267.4737507461034,9.127377932486636,2
62.613171666839314,34.65924260509073,36.69368475204327,0.37273242854137617,6.245068729251575,759.2392174500972,11.825175524036792,3
84.38832665787282,34.7552124771976,26.27690179562149,0.41479630370260995,7.113239551971645,881.207305201677,84.54007553947065,1
67.45427975483952,29.6735363993102,15.384156268368082,0.34550033288835996,7.383197659743232,326.85980242863906,11.849783682120485,0
37.013882442501846,22.1414514636973,25.66109514285758,0.8481795914475838,9.08144617141034,826.591678870824,4.8981615659457916,3
86.3899274168085,31.575449248220185,30.15483843560351,1.2910241212067577,7.739761756146706,589.7666094782254,35.44512752360082,0
67.66248318428507,19.81949528158765,28.944118977451545,0.6756998032216224,6.668723997672068,855.1536398717292,47.203882607238164,0
50.09433687942517,31.271888170917688,31.283402645005136,0.760992219710978,8.470537131470083,323.2601708917328,57.374999232378286,0
38.35632435980324,33.47333411045984,18.851893311827087,1.3913725300414688,7.523327748556284,754.4149752255972,51.22272302386073,0
77.64151135621776,24.5081677110634,31.163377469518313,1.3042841343799858,6.148527781100681,241.8471028117318,91.40527170315323,3
67.20436535571082,28.720800014712367,19.566290468594307,1.0980577348590719,7.807279150365009,818.2375127619085,77.0981419387721,0
62.007665518579294,25.312426445646047,33.76309951741872,0.6201645385107015,9.145578147229136,671.9115955397435,98.39721533030936,3
83.63355498305745,25.442005934798182,23.477190331567,0.44044977922613215,8.870490469903281,459.17834874570104,48.16908689930691,0
77.31583267347185,23.276305114838042,32.74738583453634,0.31927058721613644,7.847239890541324,333.32677644849514,9.348631374078714,0
39.100492783965066,30.95620354765552,16.196639972652676,0.42841280712530505,7.008332695539952,771.5731689970434,95.59753365134459,1
48.70332406773289,33.915001590830585,25.196500639772836,0.6511157323487313,5.847915004256844,622.2689249763681,1.4072029973206384,3
44.90934838886794,33.99276460698584,32.62586305658332,0.9621480762953947,7.378595693326496,452.291097063601,77.8335053700658,0
74.63677755436062,20.971281842873875,20.671762908287352,0.37680009930286423,8.508317750118316,510.6850773617614,4.096921046396266,0
32.011946084146764,32.87064204416162,34.88217611993056,0.4634733339821388,6.941094878932042,778.5798592506636,76.3602048745122,0
64.193381092279,30.536334504261077,30.7694933276233,0.5172968427695293,6.441787302206658,437.2490353498074,93.85595504495737,3
75.74752114444144,22.29823581173492,29.689044303744957,1.0583785115799673,9.225518877083815,262.74287467695007,39.536769435773635,3
82.60593820570497,19.143838419665748,23.838721355108426,1.0389477587761493,8.78622280183197,837.8975205424309,24.85552027075205,0
50.52490492295445,22.555953537034426,27.06128675952794,0.9609188716465835,8.053102477680579,471.1406177606242,23.401636098671254,0
79.27543828032077,33.507540025285934,29.933732524446327,0.6006017096351275,6.047133375682078,443.87125778064944,49.680046770870135,3
36.63790421731243,28.76403747322813,26.811552847872264,0.7453436294624785,6.0796353616246925,343.07973321315757,17.917816539922363,3
80.7871375040711,30.257929235263823,32.457833098514,0.41602765960529164,5.912878365823116,828.1957998598419,67.61943943531149,3
37.649319739918944,22.37158996885463,25.84242332767399,0.5717527245096659,7.965186667570973,352.25373358148374,37.466883391349114,0
53.837237433622036,30.229598644771947,20.05682954355076,1.3772462717670966,5.962251185893344,645.6710076009686,32.98783974792265,3
77.83772194677321,18.478065606724705,20.348344570026182,1.4756300957229942,8.870508795450533,816.5355081256721,46.66727204938925,0
38.99504564092643,24.380462878141234,15.145094221073528,1.0771915027683536,9.47186000727729,224.4395302222522,54.716162741535435,3
43.75508371395849,28.65480692521963,22.52394288896681,1.4001879504281043,6.965392738834661,780.1541937101371,15.051095963620783,0
73.33515410358397,20.483641614202444,33.72294101196299,1.0712902804817102,7.31467938786839,487.41959518284216,71.0685730158875,0
73.20219219276447,31.99106076559789,34.854067720940236,0.33983578332656383,8.346668707942715,660.5822026856483,88.41176289062729,1
68.46885797311784,21.995532079802615,20.06168855239375,1.496115101983691,9.248612025303064,460.68319425788775,28.520704703916994,3
71.636906668026,29.088778917913586,38.97609992178519,0.41874276202384186,9.07637509422554,686.8613794432458,18.858699281118994,3
62.56346660085577,24.888351423780605,27.56006983700317,1.1191701617340728,5.730367314999395,378.0064401903894,76.29003694818729,3
45.10794353441717,28.132741123120002,37.92446872546257,0.603403443689748,6.17628721022706,215.3513797047774,19.1706306527993,3
50.741759610235164,19.82665939469144,32.66913204654078,0.7703773354883521,8.51838879423117,863.4512603515675,5.0842608759327055,0
40.89586300808554,18.287517598667325,33.060835575560326,1.0751210217611258,8.255572432129789,211.45743482805796,62.30507881789511,2
84.5070336800177,33.46259526546512,17.12609053265178,0.8237848191692485,6.032874376160493,776.869502743455,24.735390214229675,3
65.00350768596724,22.58371014904211,20.499778172423266,0.6006552707173538,7.508258328006271,318.3963153257317,18.00923048392741,0
54.05108500581839,31.934509047267802,15.220370832361816,0.7013354242539896,8.623258524341182,474.55416002141953,98.17867142973611,1
57.720348218647956,34.988955108027405,32.90319101191844,0.7098577403078116,6.375122729050775,775.7446635542391,29.89463335657304,3
86.83700037670891,21.59433138598149,23.610957210712748,1.4511886854098563,8.985150542938666,344.15250521864175,90.44088573133804,1
39.20108418696481,22.507902600117045,34.66631290190867,1.2583356191081412,5.711887099281472,805.995323867525,18.643657822971825,3
65.17378992100782,29.268616389789315,23.473405498425656,0.8502585257752802,8.628780340272296,548.431257371331,82.07873607418108,1
60.35332073306796,34.41262678821056,35.48334380747153,0.5397851044096369,7.963275599159481,456.3074239020936,50.69986843179972,0
66.68725412607887,33.568843919242646,18.267456343707824,1.273219332315187,6.760797386617396,663.7064227154353,8.780882142483533,0
31.08661102925043,26.548883841114943,19.334328918937704,0.48861896593004817,8.383730193367645,438.9728053866703,73.62692407071367,0
82.3274345366491,31.51687480295432,23.52191348959841,0.5525546605704041,8.629463180604638,443.1018512974499,89.31526380174321,1
85.92709694901674,20.307679502698317,25.212184722056833,0.7392160702081814,9.235595885215877,713.4684736568122,17.13868204321663,3
63.907991015352536,34.61644913146821,23.717570271074457,1.356417835022388,6.9710986886170545,416.8825571773755,72.83343399128135,0
71.79904943261354,34.394004978611775,34.0911758130805,0.45814400236093233,8.244066943919819,340.5408538480975,45.060199388239255,0
85.34996287063774,20.783392283945908,17.42378481566787,0.44668103142543125,7.910465107738764,765.3522895976005,75.63317487241511,0
72.43431805880391,23.090193121652813,23.7804254909622,0.8927699859663192,7.6008242778283535,763.7597236090622,71.67886687034526,0
39.15234257485568,19.70263495761504,35.93099998788648,0.6316926493124095,9.061665896620152,548.3099925948085,3.633422815837536,3
64.57730161000879,22.619199181269053,16.6699269315543,0.9824735299777918,5.512669256553601,568.6589313140686,18.69338256074836,3
66.40290278297135,31.871248420058514,38.558587691783934,0.841964021619868,6.62844642441439,687.2536380373471,47.631697050295166,0
55.44784027814316,24.43136532180941,39.65792105680032,0.82195092762146,7.65310895817932,556.4920042337035,93.42582301929595,1
74.18665413748337,19.50274844149489,17.214204345627003,0.43436756458439196,6.21317304654621,491.92797127846273,34.86527221872535,3
86.06202088614089,23.817833921241377,22.281813056393425,0.46925962829980816,9.131466134931033,896.425935307722,63.25847355773801,3
85.53411077440657,34.68351668210176,24.310016650883902,1.28529429293622,8.090380470452061,303.34829949679124,2.1962908059284523,0
57.050362284247925,28.70462111940645,34.40978421631815,1.3630592850860932,7.411531978527959,614.9095854679024,71.40156523314747,0
36.79428275044532,25.074736088904682,29.898170302918345,0.5816202394623002,8.758807036266617,820.1041182529622,60.70375801252765,0
89.09047193774008,20.83115472945359,31.109142512314182,0.4361526018297228,7.303544765860416,681.0505288267804,71.82407991496082,0
80.33388518675605,34.76500555382281,33.93774557046265,0.3641000063214127,7.734612047720038,816.6463093617668,90.56140068946955,1
37.47976087219601,31.95443315747319,17.949474985925644,1.0299571364902762,5.5110039822156835,435.4343042482708,15.503394378663193,3
85.25051295704233,22.78511414166563,35.830236422756556,1.1584238550002466,6.962802120780294,390.39508338216746,26.897370004798642,0
82.1937817237277,19.19116782726022,32.6404951045036,0.7473719870438467,6.055161889403879,795.8906708314734,99.58230832464606,3
61.13028342756432,18.962634475418486,29.433543129909257,1.1156110409887674,8.258754722649165,475.8802033298224,16.472111892453068,0
65.47652614469575,20.046428541594075,37.24338336957642,1.1555505786714313,7.416107835902935,696.777626140118,72.3420736460766,0
53.94016223220781,27.873065921445168,32.50765884709518,1.4224107376762865,6.707030229000923,303.42400488988,72.78251514057928,0
33.28569832932188,33.78897816049337,20.042499065775637,0.3778483654021287,7.371329357486969,729.0866877636723,68.61638087732138,0
50.11183449875406,26.444638276101735,25.743634526891668,0.5307500678772957,6.338519551805385,584.2878543174086,23.51661834214319,3
78.17120691588069,32.330073201755354,27.35107167339333,0.38223118511638576,9.200346529944563,388.0281479373226,22.298272258173203,3
30.277921380276172,25.580072537616733,16.38044066876014,1.3415927200033326,5.715890530203652,546.1527747712336,66.967765735444,3
50.00995030146865,30.04592027805303,38.86593783400139,1.2511045920402821,8.961668141184482,687.8605380877925,19.43876826146239,0
53.8901216154566,30.441836533870514,18.214431519921963,0.9895704847462068,7.545435154933404,208.32048619316856,66.4947698423132,2
62.24373617627537,20.957383000356756,32.43653168066817,0.4003960920614198,7.975785984555269,646.2269411698906,49.76029992050649,0
85.19133698476563,24.140673002588798,27.655775902272005,0.6279748303844634,6.710422483634815,579.113544791292,39.27625789728903,0
50.780759661957674,28.834136661146406,15.640806247110564,0.6572638176702204,9.366790467177285,354.2003174227128,30.723002588416627,3
50.81719211377366,19.201842339134224,38.11868689660904,0.9728918352185005,6.62740383407796,727.0867517833377,94.81011639898855,1
74.25007488658491,24.146183191970263,36.295920220473334,0.6096526728440586,7.855511988561217,412.4226892432408,51.30127211653597,0
57.133076453388426,27.09159092678027,28.10644819759589,0.38755183669554577,9.473666820428516,393.80265208259533,56.56394428858523,3
43.47628937639892,34.935816381758855,20.72355840348613,1.1769147622239593,9.024377585533783,529.8528442995259,94.97635238399177,3
57.1463709679616,26.067070564581492,18.040572267002357,0.6588962539864935,7.645319301144424,673.3047748956553,65.73385449161623,0
38.45142122278799,31.8729648709435,24.084811985803164,0.8428490124279606,9.461498091868847,850.1921831133781,95.82743984792593,3
40.5832191903734,25.3451438461325,21.38570702615226,0.45319996197876644,8.305479446930459,298.95007019247277,11.530307311747148,2
59.902066364368785,31.53864228453505,27.667280025157467,1.2630579640734956,6.334801664567237,477.52768452621353,84.81732354546799,3
55.13552697027288,28.122051627541843,39.16023240308573,0.978638252308869,7.122384841743226,246.89271475884095,34.206048174285996,2
84.890754064086,33.072122505540776,29.373837330741033,1.3819027514518354,6.837973336046204,730.9855232302198,81.23826498196378,1
51.74363394699799,24.986023389951868,37.24827639725245,0.8945658756784001,6.876054833084757,513.4130227769525,85.70802579530287,1
64.8353010166826,28.27317513696514,31.271970937394432,1.4297108061814556,8.541825757439465,694.8503946317296,27.877300728113024,0
67.93585727517183,28.710317570520065,26.88116316468001,1.370241845257591,7.837051709091174,425.5360967834011,41.47423103503241,0
30.785667395300017,25.095510010608045,36.36518906833428,0.9917518277510806,5.652370846358114,791.0220689844265,72.8754210771755,3
69.81224232100263,20.453304742687187,26.784202754324937,1.420672125779836,9.009793934603904,574.3796547680803,10.806507458800096,3
40.682158012185084,19.590509917509703,36.715704262759026,0.6877064967534627,6.687184561920658,860.5254752765586,75.79781989959466,0
87.66421904816731,18.283416360193762,22.28941923939413,0.7387705952450536,9.488299507652574,255.17024740082394,11.936819679419658,3
38.91976366518678,32.85008249216865,18.2203268440747,0.3545735415672443,9.316762921339143,559.9937771794521,91.53111749453775,3
54.87744742362142,22.020073508057806,36.38286160907346,1.0070410881166236,9.26212286672786,736.518672198389,28.35759003633899,3
35.12098008471863,21.595614737790058,29.685379094816668,1.16630876391472,8.744510416255896,620.1068536515303,57.984335339868224,0
89.81245511075684,30.512601807243115,37.227309956224005,1.2282230282905238,6.38245332673417,216.23589829878992,12.598196507551005,3
60.13170061987455,23.44027392248566,38.44568017480958,0.47977954325532396,7.6305309761151285,880.6370748407165,27.67982231158539,0
65.72310103920262,26.602759771001224,16.34070975928623,0.8329908867750002,6.397210507299898,408.7845851531289,40.99154930522344,3
34.02458864330565,20.762688110056757,27.52423254647171,0.5122358545126988,6.538701822355797,374.49450645646743,49.21783879161842,0
74.99762822395067,34.31567726485348,24.374113726863232,1.0945528186250986,7.9438070777451095,539.9619129246057,1.0066822670108688,0
42.594335585735145,32.47688380029304,30.64645992675293,0.4895356469061217,5.663334181412253,579.5106752663443,88.97692047566638,3
83.88325736644282,32.68442359040505,34.839779930058086,1.38499642074729,9.37783426728283,736.4016963128778,1.7598061463288346,3
42.308378428920435,24.91515372572409,22.014755399359224,0.576761574793696,9.174692690311858,475.2915603612924,77.59477173644808,3
41.441263239819996,30.960140633021936,28.91995960932929,0.6496827195458938,7.02307028863088,507.9722635235485,47.58731232328073,0
32.192980070885696,20.445894641626264,32.71821449762249,1.3210875865811997,7.561689792027652,574.4719411536817,52.864122465236264,0
58.324016706599956,18.146523044060263,18.36077707089335,0.8501611321748686,7.3644776770710365,476.07096981914844,21.618282454119544,0
63.890467995756985,18.339539853826476,35.35167264878167,0.3287951349600876,9.02879911446988,840.1836553708092,61.12946668422471,3
33.94251836570114,27.972229535877528,30.15273999632433,0.8935035014431749,8.254407505264444,795.8763766439765,54.185959007775764,0
76.53165700170064,25.741713389214993,38.738435927841294,0.40145200245614765,6.612444989697426,518.4815865545148,17.25940425540924,0
57.197330084881656,26.806260931444836,23.48822297826733,1.4824136624247728,7.2873650178611875,200.136403636122,24.573781133572695,2
61.4634161596548,18.12687338709273,17.70364855842997,1.0057338845467227,7.215863902747055,830.6541468704964,7.6234592722332595,0
56.44576481629369,25.185672534176238,27.662530025923132,0.607839141133174,9.337340673135675,287.0356014076257,7.562073636855815,3
54.04578365251956,30.207158740414634,17.14526929273597,0.9764612154571413,6.201243642058559,371.1586906358324,2.36380280929023,3
63.57841987849307,25.52579293344641,39.23816308310017,0.3922405240581058,5.858305349177716,306.65289905577873,22.826958222825294,3
39.31441475584275,30.447726507307777,15.967123956429788,1.2598695651225804,9.022475328646761,325.8708989867166,68.28646151230852,3
40.91568782971627,21.96132239474619,33.8375975276827,1.4103936646369966,9.086743958023483,762.0142765228843,32.30532342609327,3
81.70713726081104,31.823414076189334,28.1275599535561,1.3493332658473915,8.986956351648658,605.6510091661469,34.93069271687029,0
86.76692772801796,28.003331087708688,24.21551631245722,0.7101091227582753,7.543907662502225,869.2666141877439,14.058633932289025,0
52.398558976785175,21.582972690308406,16.646054112716367,0.6909217435720422,8.138977713077843,362.0174586266015,57.971596097985575,0
46.244680388613226,22.02424808951516,30.554173104340194,0.34210513345956,7.7534521902439355,539.9444356918639,34.87222051312699,0
68.63997259434095,28.67651789768213,29.63050823477388,1.0816804304411,5.777791304217604,884.199858357729,67.95536353959126,3
54.52405026588578,32.108973084611534,22.022081826689995,0.9418857410277539,7.88333958760289,778.5104599923388,74.40448741541279,0
31.52318133962069,25.065672294495638,37.7555425352578,0.8512156455928095,5.5544565890244035,710.0309753843437,58.88459464958983,3
39.36915584197142,22.391107295169068,22.602750183570922,1.3891571440016484,6.799949638228345,332.2826409595543,28.33088414439159,0
72.95833373084386,32.739197317480205,26.243135264802653,0.5014546812994156,9.229170303492669,738.5837806368013,51.35217213438818,3
69.53543651460907,29.377560959764196,28.594061397966392,0.3115995200282188,6.71618107854323,443.2955858171424,25.94114966354803,0
31.62575955020901,25.617453283812303,17.505796954407153,0.3879797425449185,9.259306570576992,571.3758279327303,90.3883707000379,3
43.318329715976965,26.29430331974813,38.30404298034081,0.5680457253928426,6.500535828596977,626.4128491276781,76.87218925817317,0
43.86448779528428,21.472359954918737,24.36340381127603,0.33994265911614835,6.75824896184613,626.5545980669779,49.80758469455106,0
70.3135646159237,28.655644711102347,17.01948034685859,0.9034124527717626,8.013629985754214,708.5664303394615,96.58025717463651,1
31.182632265261848,24.098622679229106,24.68227934188325,0.6769085462802936,8.54650789115718,663.191464849544,55.1287892262886,0
36.24651491907443,34.925968003463936,30.005063677314517,0.5165796096817592,7.505551072019536,247.85961551741286,33.52501221873787,2
77.99496512239136,26.163119759452094,27.84131679553324,1.2001008899383945,9.028462748776622,520.142918164375,10.451262778610662,3
40.71267972326002,26.260055305223425,32.36354935093185,0.545341591479036,5.6609616864424765,664.8151247039855,54.830818836527946,3
69.16476647111247,27.619480385981422,16.387098551697765,1.1251261211925518,9.188779354537482,407.19508751601006,86.1812445465532,3
44.29096686280359,33.58485205301869,22.113515256801403,0.7191178870171666,6.285231199581633,419.1396810514728,86.80515408748842,3
35.96648356556071,31.613907697615755,35.48076442100256,0.9141933127950654,9.036954980338624,287.1972834282309,60.85213960159209,3
44.590331459967246,25.669211186563302,16.99734219478402,1.4206404478215837,7.1034527179455225,493.03049018239875,39.95039796018706,0
73.33601591133956,30.217887521537534,36.387148867398935,0.3448219617789754,8.83102822348415,890.7813040143222,65.37933450097731,0
81.34178808637714,27.96600347927295,17.297402301927654,0.9003174089729542,8.18666219921478,399.72355290162614,76.45189510134492,0
79.8131918740195,26.370239827921232,35.86135537229241,1.325307552393142,6.2037665299130484,572.0058248802686,41.750853655018496,3
53.83101177710729,21.26936813733396,24.019710026968166,1.005569098044418,9.172190279525793,720.266076945359,48.14916275227761,3
70.08510819423877,25.886916478733145,30.305226581430396,0.632244620358188,6.482069561953839,209.44808961898946,68.38101443041636,3
42.29905772494926,22.178915979383767,18.822177891199953,0.7772173621740412,6.476560474779996,830.3076917188092,87.78860800417189,3
47.588863815660794,33.55231654747813,16.65421804312952,1.1163187544742894,8.756715586549522,470.58512930745695,79.31002743608522,0
83.78014911126718,23.701915829437898,20.398455100503377,1.3689742731765637,5.923493022290084,808.3811906976875,3.21674556271452,3
30.78011541064416,34.188488247067326,18.196345447717388,0.3492796484959339,6.388143625481842,227.26336122963463,13.312862034674195,3
35.13051185126808,27.06193993161009,22.810147441990793,0.3858465862684517,7.514710293684249,301.9644863045731,85.42503984826665,1
42.47317530876164,28.736254437494726,27.859581162775505,0.690061828331505,8.821908114746497,425.77061813429145,83.54845997645833,1
31.591932232429183,27.229987556318573,29.718986589125237,0.5793356213249747,6.08993589894907,441.82324114429514,39.49187153172221,3
40.88612610538784,20.199470488433917,34.74670268449357,0.6179170634668871,7.690672938049385,793.4559561196115,58.843514313408896,0
64.98249365818154,24.388960723134996,31.405997331208965,0.5655239983510572,8.344962367211759,207.84078077176466,90.67865326043598,2
55.28547303554988,19.685483908719608,30.218958128238825,0.5349900586261893,8.942380898863805,648.7782435287756,91.24430941970255,1
83.56030266461849,28.59021875111749,25.294550687144365,0.45674876024315014,9.242262240808879,291.9187053249852,78.5261917303282,3
79.04661370430645,25.596861318407463,26.845210874003467,1.4207449581542857,8.63855965787573,776.2509554977346,21.749304897608216,0
50.509041101872555,31.225744516705927,25.363020734754528,0.47302735668738366,8.111313592888008,745.0012861705386,73.29799792804054,0
45.56540600587755,21.747998176989288,36.05415075153458,0.5452845297186434,7.234480341251063,549.9447191878404,11.008744802358606,0
52.78154449003601,20.797622993298695,20.750011313709997,0.5955188687769428,5.948440616753679,348.88105785866264,89.49990748600234,3
65.41769655088846,24.90764792638405,15.143023288549117,1.4196178477565047,8.338948770102085,644.1467736758893,15.765731554292737,0
46.08381844937257,33.75195151471248,31.282997430655982,1.2068569603213017,9.470949217901948,309.38082236035194,66.57251537103363,3
67.44893447094805,30.077170855211,20.061554590970786,1.2476393163786177,8.4470423789284,333.0166548148574,61.41408415098252,0
54.56469913147443,25.121701621479616,37.25287840774523,0.42570991144619763,5.566844374950906,638.6829315577504,77.91306593207872,3
63.12283085111881,26.79362688582328,36.4761582426664,1.303571850018806,7.485039912167355,893.859912262037,55.60617273348709,0
56.167591748119,19.431621190010674,16.918184298205148,0.7898316981809015,7.958586529931615,823.7425860767823,6.897090962197486,0
47.66794557251506,34.73779023839393,17.659710135351933,0.6153876314548665,8.258696804411372,615.175150378574,70.87877915037076,0
86.9071984177294,29.328924179813622,27.379289806166657,0.9909001002243727,8.378903342402834,576.9757381371967,38.93230132469153,0
75.81634764958565,22.85186916387818,30.230566569233865,1.2866194869800807,7.732433764866096,898.8694160056759,32.708215120691875,0
38.40679054598715,27.958742701659155,21.87270843705602,1.2343825812898912,6.393441330936961,583.1780033437255,99.17568140383975,3
82.10807855387478,19.861200223172897,32.91994291748426,1.3679969790973585,9.268802645906186,494.08156537161074,59.44957683001305,3
59.24587189497082,34.419223369728925,29.87290052297179,1.4137586232185326,8.286665870654648,836.688875042739,71.36118825367171,0
83.67313361364549,20.97134479401722,23.120602743713867,0.5857464857132995,6.447360147477638,363.92900710850176,53.106287556629184,3
77.99131535683891,29.01651540693864,15.634287201057889,0.808629473003126,6.789287329081091,268.2681932077663,77.22729194921362,2
55.512810268154006,22.172725863161816,33.75375703246294,0.317554247046084,9.187710682521478,643.8630240532812,75.45520081449754,3
31.348158499207045,30.198543505025107,20.368841645627068,1.355185991118072,9.049940746829343,267.0947436381243,66.05746545233589,3
46.12064156309677,31.205963243084778,35.86184358656571,0.48548658176972104,7.1205857534323584,461.2039758670721,99.7765630829339,1
62.498052879652015,29.448135391494354,25.50725650135638,1.3337697748112332,5.653228887965804,496.50416990720436,46.51955987423064,3
68.00869318956885,28.446490824338273,29.426936065794138,0.6952647863839156,5.693989475575753,583.2766469344632,70.91304248151735,3
45.47326112599214,33.1719745971842,36.82371826022505,0.7417603079773658,6.635673163673556,894.1616820235737,79.9800183176869,0
38.36136444436945,19.336654086825888,36.590575022998834,0.3469587053806312,8.016488877355998,354.6872063332265,38.227436249859885,0
80.09581420795794,23.625551018263316,24.287989381089332,0.6922545477183835,7.836778541338248,463.02946495483843,46.26032772780824,0
89.06413084221313,22.22088715372438,20.22222231787108,1.3660364193615169,8.03531114777577,292.56808708746064,96.94755937266795,2
61.54141093816115,34.79623735511217,34.37865194321486,0.33065688134592497,8.369131887728427,625.3294682232643,4.196810695534201,0
40.30075715089821,24.61962625433685,25.82700509005328,0.7875929676560705,5.576129014370954,709.3712276154835,34.194269742130516,3
46.338439591162135,30.45441588708678,19.801049838975104,0.33767955577528935,5.920342380689771,537.4537762651153,49.13508327152832,3
31.103440592848003,29.640327785977078,37.61063355792875,0.7451081101308779,6.93793380730885,372.08188780297974,1.1450343138498331,0
84.85792839362995,21.60538103711542,19.952604856027186,0.5071687689363494,6.119439990086327,634.6217884272234,90.01358299965456,3
37.06506497340847,22.062960563596373,15.645179204780778,0.6026620719220463,5.801280170178217,577.4104063581947,29.33819562100371,3
64.59098853085521,22.78183758040158,15.506999344185498,1.3531180477937028,8.063857583989329,319.8300063826024,26.512778378834984,0
46.44331324123236,24.989163730409448,30.557883911356605,0.8232590647462692,8.761345909964396,483.97733035149116,82.21229334002044,1
63.2506801509476,21.983526116058954,31.54187651793826,0.6285575896822946,8.51050662973713,504.63796414463644,28.520339621745062,0
69.08522330111185,18.33407520669641,22.776042626424598,1.0072060535406573,8.768159114436717,887.8324276400031,66.10463679630021,0
79.7845082224321,32.94968196572232,23.000274731176585,0.4705283517990988,8.163426176231509,794.5000825088653,82.32881124629397,1
42.3852763056362,34.41536713347503,23.487347876498568,0.611269928905027,8.441381287256808,714.0595517915157,79.45520792332687,0
30.659749719508827,23.806696579536656,32.00396366897196,0.9554975611234662,6.587115096833205,822.1439178520632,78.41312300516697,0
38.213137804128436,23.75461695023304,16.453344775670715,0.5850276502176825,9.472032145136657,714.8390840801005,9.775119416658251,3
84.0011185108863,18.120560817164307,38.22790881728314,1.114953284881048,6.232662617975548,832.3812985880134,8.904849789664055,3
82.43340465375091,29.56426170161636,20.56302610443616,0.889789562711427,6.35797549755753,238.18718041565558,31.37023353800136,3
65.8447861302185,32.032478227726685,39.99183013105231,1.226386884305629,6.655687327263387,519.2463464868415,4.558840238405759,0
66.0310116260192,20.492341106120055,19.288067344679675,1.4378934428669623,9.401329720426315,722.8288346692835,50.54254391540717,3
69.90220047277532,20.714327939241564,34.288661432809434,0.43896586721688924,9.453154357415624,608.3070576270095,40.08342456075161,3
40.522276717406974,31.431415249514444,20.585313623240626,0.7015980119814538,8.67957499882599,322.61631490555067,56.145565341771764,0
84.8647167554976,28.47694272202046,17.021170041081348,0.6834588754540878,8.016230394238535,438.344460569974,30.580065328299355,0
55.12623149352439,18.76262947967119,36.87333310876622,0.48141950320470506,7.580250300738454,422.4420625186839,49.08964629605228,0
52.98831169496985,28.583298837858788,36.4687814797723,1.2723637648001649,9.382483382747383,382.9428392290352,34.13973182004632,3
61.13506231697025,23.251601288344023,25.089259811240034,1.211854444846548,8.28249121143299,440.1948874597763,20.32560113010755,0
32.817958006503304,24.268327643004383,32.55990356351067,0.8813105650012787,9.27892051330412,560.3973019227847,65.28730143264367,3
39.97700212536476,31.085434111046965,28.92664831709793,0.9453249333535314,6.766203197910496,798.4083173482932,67.67015424841934,0
74.28201698558223,31.78589827543438,36.32390284184372,0.37145296560299546,6.835099169078262,719.4228636756294,83.09393758222525,1
34.967920075507585,24.80606265627712,22.87639923296636,0.9666088227924547,8.918898376473742,784.6747928113635,87.60042653221876,1
66.1891265679833,34.10159991210803,28.09180999997463,1.2496098288235638,6.0994196823411775,818.5226211941605,70.74172853242364,3
44.72094658087926,24.909866205185228,27.13430928011376,0.9885930883006286,9.283711445184302,491.3053192683251,69.06231058305369,3
53.35773684251859,31.121212598911868,23.84764565642147,0.6183676441445027,7.52989741865363,442.218398818723,6.610890868310777,0
47.32162420624199,26.225913497592405,37.286376613909304,1.1010579268012046,9.20565551433479,240.33636717891326,11.868144904358982,3
51.34036298789695,33.25804955087543,19.146948116563387,0.7337861159582972,6.847171154903252,851.344135313504,81.44370832869646,1
73.14275431105473,33.431941142053034,18.737715988017403,0.9538479411428822,8.363835616557587,246.07611255670076,24.062174900739524,2
47.8273029373905,19.486085733808427,29.422738383068783,0.8850784359347097,7.431500487890759,718.7948607593293,36.20094096149122,0
63.98427841781383,33.92038663227384,31.43735574962355,0.7574100011582161,8.007214520981892,464.675813125911,15.384438013911804,0
58.56302413194598,32.03409230584707,19.86548135811413,1.162653576472962,7.517489972556609,864.1465421494304,20.320044888916982,0
69.8202699217589,31.452282143315337,24.767936056365603,1.3606513343830582,9.368462469485445,493.7214146538903,77.76630630165042,3
86.20978435948548,21.41549277465388,38.66409607446859,0.30625502217230993,8.268421591255668,771.6258459483015,26.924102332038288,0
73.95432583261501,31.6870265488293,21.16543556726685,1.4203398230764408,6.505275874505262,397.8583825145736,45.45446166015483,0
42.896422715445404,32.45225648964563,31.709017552934853,0.9138181632998699,9.138707687620338,409.3621020706927,16.01546593286469,3
31.87098810367708,22.915555685720566,33.50373484243977,1.1408782564359181,6.676118952620417,616.863586914904,68.11506072529376,0
45.73584265798951,34.18842133215951,26.203217486628986,1.3267494794110526,6.986420397203425,898.5878435952317,73.09870367921414,0
65.70467584201529,18.84762248878579,38.438149668989574,0.8605244307771238,5.9084947920808535,562.3006925854374,36.80753947197267,3
33.08554880905502,20.548457305201374,33.416418380469764,1.3019688880378684,9.099866079184764,855.4160454753033,78.68991796615231,3
59.781974832074184,27.138879346875743,26.448114496522447,0.5131437833462427,6.6444480929114516,750.3748797741094,24.75075854029052,0
65.81057093501335,27.788472009079264,29.23338004440235,0.4910010413757774,6.535670471725529,757.1050199240644,69.49848234791546,0
50.05463344901765,28.967551416115356,32.31533608562752,1.0889656426273842,9.181050391979817,505.17199239013485,73.26649356062494,3
76.25473222474932,18.28847519836293,29.804754510730454,1.3441716066620846,8.722107449620133,470.57957512096044,96.89708040108884,1
36.39589518802631,34.32623516857622,36.967439595651896,1.3709114130432472,6.064315686077498,334.3452656635708,23.99984485348491,3
34.50826690414853,18.75799757648045,23.92221655701003,1.072488550052696,8.577298015614723,874.7588868885575,10.27733752423252,0
73.6913253722162,20.43205319629784,22.497143501395122,0.930587076251181,9.152132392215163,871.575528710674,27.040506806688875,3
59.72947897237191,18.238246797942967,20.34597223738161,0.6976717052358195,5.814044872842976,722.9474140171279,13.163357461629786,3
71.30414378566417,27.63659336599961,15.944574201614879,1.4760004987191977,8.800859979618291,407.37671489686863,17.799736540936657,0
56.089640316224774,33.84853702665653,16.075349109501385,0.6836348239995005,7.6896802074922235,371.6256782395975,34.07733667374146,0
44.78412199434641,29.32110182336789,36.751379827732066,1.1930233286779117,8.176789797515202,892.0271696708741,41.98508392547809,0
79.14613906045199,31.985176964167266,31.959828660147682,0.9383781598860008,7.471417355619748,246.57997057572425,90.46869834938657,2
77.96495273813875,18.22578045879586,31.513310385912153,1.030214811030416,8.291212339621115,790.4950044989163,20.365961378502085,0
71.6817882512656,27.21426007415534,30.36607047337215,0.7721766607063514,5.636391446667012,448.82060033773223,97.2041386162004,3
46.32870823379776,25.81257061759387,36.23047861735262,1.4577877505666974,8.550826892893134,493.20880380905436,81.205167779721,1
65.41384001214523,26.482455051753483,27.006673141640686,0.9860187913191252,5.633374791435834,782.3843541241861,88.26566759945065,3
51.65843381640161,19.227624150698194,36.76027071395751,1.425345156550548,7.321199390989374,263.4221112037506,93.0149549842841,2
35.49492439959805,29.635401138178228,23.986125654555977,0.3091096994086969,6.10385997252118,447.91877496418,75.57087851697095,3
85.03881452773456,26.554747052596788,38.167687608477266,0.9872046998293451,8.794297109405228,866.4169940187012,79.08920333008905,0
38.209117855137684,31.007530447641486,32.466424502031,1.1606242676703258,6.754643636702674,689.3461389398794,44.344011363956334,0
87.01424122924814,26.24994077904916,21.429428400610682,1.1940962053946615,7.31637417841733,728.4574153641233,51.53457323294815,0
56.76034637747735,20.539487815849345,29.102123042215627,1.3859722581380176,7.215002965193246,730.2537106688335,93.31605724989679,1
41.10797573031718,29.020368219322975,28.32576403720639,0.3052819308045435,8.590007862738826,242.39905821476117,38.447335243712295,2
62.514056842701486,20.930568155787824,18.447470543258348,0.3003961911113717,7.424577439183902,342.2453152823018,5.152760233356513,0
82.37675015258449,32.83070757703185,29.781072643765352,0.8667161529542584,8.655833340041385,543.8842792568482,76.51268416200251,0
73.93349318457368,28.422976064177107,22.86964059292395,0.3351524460064448,5.794033107210701,457.70516273276263,57.74259366003432,3
78.39366887168698,20.67246602046822,16.30871917024006,1.4694390643948494,6.266375871611981,487.63860519299743,81.67272027198786,3
69.52700200264304,34.35974697718052,38.71640394266412,0.5664782094496703,7.706136998585443,747.0131650379708,8.47957539448525,0
71.53659387107115,26.81221287670045,31.037259226607194,0.8671976752378137,9.28835329901078,210.27546454741469,62.501967057103194,3
80.95173909391916,19.239273681818133,36.922973296771175,0.3733651560146683,5.799031386887121,662.3443484248671,25.52288291108504,3
44.98008053155115,28.65615937505614,31.901400125331328,0.9264580994055103,5.672336864627457,200.07716226127573,90.42359085495391,3
59.36549781858843,22.304381419217773,23.924592303502823,0.7559473501768902,6.126202699711422,244.14096790337058,11.881084034432822,3
43.27256650917613,31.662788681914144,27.817201808220286,0.3535920346526685,8.064612515440626,485.8002838863368,84.46385799978124,1
89.26008047979883,31.90297525062524,31.893669008679428,0.7021491200354697,7.095971666680988,788.663963863375,9.766870945219125,0
86.64356038119679,34.64210504952925,39.00630813003594,0.7697232242674268,8.802209517670745,301.49703589512234,3.4846381942028115,0
32.365608682110356,26.53178202741656,21.341736478042414,1.487905789529928,5.787732605925463,588.2349863900281,24.270883574150307,3
72.33451035094131,25.73426695537153,36.87442646560294,0.5494630463032506,6.285656347258804,674.9536587787209,33.971409551741694,3
85.51489904493995,30.80908529259017,38.10194513235673,0.9537355384441195,6.700105621859583,360.6730189205124,63.026348409375245,0
40.83452070764001,20.252001157812753,31.760387866473913,1.4847786590383543,8.006920346755141,558.6311786887081,14.040735138744326,0
64.07671383315777,27.297563734483113,38.281665685033445,1.250423049528162,8.240690761206189,837.9850981967346,44.29566342551642,0
84.92929785528251,27.286209202224466,24.946964686934212,1.4920410010585068,5.996813175855095,558.559967755873,21.2220966081845,3
32.03675871514793,19.521043087776583,38.82540440101107,1.4619579775922031,9.275218835966959,310.1261432513536,85.67502883315926,3
71.84521603481039,25.10572945361753,32.569571929149376,0.887447450512985,6.864176540760837,639.4700076812812,5.451684287179192,0
47.840940442353045,32.505841575642435,16.050144185470298,1.135651019844679,8.352675052001132,614.5401260059598,36.23783494216359,0
85.46377172259182,32.55461157390923,37.67182079547632,0.43253175232938135,7.596830875790795,218.86833185869185,63.50603391694178,2
88.26349470992207,19.68704030363458,27.111820225829813,0.8293785900561621,6.3910324541884265,263.4160840232966,91.39572962714196,3
86.65598934680604,19.542255006713123,26.50817461944582,1.2708222507200369,8.884913292461643,309.74694859870755,86.93134884669563,1
58.45285299944783,22.4658231090329,29.161665149490858,0.906402385172572,8.772952112767719,295.4023542933089,89.6240079521992,2
81.72255905935882,32.87102306341789,18.734613669280698,1.1432388393806783,7.08428741566676,381.6260393926532,7.222476074615227,0
80.67296391210422,20.191343946249482,26.729151214184967,1.1949015959811322,7.854430342775421,517.8737262648976,84.2514028848825,1
49.146028394595334,30.239945644666584,35.778180417943645,0.6041629694914726,6.531302783743759,460.2014085292891,78.21134527586779,0
79.73492844904064,19.719815533422754,15.387061478437884,1.3508392475310786,8.259406514985205,823.4549239832179,90.34073327828628,1
32.220458082929554,28.59334351371303,21.822929008109284,0.8517869170910146,6.736107250481726,628.476586584436,31.846050458542134,0
65.77619270892319,24.053144085025462,15.061364661096105,0.5522221243458525,8.876314937528939,813.3010449732901,91.2647455210633,1
43.80053023726218,31.41153737041974,25.39278272874621,1.3384990581461325,6.369540417109097,568.9275274423192,40.86146742355833,3
37.23401314663673,21.972737630031183,33.20788776234337,0.8013825673275043,5.559213691273857,262.90932948253794,63.7758688670542,3
34.61719209775255,28.866431099629317,34.96929572786571,1.2003749260556635,6.574032167871674,524.3012143465044,42.993720129492836,0
71.77732655268838,22.006603087790044,38.62974402817517,0.9576396866659114,6.264209945837947,775.4227827896555,43.33719462104946,3
50.39249782608397,30.132224812906614,30.212615324269663,0.7582461026814005,7.533145758899697,335.87263701697566,55.11706486069526,0
73.48600629172569,32.85252658753273,21.365671666322385,1.271851698046283,6.314813166626305,263.8499951268548,36.23674425246143,3
33.92138044793654,20.15563058515492,38.10369872841747,1.0013639179735356,8.55275948287798,430.60431683678206,79.48096243265434,0
48.91742026983662,32.73212670612356,34.3828938470094,0.7686745229124381,6.465482552016016,472.22848144809774,63.73023480610865,3
62.36947754252023,28.090779325043066,29.360712075078613,0.43151744440215245,8.327872719650623,414.3803734841331,69.28582039235562,0
77.44338989033781,20.16087834473941,32.3910053929734,1.3745343765200495,7.813883692054896,294.6685499371892,23.872445221954596,2
49.12515017592419,25.268211541115104,38.10790887518573,0.34256350240999983,9.444999425887538,375.5879018052002,96.98795355965785,3
67.55348258622055,20.734624989246665,32.809850711823046,1.3358248180416674,9.499603908036926,677.5976832214772,66.35743367952357,3
83.15866489417124,29.905914110731683,24.209362689618352,0.7319538298597865,8.97810433326932,470.14996140521475,20.52239058850877,0
66.95179129093827,30.900758285105145,32.82570505722742,1.067206516201687,8.539933477195005,642.784611232989,75.29853410363235,0
43.97756848521803,19.798540844637582,16.006954068384697,1.4066396686028224,7.045825656002295,575.4126459431127,18.197696217554647,0
31.464046893392283,26.604377495808954,24.660389045764532,0.4820479386046781,8.513106908525215,584.3370579003683,7.275104733651331,0
82.2059324340558,31.848625952440592,25.15807579613948,0.9803405707665722,9.326702148317963,373.9846905634572,53.22778621843759,3
31.27616465102323,33.91477170636694,19.170955860520866,1.2173194348442304,5.593510301581777,565.0801229377271,55.79887146207238,3
82.48210036105196,26.72980373461009,15.577137013794255,1.2091005992628687,7.651658800790955,216.51629970424125,19.70759189842826,2
61.73622804163272,34.15474680139392,18.33453091594357,0.9307582975194046,6.371993217553738,502.22061962744834,35.48951548492374,3
86.34406191077377,27.106712497752508,31.365537394926378,1.0496873518877496,7.731505263475402,600.8359762329405,94.631160272191,1
77.92699414641993,24.701238408198435,35.05722040909219,1.2090323929594133,7.365788359035564,327.3969349478765,29.2153199766615,0
89.87604663200025,32.41945318539922,39.70508731817435,1.309233165308894,7.8030743262091375,379.59095437426595,16.401238015771497,0
51.04270892710261,26.380706077787515,23.659087577712356,1.2141757162510365,7.703848885674897,353.67171387093356,99.26363390787995,1
76.0312973358676,26.02234267959689,29.984480556527544,0.7248059318174911,9.340428156674248,249.39056868579692,30.92824810166621,3
54.11585481655453,26.33531231996708,38.42862417037804,1.4960716812692798,7.708744435738945,443.50012479806304,68.3451136414618,0
58.79253721823453,32.39534503178567,19.176044533453815,0.8214032324631653,8.884928352499468,885.2760365163576,23.92445796248737,0
67.6503277931022,32.14300620869689,32.94113965856857,0.3293576433107201,6.7792811472033865,447.71628452452705,55.46199850165255,0
82.42062685118032,24.85983987148359,33.87446832872908,0.7351403419025544,7.252402755164196,522.3756352858829,39.24191667435194,0
89.04500815195772,23.666097617798926,17.22438839673346,0.4533395454886119,7.38165390417924,657.1610756694627,96.19634685475967,1
76.0964048318711,26.362776408665198,36.53123462957663,0.44573113887405,6.614912173341519,653.948425818375,43.84778158049828,0
55.066006930040025,27.737132665530854,35.327626177771094,0.6378420481282732,7.0191610459118206,864.9264860130369,58.83324423399069,0
55.281420136624206,22.05173258067595,15.83507516443586,0.364050593012713,7.894052317867101,800.2948982793877,94.53186032411456,1
74.25493809533349,31.49723644016504,17.27711037200129,1.1262146260914756,7.82075105321813,755.7654809736066,98.93419569385756,1
44.32662874609814,26.270207017451188,16.228172347296308,0.3887866610422861,8.045741378293922,866.1390580448174,11.064178036494654,0
36.62844678788368,23.678774323139315,23.368588294984058,0.5439474665231474,6.907271661680564,361.5357698382201,83.5977504921965,1
51.27732945844659,19.81595688038784,27.732224766998154,0.41147965739294323,6.763325980612228,631.9379362352547,38.82953292453763,0
47.2343394992449,22.06036772686132,28.30869319886572,0.37580127708363725,7.946471531016652,821.0377367055094,59.88804191435567,0
47.778487227359406,34.137779919851724,21.691668994236068,0.62130199864745,6.0314469937101,636.8967107946712,38.129759816569305,3
44.0164650629946,23.186694675931953,37.78992216400685,0.986278761192444,6.51212617412856,884.1943322248087,40.71050435982444,0
32.525591378181716,20.8706079192396,24.20656974679783,1.45762266773621,5.668510947811981,270.2468997344653,16.726896062526045,3
31.072436084004828,25.831437458134886,16.138753899133814,1.3506679852195276,5.79044341038432,507.5313519552402,57.70387938435872,3
89.26334338416189,23.220491637124226,22.50567778853466,1.3511207105343896,6.473533117042436,884.1540355360454,55.12487864852775,3
55.66638802415174,18.5977072546103,28.277735563603887,0.5112804432451892,5.578117121187676,465.697619998948,19.746223065301585,3
53.0595988295809,23.493468693750092,25.2055455647058,0.6178886321973841,6.481642368349846,717.6894625695131,54.631312504060205,3
70.77883696158419,27.249846606970966,21.84606297748148,0.39167198015436683,8.119905292248104,221.28203075505442,97.33708638047753,2
43.09523327190385,27.379110324339436,18.283081244107937,1.234162007898222,5.744428313875732,686.3859802412192,71.72645098952518,3
86.99767103701352,24.06150166000711,35.47911250240574,0.3837795617826743,7.246946711178564,854.2387127693049,48.61727339875184,0
77.18070086493313,25.60414685629421,39.903631053104796,0.9680348049850238,9.152435147678197,467.8943996330019,91.69231457255616,3
35.36466013873557,34.41380460999103,23.238553338097052,0.5974506867887408,8.665139315701603,214.90988654885064,57.95612129402528,2
55.0548465470957,24.414924112915298,24.5405261044151,0.5921347608344937,6.721750009179429,219.5368630768387,14.369751874052534,2
82.74709845372988,22.38985582541971,30.450938116923925,1.4888700662971261,9.199221916766588,824.4163139977624,55.20345513343318,3
86.68392133748462,22.13893974913492,32.96103686838853,1.2081357683742449,6.818585986990899,705.7612749673833,18.916338421220914,0
58.044090674992184,25.78199841597028,24.800738370089782,1.30432722994926,5.79006198535025,274.6804689586059,76.98297903601976,3
66.80468335264246,30.91184252818805,37.62323792454538,0.9863792224128152,9.476223827072454,238.21319393583758,96.75024721517612,3
40.02203676552451,21.501799131204045,29.000099730722958,1.345217144872499,8.980090108756688,763.3777545308355,36.7210398697897,0
89.4701175682186,30.058034161393056,26.259751910148275,1.0745886469996235,7.36373113320437,766.9024429637514,44.05687013239425,0
43.90030208300661,18.359546996940075,31.166818828997627,1.4354084457556144,8.165506096769615,284.3652878544343,42.72815021702438,2
86.56390644810753,25.12186062572708,38.82009620622933,0.6376063032547641,8.18491231142668,411.06428272204573,29.244697603693304,0
68.97879893954212,31.189706108447375,34.86380736054264,1.014383454939474,6.277928922921841,746.0182452017227,79.62381652298447,3
66.46420769273155,23.758460248165335,16.00032826337811,1.1281576175242705,6.30019453261453,567.7884496678045,62.155104941952594,3
60.76131066099052,27.58353072457179,23.30774776849899,0.771524766033368,7.378322813407303,869.6094025077095,7.341104128799401,0
43.84018870306552,21.484646958040482,26.76361712378057,1.355649578884864,9.146292560550792,536.7438517422034,84.04182716729042,3
40.591681920330494,30.613921649144928,22.86293930522763,1.4757637957249852,5.539975099434283,673.8705562958588,19.521734884167522,3
43.22917254421052,18.888744755568915,32.50468902076142,0.8925233896471938,8.630022543797438,556.8483560191089,97.93596500920299,1
41.18629572865527,32.4932249628835,35.656728746564525,0.7687687857652068,5.730107134858617,860.075846979532,38.28965076125401,3
76.7750684140052,21.36933856916836,33.28362737963179,0.8663255142677504,7.412888459532471,479.0613644473262,62.028515067882054,0
51.0075155500038,32.864766539041625,39.73333217070688,1.323284094878318,8.051491332293907,360.85751862502,8.70453827070701,0
33.47056059380378,23.992997102108795,21.813691197325728,1.074562110621801,8.24703706832986,428.64370219669524,35.12166419414731,0
88.14615780844868,30.285620766066273,36.874737375610536,0.3537268470217141,5.733917054463646,796.9426429156605,80.43304177871735,3
83.02715309780554,23.426830062365205,34.165566629362154,0.9506038925348577,7.174414469535873,548.5569944584934,48.243640703372584,0
85.66513699171279,33.40049841098901,24.054468938953654,0.32076014728916374,7.835349042009298,447.97661245156735,90.55574487085826,1
89.69446935878611,20.152831133812363,33.35311359142422,1.2342424452040865,5.764182149224028,580.982015266638,57.938705664029904,3
40.433714953169236,21.034836417634178,17.601898910456175,0.6939747282509565,6.04037822638124,293.2607950937896,92.92864734417903,3
53.77452113415953,26.381512127699636,34.73333705851381,0.8664089785407951,8.154595958016154,203.75151323791727,98.27838079424306,2
75.49430854224548,19.392953463648485,28.308265064677563,1.2584137270891584,7.586552786362606,396.40927858544353,45.93556139230932,0
71.76123708322754,21.33166313992995,22.307254317731328,0.35573858074291387,6.147314645073163,623.5040038484797,56.950500685203,3
39.233754380391304,34.044028497604245,31.394432544604502,0.49024984270993255,7.640957347658934,698.1765387629711,83.65714368187571,1
78.94998749943707,34.60032423951408,31.040499967860224,0.7775524517341378,9.150769493777663,778.6276764463767,22.93176754804549,3
43.46643431019964,24.39640859861717,20.237155567989994,0.5759101962546727,5.562350339101456,848.6644915761287,86.30132780432984,3
43.42905688935738,33.695862357236905,15.759935370288153,0.7054817109300757,8.070535093943418,488.47864287533764,59.60009389734969,0
62.218465373604815,27.262019486448338,25.840564672541845,1.497809685470958,5.794601738421368,718.3617596902183,72.82451340306801,3
65.57639609050219,22.58562191985404,29.23779673361053,1.2904973250885727,5.525797771858803,252.27105113864377,8.905548243681075,3
64.80517247026867,29.940778258370177,36.91513195926496,1.3606821779521303,6.102617954642535,240.27099914045607,76.85258066188696,3
35.489210243865294,29.20133071177257,38.20541989118986,1.4244655602789305,7.191626527415677,287.35859439030963,31.767903552792184,2
82.64765175782281,34.81513042484846,28.22013045391916,0.7091230563770348,8.709375995927811,513.9983684815336,80.71799540813436,1
45.93600255532236,22.505803885957818,33.845087094213625,0.6564923493557673,6.627141986418234,347.89700694912494,51.406101291967985,0
37.77089527696825,29.425011545249504,25.982581808199924,0.5808749910864899,8.002692849555034,400.84745935647106,28.18681914674768,0
83.32488479213863,18.884403835500596,33.65205391432232,1.296140293569747,7.144626551821227,653.5161214586119,95.32321000514375,1
87.3390898937852,19.93198265784423,20.120038123479173,1.1154622347422218,6.437327167864032,450.9655251619922,76.74117737343842,3
81.72765703592704,18.066612374168585,24.276618370088286,0.5834063789794528,7.5569884571314345,590.1600904026155,98.58292131349104,1
78.57096448349269,34.99083157801444,30.855699970340368,0.7523925950525459,8.689857961490492,488.68262971561455,37.082519942808176,0
69.3145188383413,31.63865285150712,15.45394914017697,0.9080541167193579,8.829969480224577,318.2784788638737,65.27274372062223,0
63.05144223654836,31.374291250470193,33.061532758473845,0.9337680687285044,8.886078127508947,251.81399317912587,61.547279108508945,2
35.21920559468461,26.665343279899055,35.88838753170417,1.3664732742620576,6.854231250219918,365.3620467169215,69.06811736581149,0
54.50719278424192,23.101140409392478,24.97854152734879,0.7566793595366595,8.673824258863013,240.39032864373104,4.793340038091752,2
52.36131102073884,20.57149283586549,26.198560429429108,1.3902288366006148,6.3487138204356315,633.0283719228648,29.880213063860037,3
45.585227025619574,22.839470560389884,36.28205530541328,0.8296410723837475,8.453700404971533,757.0023210262702,91.02441980528992,1
73.40520682131509,24.391510772795364,34.39136588315084,1.1956472097508246,9.293537705090467,437.8185377661806,42.95818543235046,3
59.75254410472625,30.857271648664998,22.203737225834374,1.4163051839820673,5.554975338763828,470.97773874665074,96.10372422907318,3
34.862772954458876,27.17425041135359,23.09940266403847,1.3890908447559196,7.2614557247151925,771.3337439315146,22.1368140918526,0
43.21099211698868,19.317221651443205,31.971955809764914,0.3683434407548174,8.091083953656018,355.8290386614922,99.74497337462785,1
70.99552581957576,18.30649315230151,29.079952311204032,0.5468451539718837,8.307103081950212,283.41218563641195,70.0605099869937,2
34.56785156941801,19.739647052079075,19.055739277412425,0.8722865106387301,6.204351033076809,550.7826821317606,77.8629489825823,3
81.07241484292612,24.97847813285545,22.74824773072916,0.8178651479437287,9.388733100954372,652.333118673266,40.289256048051044,3
59.70879162083846,33.86427958983331,37.49958192196635,1.0690699978046485,7.961061471883892,619.7580975325354,90.79380400480146,1
58.83519463959888,28.835842180556767,32.20436091805659,1.4336508609904948,6.157362404913071,699.7111316919265,55.00082719490358,3
65.54446707957106,31.631040297883757,39.64935794213798,0.4348856535335386,5.582090046850061,239.7258275211167,68.41289964223887,3
79.48085795550895,25.928368106577324,34.175313249519235,0.8422303981610886,8.633056795159103,499.741128930861,10.386018862292314,0
50.86855247413158,24.148323414315726,38.54936080358976,0.5308932454645672,5.818818957781836,366.9993667619852,63.53638938839645,3
70.68096915354381,19.842806336182587,20.404714346761885,1.372929118077537,6.064203684280946,731.3848816822169,88.0288198379535,3
63.94391783974746,32.890861377165486,34.28712187042314,1.4574962229619834,7.799320107422762,810.9113388422447,18.650039593382818,0
46.02169621016528,31.31372049347435,15.505438003694936,0.87444201826842,7.914022013798479,396.9350185644904,74.03486752884976,0
82.71779918130949,20.858007659161327,31.769000542788348,0.42481235727376887,8.247548474369594,266.65265534858577,3.5146751404708003,2
77.8455612964157,26.70842958589643,26.732056953006037,1.2423536000672077,7.074056050654483,377.3995733939778,92.69409863968937,1
69.50711007950554,26.28537173466116,23.669001798001716,1.1365696205908788,8.595594675867291,272.8059423412438,98.30879448708744,2
81.03490374565452,28.62655639567099,36.560108807327225,0.7256049919323726,9.397434398463554,425.69551627941763,36.06382661301135,3
82.03765205758813,34.085177197851436,36.35669231643827,1.3648889687627561,6.584379772319532,576.739004825278,11.60031112181815,0
72.50177860290208,27.856114509962154,15.557542622466089,1.4709982677392486,8.312114466151783,881.5766680787445,66.19906044815136,0
80.22079970182033,27.183693535236515,30.237628061235775,0.9694246189562346,9.213874609580628,479.559178045951,3.9536169006004274,3
71.84828770015702,18.855489859889285,24.19580560802391,0.9788734936131507,8.245147050468171,354.0279466982348,48.76614184842148,0
70.80844630561802,19.069427092306405,25.39152503751123,0.6570162061365334,8.224437994577038,316.76121825958455,27.906138338650766,0
67.11668269291106,21.18489545255541,35.801018480469395,1.001407243179977,6.395090276340826,321.1278362970732,47.86056634133481,3
75.16299837345846,18.55200311875972,22.74599428819196,0.8275707846298157,7.640520801278772,334.81837828302145,2.809275959097341,0
39.51630631758442,30.63699922469021,38.576220265940506,0.6626292323136622,7.750091374418321,733.5869157762129,6.109606123999941,0
82.85224555193571,30.29661516789737,19.490845659303517,0.38062223582868154,8.300518249823812,242.71939800269394,2.581607055494851,2
82.31061166471392,20.31295598533793,31.568060584204446,0.6032494316509498,9.48728579958473,898.1818948601239,62.29405513466428,3
31.75483698207355,32.21334131351978,31.80262667534412,0.5374255796131973,5.634575290175048,565.8804738163828,56.449198849845644,3
79.54900503388576,20.631362592383905,21.304879035697954,0.9504503814647387,5.760930645069948,580.990326010578,24.082641855123843,3
37.73219204840671,23.1199849789551,23.118765224180052,1.0220040261163126,5.811800277723675,450.29471508972335,65.01766976149811,3
50.10713125554851,22.232607285743207,35.86996231449851,1.0302860691672198,8.471916537955828,683.1787515884844,88.53651843260253,1
74.61049537749646,24.329220675741812,34.045131373873815,0.7658172012548149,6.04541518044303,530.0194386165583,28.454888001585253,3
39.64559376289849,22.32928402012935,23.227397007868987,0.8054756804225951,7.989807497961381,430.3428994751848,83.36738698001976,1
79.07802144714373,26.312165749453683,28.348913673373346,1.301086115568768,6.798675511573833,385.59688259563,66.58840446421597,0
79.92805067746451,24.92593398302965,16.542007406327386,0.8714793762205948,7.329279824842844,847.9558448532816,4.348223874125333,0
60.44806402565017,34.77168134324855,20.218647059965733,1.485327998564547,6.362652639269656,403.6926605366941,38.13983968711401,3
30.383152303010014,18.950747952179835,27.145513971509978,0.8275406760106379,8.964426245218169,505.4752816008894,51.2679643700427,0
47.22228799049476,20.41708339858498,17.14934338198029,1.0794971335414068,7.8446012966521055,445.2389814815278,73.43821980551742,0
67.01561510254453,18.898040196446242,36.08330887229844,0.36043559879207493,9.27825305432901,260.32517919962515,29.425925267088278,3
88.87117068164541,28.63930031470039,32.9501552526912,1.084007909302573,7.798384998817318,330.15407613758697,98.2902803809353,1
67.9088116210001,18.926657716033233,38.59084176621237,1.3217116732980074,5.995632122387787,332.6513827284674,68.76943431000349,3
45.588214863849586,32.219475535394096,32.33667264910068,1.4309494062399555,6.183481735353902,685.5546600727585,37.90855403927169,3
68.04034218597668,26.702956721592773,38.510034306554644,1.4967847339677245,9.45629590547139,484.6097869760664,10.60547886863409,3
62.39912278295133,26.959129617886074,28.862813892274126,0.6386143747790798,8.40226078932347,747.377294149461,18.95540826681018,0
76.79072370906862,27.5471066311073,30.005465276549234,0.9904440777908601,5.697115000116359,696.2656470339099,49.273168245460504,3
36.4188383296175,20.903833007205584,39.424276365656524,0.8408615826385768,8.31512402013866,334.4348364772263,49.9748401408783,0
75.66167415012168,21.360735152946287,31.053228671606508,0.9765809766902052,7.148692187238447,594.0418440840704,77.004157717314,0
62.47599472056662,23.41989448884108,15.769664221518665,0.48894354862781597,6.728833547292762,720.036192234162,72.891485931653,0
87.77952023153968,28.089439068971473,33.09506941576308,1.3273794871151299,6.116243174922137,643.1300464330061,20.926030813263914,3
50.51232996232116,21.572002190983646,37.63671730343539,1.391482732013505,8.859615818226263,620.0115556615866,59.900705435268236,0
67.9573135880369,19.977639361265442,34.88950624485817,0.839593995735507,5.755365515956402,717.7276211805375,3.0415582735459448,3
85.92168633060105,34.49198706911335,29.595831815635563,0.6365158338882921,6.659341849518562,239.74651747941482,40.456192539049006,2
36.15058367944076,18.37369085176359,31.78258782733791,0.4690001131836148,6.725531575302817,711.9953631530029,76.64641881658898,0
86.23370923418707,31.64585589071237,39.754794731291796,1.1205177897333654,6.143621135854001,390.85868420739985,40.55135073542948,3
71.27314333804881,31.396597542775375,17.26655221273346,0.6746782075448823,7.532739533147481,600.3105781565479,83.72402774034099,1
34.07022354631032,23.05263993536663,31.68112071583099,1.3914462838960664,5.5468105072435705,369.6134962875552,97.63937372240288,3
48.057814016808976,20.30565247212433,22.084942364264847,1.105214969813844,6.703902061641637,787.1723005447864,61.11404766723721,0
72.4903253187169,20.4756869939922,31.002259914654253,1.0748223902090888,9.234517776132256,536.3915480105293,15.355403557833904,3
34.041036088126305,29.85633749303227,30.19058939709847,0.971282539077889,6.742118277368023,650.0588484174884,38.58804358263566,0
64.9302276105764,28.927712048464954,18.83642080270405,0.3549316073144707,6.9418375484270065,755.8574304337096,1.9388521517691415,0
50.752983417177404,31.306676462273575,20.16866614350598,1.4183069228227043,7.392660192936287,826.720678549955,60.66986646023451,0
67.25493106604863,33.93717993078478,30.540739451080338,1.053524991959352,7.746773499405899,712.4434679485387,82.33528159640602,1
32.74452202875077,29.762765175532063,18.205748682594354,1.4928743800597324,8.734834579282976,304.138003333284,63.36406781338125,0
82.29220836914257,20.64947612137454,21.62952187825807,0.9448276857274645,6.2612848926240705,798.1726587100505,78.82253668916154,3
88.4093381506438,22.13852448501198,35.88113869345006,1.1521330702874557,8.986985508770228,633.0045411058543,80.19048880031278,1
88.13267131714149,32.317293424842944,23.177287650040967,0.3674514694394666,8.530197428575558,626.6148308661916,85.25024504552891,1
74.97910990457548,21.558203289181545,27.20150390674157,1.058083412188093,8.39060133864622,844.9383918634451,27.399714516757868,0
37.80517440783792,19.232879388226184,38.52850837864601,1.2175795339084288,5.847218294858541,374.18208896611816,87.25558375922176,3
75.49579175574135,29.95576091871826,20.67872722092366,1.2342171538230686,5.586562759898339,367.7113329458233,65.7553058478856,3
31.47521498752809,24.842948043332413,24.740650433950258,1.2241339826763424,7.876050803632336,559.2354882864734,29.682830102854208,0
31.327413091739835,33.64068089328036,30.16144438858864,0.5715391527524012,8.952535850092644,725.6041465744056,98.74217678462985,1
49.41661314897247,29.054336208592247,33.883473237599304,1.470478173126271,7.837765856562544,513.0684957599565,95.06805697943523,1
59.318591424279944,19.537122622458234,37.54133466781763,1.4942185447499265,6.352939461782123,643.7239729246816,57.86965733743354,3
76.22444506846759,34.11356164331223,37.88682468933788,0.3907150501939215,5.862079591796853,516.7673069559032,84.47762946155679,3
70.9977225963903,22.39547348188418,34.41600185931557,1.4237357073741088,8.29838581127094,627.271026340878,26.887954383267296,0
56.7541623826049,23.732612336906858,20.70827091483276,0.6473390331652431,8.387081109271238,775.5836118295978,42.18766266447811,0
46.41759997689995,24.838427032620213,15.620233251064144,1.1271408981011577,6.190126802748434,326.3336872636463,19.213204313639537,3
89.82747000946267,18.870813038873326,24.594348258890594,0.7057331048833586,5.6127612619861456,686.7649738041889,52.49016162029555,3
55.57087813415838,26.440762177920284,18.538721274695583,1.461305188047746,7.133134052892788,751.1980175367283,50.104141577094865,0
57.08322145978053,20.096414348279968,32.75969118595745,0.42180462996424256,7.830874808532089,512.9779852372477,22.06850937019507,0
39.81742927150015,24.81649555370198,31.52826467064292,0.8972961803476511,8.324009638268764,426.26350394749795,67.60736767789366,0
77.68857292499575,23.962066395865435,16.09929104053637,0.8136573503304896,8.739780036611611,209.48102674708144,12.661239257015842,2
71.62093354688932,31.138281418250557,35.91484447827378,0.6912281427335818,7.942149709226929,757.9735156338654,7.107453655901407,0
43.24617676732562,31.65389869775643,21.218581657279557,1.0746407890561782,5.94352243439394,429.5570613251916,39.105591897576225,3
34.94286273695056,20.608019000614497,25.805676887276057,0.45726689210600097,8.23032668856966,450.1166285856351,41.57265300068579,0
70.82995812448279,24.231370185446846,31.69834338639356,1.1599949017604363,9.436706571579528,435.2043141691686,32.65432004612213,3
69.27067285686812,24.347003737541137,25.735469671306333,1.4767105485657448,9.122338338389616,549.1175315686367,26.53671712024679,3
46.395571619892564,20.573977546913447,26.032195069998586,1.265470457362356,8.98667563707805,691.749701253354,34.53885815594351,0
87.05181373502462,31.57370958587024,16.64069988339351,1.3320201034914545,6.708680613433364,740.3041917003576,17.1741818212582,0
39.06347350685401,30.022881581702194,25.036088731500094,0.731564091814803,8.503152705816003,474.7995042822108,40.94179444415486,0
55.940088062556114,21.23649036704959,34.121197330499584,0.6898639277774624,8.904413783860582,664.1714245316184,90.55573397822693,1
86.61695521005593,24.234272446094586,37.87940842966495,0.9204580256281598,8.213304818525053,704.4789751899207,23.218261239674987,0
55.18363901556734,19.79868542256074,25.337428426584296,0.3548719377147272,6.502247026271922,407.8421321741671,68.76065933068469,0
68.31155685984513,28.679512150581747,25.58964567197697,1.4344297613478392,9.315335887499833,267.63502867596526,15.036666529386096,3
53.855663877767654,20.063322717326535,32.5656776580913,0.47254220761943067,7.3032776458347035,826.2660044511238,36.03675577701284,0
46.452912140920205,34.7608808666236,38.56930002763191,1.383615647001711,6.019222234663518,673.9811802471149,32.79630327398037,3
89.0386588775897,31.27159526969366,21.676523505984004,0.40029866640042683,5.939111580229568,653.677286213404,93.76591004642445,3
54.560040378902585,24.634055342927915,26.00360516344842,1.287149913214272,8.090075949196184,241.23176064838458,43.370223524379085,2
83.64595222074806,27.835586848749024,34.89933108880753,0.48235503105385813,7.250838585666957,772.5111402527485,69.356128434357,0
43.79727635346517,33.49281087567895,30.242339234350965,0.34575793690976725,5.8779355007158545,596.2379092602372,60.6438180881616,3
42.786282241505,27.419687766729044,17.76465859909887,1.1633873403112904,8.461458288624378,793.5190921222963,14.96197745319138,0
31.86804497307068,20.96647426876524,30.693318389056643,0.6363183602093139,8.69730066903448,882.192828615733,94.01450465203122,1
69.10000952255311,24.43795704487971,19.668657114933172,1.1573953833412194,8.401662523145806,869.9702246161695,35.24105989372056,0
52.11158062342567,32.333462705505674,27.755398351960103,0.9661023005673837,6.309043510736052,799.2625424731452,5.431077222581323,3
81.86149499037822,28.951621271823505,28.227581691510963,0.43056886827607865,8.259101823984278,207.66316168195823,30.743926977574578,2
58.392594401493426,29.062314533674606,36.90508405562462,1.4185560879613965,5.54289121157754,820.0090457658696,34.227738862350286,3
88.09160567488331,32.73596525670432,26.562356850310955,0.8427770097161731,6.7204485587136364,252.54361967935185,10.181787410493992,2
41.13153094218727,33.19754197686258,21.986060555897353,1.1813367333584255,7.0952861256301745,795.8357791237371,62.37776323161434,0
82.11739007733664,33.636473720250414,20.77415870540079,0.9012246864187501,8.840987795542006,396.1218480281366,35.32965634861299,0
76.59581116750451,19.612436285303655,36.8562969171084,1.0252337699534457,7.0615774922776176,627.0478369733573,63.28432602676612,0
76.25531067864313,27.250142033372715,19.27527136045571,0.6633283108280309,5.545077784757593,226.64776180491577,1.667315795317649,3
80.68699368701326,30.588661860711415,25.64671402207859,0.5404323648041403,6.909385647312037,739.8271872827596,98.2227915000845,1
75.66143945657993,30.867756367159235,19.679327873173676,0.9510842440896814,7.495696393437148,278.19428556308003,17.88111949592348,2
67.57321929788492,28.314175433490064,34.332601002859384,0.8282627675652023,9.296019146691094,487.4817201730403,66.2737676837887,3
37.87469266094325,20.83538469812246,26.859315999365474,0.7681358561207197,9.26413721515818,772.212201627711,71.86264602467203,3
31.951570769475115,31.556149417008292,23.778592263920302,1.1070806341135475,6.223496152885646,686.7442975558346,17.989226625000132,3
85.2508708689412,30.24189266975408,24.02749101566167,1.128607958413363,6.240586166957806,204.22988780064685,12.059515928139438,3
66.99901887124429,19.464308116333616,36.305355168074485,0.35510406730951566,6.1535258258582015,482.1226341797842,16.105141992636057,3
77.79223745857058,25.884767019464398,28.844348857360952,0.7064933930924066,8.655687729656414,229.3492618751556,25.43500732864951,2
58.891341090753,20.957615791870662,32.94669627828159,0.7941174602716528,5.5240881614736255,671.4499025729284,17.654979681297974,3
37.038491337743665,23.737109777120523,37.42596290626712,0.4162705933970017,6.008708792767509,878.263944227325,67.72594326865207,3
37.511147532153025,18.307378567496652,37.543541901016056,0.583081040037946,7.651838526576396,658.6828836105315,42.66248716888066,0
71.13391723373829,24.80560776298289,23.21272635844658,0.3619701566673079,6.490248267547062,357.060701782289,54.24136785702095,3
55.818353693967765,27.347907659655576,38.81128157865963,1.4954905183404248,5.869425832957049,448.6631224465781,5.686342092106668,3
42.0314836020202,28.532904078060476,15.621897050365137,1.1838686435638133,6.939512049335337,883.6553889609274,86.26364734697161,1
59.49567280448621,29.279335867188074,24.420889025404144,0.4049401878033044,6.596830420240979,356.836688422645,17.88658376741303,0
33.85253622450804,32.21695232274182,37.39497143772104,0.3242992557481105,7.5444172260571385,593.0703511381098,36.65508081405373,0
64.91828411486392,21.66286942368741,21.86592199542457,1.1631453601827362,9.416934375320784,480.3176660772213,8.118262342948931,3
46.13960426610586,20.048190981453956,21.827036258032958,0.8270305988192004,5.997218547259674,737.8207085497552,14.542520330184635,3
77.85354603823129,32.476131922264734,22.565557127047217,1.2441560508774911,6.990906819336377,807.172490385921,66.91414158759048,0
48.621717535414426,20.662417853175047,30.307834621173058,1.4081712453820605,9.227940071489899,438.5860920452077,69.56611322331321,3
57.31320894490807,34.57092138271532,25.958319390358845,1.019160466819647,9.00749217397529,662.2774545895678,68.01958297790986,3
30.697232394486036,32.32314989977683,33.168370908833566,0.5245301075007036,7.077084139137122,584.3333882624091,55.661541996756185,0
34.34681326767353,26.514902300123186,37.37276606411665,1.238632843255743,8.295813058078945,394.91114303880335,95.29964473717875,1
53.549613384401084,34.68416422367443,31.854984373571515,1.4469740918092493,5.851428054325382,390.3585619691012,51.21053891608907,3
58.796330083027414,19.655404394836072,20.11166800493939,0.9962775444719472,8.35016422217446,577.0421532726127,45.49179090034821,0
66.00123288715822,23.152117939976726,38.31704755901255,1.1183969367368802,9.391430917938965,307.8020114726099,25.507011005997203,3
47.499754722558194,28.849815055690392,21.612321833686963,0.7049696340440077,7.649952611336767,767.5669275377301,10.78610339739465,0
71.69891316759255,23.95011676404404,18.747357383203955,0.7578332335923734,7.493960908137657,248.30338744028143,55.267338066651696,2
81.60734383135227,33.78233338367346,17.249181971524024,1.1815853974236767,6.249274478807641,266.2021403458214,32.17412848258998,3
76.791059333601,19.115643499022898,29.084593516654138,1.413325318088183,8.035152795629168,439.5584162490873,52.878512935861,0
32.37712952090143,27.340001145036396,17.844061562016297,1.0547860646692226,7.8617491231156595,282.66423073799336,21.40578874778749,2
58.830416835469734,28.044726545716948,18.46939710281577,1.2478174901824168,8.107732237903003,532.9900148788447,83.97909454858322,1
36.29581070509049,29.09637810421281,22.500762014887414,0.5059620208984477,5.604333146738887,479.77312330930926,99.97002375624784,3
44.522700951751645,22.346325796640844,22.041325242111597,0.5543509083095682,7.694893953396294,705.266857120002,32.9179475019443,0
89.19975559602878,24.197629267837698,30.105987758303556,0.9384416242000679,7.8797393739894925,867.1029086468043,84.39043311877265,1
38.5497325740908,32.34256900430462,35.41863198681703,0.5118650306914087,6.330120541651208,727.4910093173881,87.42562750284833,3
59.933289207081366,21.314027072492717,34.033741405072305,1.0619940842651083,6.3333314299541446,325.6140640164231,99.61130508695088,3
67.08934405908715,32.056753401947155,21.562111367911918,0.6499838224736387,6.604872674043799,854.8648998250821,34.92929284801996,0
72.14789823264624,27.56514218934662,21.132762449649498,1.2498391424002704,8.34688636690895,474.49340278714703,75.84809797769647,0
63.578921009214845,30.957187690299396,39.14478825267419,1.269732415937212,7.925064254129486,531.932552648839,23.652091360556557,0
30.58625084515102,30.131325226479014,15.205906039799004,0.8565449469064237,8.883050584471219,495.1033661594449,62.854804127922186,0
49.58767849463951,21.527695421542944,36.99301332650539,0.5169727620451623,6.682634287372393,396.38291630140327,70.77941437781092,0
61.06269860308269,27.66981651937584,19.993212978060125,1.076129953298319,9.148272239553274,826.5310014582387,74.37094856097454,3
35.27198994869,32.75129359768657,38.682108077244195,1.4913444219163037,8.474824647933433,432.56720612763127,21.5100446898617,0
51.037615872550845,25.3459760256328,23.557682120687993,1.0471090775310279,7.080046680054788,605.0175287756824,85.02383147912329,1
31.992186527481994,34.43204309379638,26.008794347331307,0.3429296288568094,5.881048262501824,368.02350906203117,42.67621417886164,3
34.71470982930124,25.687656701729207,32.67801534860952,0.3207527709204991,6.5279346499499304,758.1627623391263,22.420582255720948,0
53.815396572095764,20.42735582335404,29.691726286831507,0.6844343645907673,9.327072868859402,741.9390616704305,54.71057774881825,3
37.96294524258362,24.620389561320444,22.94848324267057,0.5349405682324858,6.7414535035363174,407.4184969129308,86.47235583108727,1
64.05245089569348,34.178940908639134,28.845772896695586,1.2756614485719697,6.819603840596258,677.0878512004176,96.74170306803326,1
71.36789814823595,23.43525443877752,33.26767210907215,1.3137668004432006,6.258355724390868,692.7114731664648,75.07257435105956,3
78.03520194654497,32.75766871774007,16.058373647562302,0.6103425255725714,8.727402404555061,593.7579912733363,1.5566657408648803,0
42.009014654688606,32.981261588592126,15.279982631392603,0.6907737323398713,6.60257692096911,620.4188675901692,14.335375286129658,0
40.04895493554419,23.953170913643337,26.451673476822283,0.5834963612581376,6.821032993475423,602.118246803557,8.551124657447708,0
36.274070420064014,19.415380186860745,18.295915445087854,1.390059056845517,7.157392433726507,257.30508279639196,11.02016055639459,2
68.1858149726182,30.317484455699912,31.60860728661786,0.9031792015467386,7.234913119098438,669.1857412996494,38.92046064595774,0
72.38854358921407,23.29570908323776,20.351311405685856,1.0873644528984239,7.145363161660087,528.8425068870838,34.51083816803415,0
31.895168689538522,31.30970144237873,25.821277669891774,0.7985785040395239,7.514974781498914,506.92009637898946,12.254813145562697,0
86.17273477462139,25.52513242042736,19.941773421856723,1.0572170322054373,8.758051518465614,801.9994531472605,88.34129980981065,1
33.118277019088346,26.249534619824566,28.712089643728113,0.7630264520660832,8.777140162968088,216.2586994227824,61.92733005690366,2
62.47778011806423,31.224459914725124,17.901336484614223,0.7076141252750705,8.693252535053388,375.9204425711286,79.84986758668845,0
72.54363116705498,24.500176628047676,15.577671319687006,1.0613760878081762,5.90449935646595,284.98244988992246,37.783389496687654,3
82.25814742476513,25.533164870489546,16.27829095266743,1.009274493658787,8.698715213099256,224.73873122680803,41.613365612469224,2
72.84521592794567,24.395237969083578,38.85646103788275,0.6522335450015395,5.981007093946307,392.97389837316325,32.44449984313607,3
78.10368498418751,24.24478875971376,18.557155465273397,0.4792181403833681,5.9988950802090315,891.9333909562744,44.404234597750616,3
50.367011552568364,26.94109180732481,32.71195632842088,0.7422920326057652,9.291451086539844,389.1604212453017,61.42734897315031,3
78.88950682479074,31.749590556519564,16.698155105570656,0.798237166970291,8.777591378822166,664.59407385704,49.805416776183904,0
34.806890783080505,24.150061302683618,17.704008805879553,1.0544212001095257,7.709641867472035,282.809223028505,83.95378361265657,2
83.68899936363167,26.912330249141526,27.721906285233366,1.3974345163642365,8.999880817911448,621.293341033061,90.1137776923726,1
62.85554256922418,29.402364532524214,26.621773253858592,0.34342175703951017,9.457458570207452,889.1370381968193,47.498701483392324,3
79.03786619774962,22.580470587162136,38.789507735996736,0.5923932150502138,7.94256826652711,404.28626642232575,24.735050054516293,0
57.13909707109801,22.717887683340674,38.620886325518434,0.5324591307354725,7.951593747926072,793.652931462908,94.57404952647158,1
68.6146617117915,33.86802315939873,34.490216063561626,0.9027532904325404,8.517708116639712,898.2999662565749,73.76882566204135,0
61.58415965616679,30.300087746628506,30.052545753183743,0.8156409684517918,6.428555809461331,611.9878621045208,64.37258151933412,3
73.89537130531991,27.81217349579625,26.374007934825276,1.1748451485842262,6.168499446075197,416.58077029962476,74.79595962877362,3
34.897798921835374,29.011240925150403,23.904463358210528,0.5908990950538366,8.53832300006029,671.4718819294094,8.522196457295365,0
33.62112503943383,18.498090532758113,38.67718867438889,1.0133980388997101,6.879619179976409,791.3937443880332,7.695006436129579,0
44.82619404060878,28.507750414548845,30.072720285617137,1.360628716319951,6.040281425223736,319.9451700733848,16.158944605517753,3
39.5726808067913,26.661650844811433,29.476813192149862,1.3928132879019657,6.759510903670999,516.7610346890174,15.59764577661271,0
82.3070139955321,27.277744556250404,20.797528044222872,1.4505415256700374,6.934547471498302,423.43139708668866,42.646377010091044,0
43.15283924148266,24.11020505612389,16.167445447127825,1.2279133824959862,9.360910638022762,398.3512978736659,16.583004146251053,3
88.55191534914788,19.385056261120013,38.629714493988615,1.387185487510698,8.291838844351693,802.5748825181208,85.59803878239305,1
50.213747506266415,21.286766971404887,22.84338147111635,0.5814370463823291,7.623425269598936,495.15780477528693,58.231596161874556,0
40.927074941321955,34.16266012461542,26.064725583111468,0.5370971332205724,9.37549255473042,437.3534392627389,37.45792773867489,3
77.38191042854875,24.94789255860588,17.865998589642672,0.30778570053663173,9.112558961896722,622.4573789982096,7.892631284301443,3
69.52246653005257,25.93361364912469,35.9231082477323,1.148213228914918,7.5480034264566385,353.5811057461669,59.51175179995339,0
59.89174298718834,18.89606642750846,15.690795821398266,1.4249606253764933,9.122718541507922,360.9254433976553,12.536749238620507,3
63.321813056257874,18.63862590224767,35.84976905247741,0.5243224140500117,7.117218632250626,564.2021116100532,74.57880478985801,0
73.15210669633584,30.19208459979488,18.50712531969917,1.0643322905122545,6.421682661426498,486.4909100523289,80.47305157763833,3
43.70728447987793,27.14760929005889,37.164102815778804,1.195751711066133,6.4307127072883405,406.4876687456271,54.85364953802428,3
89.78003496340452,26.648001731676533,33.24431593340394,1.4131370821776679,8.149262097768506,237.76579259187153,15.810683054944889,2
88.487589728807,22.133117017185366,19.116756562682628,1.076232268820666,7.504281282829108,564.541967046965,78.89940965030608,0
69.01954118081622,30.660762437708676,29.1454498214867,1.4643524792985028,8.135803388021786,771.6264439207525,31.47495113667406,0
41.972547055748706,20.86002184484436,22.81640785888049,0.7136077692150573,8.24430385704868,795.9640437002405,23.04266113259252,0
70.81369454587748,21.22889064223734,19.455827472789586,0.7199142405256891,5.5892914915908705,364.80798580825615,47.585107460824105,3
34.33190453875055,25.832106912920683,36.47955498527771,0.9516150120172147,5.716158369391609,619.7488427632418,92.34197789690887,3
31.839150132348365,22.866757655902994,25.088069162680736,0.7602022573390885,7.630710906365,799.1169166240583,30.439955915377844,0
45.46097331067282,22.20687068096349,24.963592859134565,0.30171087394503915,6.264141911040308,486.10814979338534,90.65227159628941,3
57.75737740435898,28.969039957406636,19.2471668701655,1.1781264301043848,8.030135075217759,852.4957721152699,6.3116775652429595,0
82.09635032450282,29.06651966871526,24.576641902144466,1.20206044977418,7.708742956682592,832.084970390687,9.268846796776735,0
73.63014418597848,32.0167901865988,36.79042115822125,1.1963695256241245,7.843041433483565,345.6937281931666,70.15754148838946,0
74.56239127199886,25.10104563854059,24.078217762240897,0.71402479993256,6.709821519324043,381.2753830301426,19.868673483369378,0
55.52960006688452,19.242446547444555,38.7900890624947,0.9267473679734062,8.059374025111588,326.3093990521782,32.34544763646591,0
50.75609955281777,22.65232854366478,38.657722480209685,0.7319682218120034,8.817970545940092,337.2380460182916,14.500925117077324,0
52.262325779076164,34.66009287434589,18.62246648268365,0.3192436800367749,9.49228501436895,835.5034610214486,33.89257864412229,3
89.25897382416346,28.136395778955936,19.43278133806612,0.9749387295257024,8.853777544688857,851.7965364348361,28.765539395353873,0
32.406551484748945,30.065530441617344,36.56685175829723,0.4485127993008132,7.72999503871979,236.32806882959167,73.89742625990938,2
82.02188976734692,18.125083103632047,24.81902297311798,0.3960495889097287,6.273718366719827,615.5223489705434,70.50031543071535,3
64.7205245143436,26.809497447102856,15.109349557075234,1.2065988824361447,8.225783504479283,594.9620940003001,95.53779046640818,1
56.31692515137543,18.637987178040653,21.846795492634275,0.3114074429017267,9.250615142231913,473.3833527071219,72.71774683213104,3
73.51545962490819,27.676913605554617,29.940724829889,1.4508101323304714,6.34746615892921,642.188314976175,69.7869575491171,3
59.200136485482176,33.65310444381328,34.981649148999196,0.9183064369350922,6.523982482106309,863.157477857595,69.72618501720252,0
82.40539428489964,34.46312521850693,18.33471542733149,1.4796197168473781,6.096034173646604,319.17841790550233,88.41377810916944,3
84.04211184067552,27.18939548161171,17.763534110418384,0.3695970869672501,8.446886574505607,284.28763680151894,30.32743655467946,2
55.30325561240733,25.789481689287673,38.05231633930829,1.0002354586390958,7.126246013694637,223.37339958028298,30.70911881018662,2
46.60966783410309,34.065290602224394,33.778709195564566,0.7191924431710934,5.750782555545536,454.68331548810045,74.38016716078874,3
65.54101971560173,29.451367143943816,29.74449001945196,1.312178991377143,8.99979996596112,436.33993395450625,23.641808577862612,0
84.74180073700145,19.103287752152962,34.2296697498982,0.7334672822811434,7.730687618810267,501.57378171105074,91.28998041064902,1
42.63973134033999,25.91733482034746,25.721359032665962,0.612585094868819,6.824377168001423,552.3170216166643,53.94339078360172,0
67.37799501380897,22.084165313893166,33.961393682728165,1.3290637525198958,6.875931904244387,730.4767958213182,30.712367881190342,0
67.89361320555123,25.986673464627586,24.29507478186339,0.7495837099839131,6.6610048807636275,474.4793733202629,77.83389303930826,0
73.98678134491686,25.74291472410815,21.10236431231506,0.32019998383267373,7.321920689570567,431.4291765528635,31.91974235765431,0
37.894061107635586,27.896461647850614,33.225335532324216,0.7683469210072005,6.8481667539525795,778.8151741817388,96.3645533901153,1
72.94949788092532,24.06509833593727,25.491807303931708,1.0854267228131302,7.691785216282438,794.8576694575595,98.31593176277349,1
84.54195123993847,20.792597640750778,39.53442760815487,0.6052314465676583,8.594069009085176,362.9361750053472,67.01282795465342,0
40.78098653221452,26.563230388029258,23.737129557702524,0.8183851109101887,8.197845133777495,420.27027589791584,12.249755085272696,0
44.25259949543266,32.113449033877956,38.04318551327665,0.3680581659386706,6.6778275710164685,777.5814596370618,27.05767614339596,0
88.28370564249838,29.28820787714924,38.32406371417699,1.0057113498167487,7.614964046159117,255.5857710084354,52.02627925938948,2
40.85861716256939,23.752253720728667,21.046323676618655,1.2075539086324725,8.860504639649003,428.0927462735165,85.29329755970018,1
81.26310560217475,33.903891386900575,34.955529539700336,0.7959750736813322,5.772824938970902,513.8450749286028,19.303763197260835,3
59.53667138688209,33.5075287112361,25.82686262861413,0.804279159361752,5.813189067947619,330.9501306403997,11.3359424423793,3
44.833864464190626,21.558922789529678,37.9381181807587,0.4059389983018997,7.724680272199014,325.93993762748875,8.373270835714521,0
82.24499407635068,18.67009894704617,26.25310681588097,0.542329037414379,8.056460513559212,497.4034406094701,51.18978867364464,0
56.71831530015993,30.60224804196296,33.60759293343415,0.4856103637534952,6.345652063103616,728.165207314399,88.58539598987588,3
60.88904123578141,32.069374442935604,26.674185229094945,0.8780253223938455,8.480880506766072,788.1630856833392,5.193565021745343,0
51.55400216398594,34.453697621173035,20.695018892821405,0.9351066491409001,8.08505350816291,885.4645647753214,22.019831865359926,0
65.57705108609565,33.127218699501285,19.983753223617157,1.438728157541112,9.193157072945146,251.78883506420334,69.63244456811067,3
39.81143235510137,28.209091059509053,25.63577985640864,0.38787780513268066,6.175816807434147,351.67754080219487,82.76048007922782,3
53.46489219910564,27.010889766610475,33.887366425355374,1.0198415677860566,8.505497061432042,729.6408896689384,80.93255340061779,1
88.16473934011725,18.473297871463966,30.126787129519172,0.9317982327938896,5.834572362333068,578.4190942389632,78.72173767471277,3
45.48800596206765,22.193159596361223,32.215732247513586,0.919479717522995,7.76116963807159,429.37584177369274,13.850180280520657,0
69.40419987247753,25.81345077945975,22.05815876829856,1.3477911448593918,7.707580557996583,343.9127628730705,40.32652063610893,0
49.511403853481696,28.684566301420652,27.035883648940136,0.5466461648345837,7.053540178586962,396.33428614971365,98.4897216203429,1
76.40838754119605,27.47328116641298,16.109881624233175,0.3489279292096457,8.87828459067427,500.50226521066634,98.89986958722072,1
37.85241964310099,30.62481182458874,35.43831039895302,1.106725809161031,5.517482579144049,324.0058536542229,60.640311803464606,3
88.18926270471269,22.756037825079694,39.747304055996864,0.7141889569631761,7.580717607594083,874.9581691137255,71.21745326739229,0
57.22737248301836,27.604194330092046,25.171976565616774,0.3211078994550295,6.368614199340749,275.3119112199121,95.1770958322456,3
44.16302780078784,19.498418137643466,15.274091328288584,0.6016488087484966,8.473994476465732,889.9042041424534,45.54285826287983,0
34.409804839800756,25.032313900914517,19.244815988773684,0.6711921290601742,5.672269705224389,789.3253002004708,14.549818930495533,3
40.18547430525244,30.752734160228215,31.31317194376047,1.0402060521410903,8.82621875272631,496.20613225961733,67.22593867609174,0
61.186436913361064,29.78781450829375,30.301982955096477,0.5071029528591265,8.852368906827806,717.8714340717471,96.05012818515183,1
50.22019058587718,34.84092653192704,34.6966179896386,0.7956652175440776,8.831464049614011,670.0606705874702,70.02340329276315,0
79.73300195295657,22.72414914179185,21.347100274026705,0.8789705333013991,6.11027410693068,349.30084256425164,80.52879157535003,3
55.85325141970836,26.469218085957646,34.09079788867835,0.8510848696369091,8.02162607424418,437.3490602832625,42.852131593090895,0
44.92285635525779,23.602017034157946,32.199600538091744,1.468728920000138,5.557469436733559,559.1857939638205,10.549852260340256,3
67.0286991962418,25.49025293900597,23.070362442846083,0.35460508534835533,8.891850365156799,646.4909259214089,17.719326568621597,0
72.40663301312675,32.5681522077796,28.63720370142405,1.4411618237428792,8.391900774034482,580.026486949635,98.28282811411223,1
40.02251447405699,29.631554278204273,18.681845212458168,0.9983246567928399,7.624614923597011,531.0912227045317,49.82524738243447,0
40.05715297729906,33.00150025290889,26.314112585889568,1.254873257963806,8.422365732386469,510.2065914184301,2.190038427547738,0
32.20028561601258,21.45968884164207,37.029933488891025,0.8164711416192905,5.877296386607089,548.7851495065125,95.5813607923862,3
74.18412090393844,32.84713900330445,25.52978449563477,0.8446054575083766,7.614623328707426,504.04606389217923,50.28021128513424,0
69.8282716573083,19.015958661032535,35.989167661885546,1.3551917988189883,6.665105967265782,578.9310542820011,83.79057143089193,1
58.477852544988835,33.10618776743159,29.75633413149236,1.3751213955502826,9.390477852891891,821.5897093326668,55.29735606165245,3
80.65022693815183,23.594254250832375,19.796917827558918,0.5864266577175572,8.928471802495608,642.9805191382281,11.068526083801347,0
78.34020917700319,23.34798976803913,29.52765611744741,0.5390902543015418,8.433102783335908,705.8346124919781,61.94138863106272,0
65.12126186380513,26.705505803877287,27.649583228926588,0.8954822086439413,9.234990540998927,618.2381936115436,99.74262735564132,3
82.09627683079552,33.99173319129494,24.9660333799096,1.38033243255323,6.887373218261895,650.1123776898016,4.439040481948364,0
42.350472602206096,18.81228319958389,17.99076098790176,0.6868261120874115,9.103519595952726,604.8448799137261,84.33762555398935,3
36.71517716386367,23.98792657620267,25.417716596180746,1.0824175384069574,6.800952928426842,218.80656553707624,24.31259876942573,2
46.18497669101937,32.56172380761671,16.81905940599068,1.1497820252887212,8.431186878764612,899.7188675400139,39.99275604850638,0
33.42521136535889,24.732926116402936,17.46922628496878,1.234409597872987,8.445667647105797,223.52646814902766,37.89824166551664,2
61.87017168006192,21.38566725915014,25.3979133233179,0.9767093495051558,5.573399505816374,476.6036057635576,89.98092223264284,3
86.19634153769769,25.221501082634,22.634537049211595,0.7829462139347635,6.944238793112781,273.5809748092534,50.94413269435198,2
32.36061244011058,24.554392525358377,38.13860814655558,1.4604191865587675,5.5777306896339915,267.8499153086527,45.27025439660832,3
37.32659484060161,33.56207542493396,24.392645134506765,1.0335969039634232,9.488368070440995,755.4688661721385,81.98448577484086,3
57.13194169700611,30.95288438763265,33.94645305180251,1.174278253959925,5.988787047316952,498.1480455506539,5.841806296189827,3
86.0325010516743,26.586964447648107,28.256188159156068,0.713979414835054,7.671243582592437,760.7970958091354,9.559175194427155,0
48.96936629860503,34.80229963426671,32.602141716058384,1.103939017203696,8.662224955050549,390.95052947658206,3.1471968307526406,0
60.43408852130355,25.909718031690694,21.50289957538498,0.6093571945969511,6.30505440904357,379.5239542643643,69.11030749674752,3
32.494371543023526,18.99004312394468,38.54762432095823,0.5941163010343633,7.440210672381891,375.8619672701235,53.03599757083894,0
38.90059205772533,22.458663470854745,28.252212422860598,1.1576666421713115,7.929715043684603,631.3019384855435,87.72619046095998,1
89.19780737753081,25.413198163728314,35.78310178213124,0.9256736835155221,6.1408190175821815,770.49957289192,50.35475739428796,3
87.90712178616273,20.667344610484044,24.126142336902838,1.1199319325068677,8.614221839646154,516.5827070526684,22.96013770343742,0
30.296398856064577,34.108607147508735,17.505283726263112,0.62332618889771,6.697345828757461,465.47422344875764,80.7095899373372,1
87.10870712539435,31.03643126290214,31.84279119302122,1.0184680092680765,6.344092305355361,881.5056879411545,30.138061569029663,3
68.34719626893002,22.560882407272135,15.193991208435612,0.832720379643735,7.7331549857496675,281.7278252081472,93.63328843306869,2
82.07509767120132,28.04367706980457,26.882324414137706,1.0163523442146334,7.141254510571752,540.6428774314247,25.791964897371805,0
57.28439133803155,30.264635670862724,19.82004756666148,0.6490556786930632,9.181143778545671,485.94142722700406,17.604344634158394,3
60.93576171475502,34.00174179141557,30.684387610884052,1.1585411563789485,9.020250792792616,268.68861761082326,49.8390751595581,3
59.33079481541521,32.98780093598198,39.4854968284463,1.2671152393913585,7.433402653555532,387.7402534617534,6.000996679054089,0
70.01185545276627,26.758267844349632,26.61007265801615,0.6118997686292684,6.93705509890239,219.90884880537843,4.6047611197791465,2
38.379075285378775,31.1690945364813,35.43745641314167,0.6607446718267704,6.802071926525061,813.8680022880699,50.105439980290335,0
31.798415392360678,27.556460815068945,27.694604673778024,1.0933851236629115,6.570254492326029,625.4946702932807,22.29558119868397,0
48.47579649547146,27.395966130774184,27.3960007776006,1.134702209164253,7.678191414849909,770.5129485091755,1.9259112011229487,0
72.2808457641988,19.950613291749264,38.260587329469445,1.1449196212769401,8.719914418938174,565.0881166820928,30.309634231720647,0
42.1112071273769,20.144340186274587,37.249146718667035,1.1192382057310042,6.743026432814231,619.656880595326,48.259368030812595,0
70.40594599949503,27.002071455381774,34.64501162969936,0.7713692603430465,6.2603763587523265,690.5981344664153,40.034581444581896,3
88.19472276643623,22.570646264643113,22.406393832919605,0.773824409284414,7.401935224733148,835.6081392249505,14.411477149881888,0
35.6340429473651,18.357627341827968,28.625210393098513,0.6057811483732577,5.776137667190666,264.226321478092,58.38780795536578,3
70.35612709350758,30.28826646630361,20.597430832642125,0.48820043987563555,8.305116024518828,431.6638763150088,71.32296612361607,0
56.62501315827427,18.552272143732804,26.097917451163497,1.1310928552762867,7.573433065207734,696.3183334900003,67.87837705416624,0
82.08853526265032,28.119706298768925,27.105326643994765,0.41182654316677536,7.485499231891417,870.8453941009749,39.982430207043976,0
40.628987366843155,27.166294500164344,35.79100100423327,1.425350744144138,6.7017815182000895,886.5651999430038,14.622018965940287,0
71.55755713356987,34.46984973982268,37.40070913312483,1.2920235644057416,9.118693750126948,646.6721063960837,50.44919057558155,3
80.28691737888661,26.231623368909908,25.365501559911948,1.3290068879487074,5.861945167398211,335.5189344284071,89.15274373877119,3
86.6768531684414,19.081224418422554,15.442611126830931,1.3880025775382283,8.979296035548126,283.4462379897697,47.40356204518205,2
70.99488169737876,27.37869545270985,36.54434599473387,0.7903259648678881,7.00682080966369,862.2305509962978,20.372423924417173,0
59.83048584050564,32.29863490047372,19.356966962534017,1.3160408680204811,9.022494063900089,503.74938262375525,10.212277006279308,3
67.07083441207283,34.94643783278448,30.547049097259837,0.4896735603499792,8.415045833329534,336.3712232838794,94.44873717178908,1
82.1342990687231,25.315833952714232,15.62427251085328,0.3259701535298828,5.916682906648154,853.7247610443208,74.55793147881458,3
64.23658479832977,23.445078622444623,24.987661881514107,1.2418696735966201,8.826145146037415,273.1669900950183,31.98373029734775,2
31.82322358181021,33.413106048183984,39.649007552883745,0.38975597759632713,8.22870733479802,710.6997677999525,30.23988821431227,0
85.85692173041866,21.251116194294063,17.517340027595075,1.486229600791106,5.629207651661394,637.6841192803339,89.62663018553715,3
71.37160506189366,28.46229155555975,25.59232879999106,1.1097557155218671,6.03481072843868,261.4142650666243,18.579255246155462,3
70.59080314663478,24.89714521107611,22.678748754748803,1.2041396522905266,8.042512223342781,437.12415694760955,53.96869167599791,0
42.94050914386303,18.69840020424444,37.62720308470661,0.594964627533439,8.15040201152114,304.95148267800744,71.63692324275084,0
69.53312821395943,23.903904063196862,36.733502697683875,1.1086384727036258,8.48660573135038,623.1490147732129,40.24264484460327,0
53.63186433924951,22.508884882545466,20.94246900765572,0.3518639247059486,8.380981603099928,533.9791221742001,4.950331911765767,0
69.07397862248953,29.663549617039276,17.029694676260778,1.3053908639083212,8.13807981867982,202.99258726234368,23.548122558232635,2
36.39558181847944,34.12943846076261,30.678459851527936,0.503548911637887,8.56495560698569,882.9973963987356,90.279005606795,1
69.47071827618217,22.556802185436844,23.409217797092744,1.1368296802005247,7.800342823569491,444.70925492267827,52.788777717115885,0
89.96482354623998,31.79492096557859,31.802109765151577,0.569376601479274,6.543165542097819,380.743074985935,81.728683402309,1
32.892722331633365,18.941116887952962,15.802993901695363,0.38214380331125125,9.149506454922873,355.7100690558718,56.012868736271116,3
88.63045105327905,27.14805717067682,18.334980879437236,0.877792414259273,5.572856123727911,311.17112732149747,94.41660747551803,3
54.41447764337224,19.19935108306821,32.15930581931609,0.5031434523273474,6.966246879485961,899.3959533515568,91.00427348012767,1
82.24520702023554,33.87856084922087,20.309266382562445,1.1753327859918596,8.415481172388652,406.57662751712337,48.80591615902979,0
76.94312904349641,31.027971769475634,36.43969189406004,0.5850790120601819,7.208624164598698,483.85944805699717,32.509128518198594,0
64.02097565920008,29.18514849047807,16.464772192753387,0.7109670674829947,5.599337629920058,809.9491413246623,60.565209947215415,3
74.30695255507959,32.00623848761929,20.387049569639366,0.9809271015173675,5.763923612464852,649.3212524800147,67.81388048527788,3
82.71093367808086,29.007836524692774,39.96400621212672,0.6419619330927739,8.094549476553155,458.0860882216908,50.337154137762525,0
54.24841929906198,34.47205475196295,25.826902564669815,0.753585739451954,9.359458397621198,828.8299051466971,82.40603888841434,3
49.62198969379432,30.137285113701118,32.57414158861609,1.278746125248464,7.707454543337995,724.80694154952,19.149523656703398,0
70.05560313381508,33.719196362898195,19.566576221425343,0.5150518194732309,7.527031272095076,359.53035527918973,34.106771231779206,0
78.47075651647552,26.791242164180847,30.24671837463844,0.3986419073783204,6.773300852225069,650.6172962199444,68.95125937927884,0
75.73710808659695,19.990095020691665,33.152651709235464,0.6940293421596231,6.526762695464253,845.678948804681,25.42170267336817,0
77.86881893151806,26.97902126419129,22.861915896662765,0.8092521204166538,5.583939927025138,547.5226149152888,44.544629723679755,3
56.13499888877598,20.156838077072585,35.72242779939694,0.9511911385638812,6.591819470561885,713.528681982167,96.40962111620098,1
79.0700529705013,28.072389145998883,30.085439461807084,0.7469084354100084,7.29644176346101,879.7726207924114,62.96172129597084,0
37.212543322236506,26.20238202897027,24.728075240375755,1.2478940402673662,6.2917991321958,683.2898986266491,94.95666622947144,3
62.669345877650976,28.58378176315729,28.941059833578965,0.3471833852021679,5.849391953925717,271.7070828362564,72.52169892160902,3
30.345519629887296,18.170798677932137,29.419021185898107,0.8181210458382695,8.37091146901841,371.1916856519025,72.74201019705012,0
49.47514979401622,21.31228835814119,19.13838231734665,0.7587070975876855,9.078481076272269,616.5675061398542,59.59386019533036,3
51.98769209228387,26.352617342506225,25.068309246674154,1.0770941889682308,9.247088278748343,392.8890707603343,15.078650886657954,3
53.770361496555324,34.15856054701529,23.585764700487328,1.4595315022768751,7.971994913987958,870.2791937723979,52.45171479774248,0
71.72803240139173,24.521353686037692,25.02256806447815,0.9124504879546345,5.711098330397127,483.74642381552167,26.013953849843627,3
53.31348607622074,25.21432444291179,34.02776471213144,1.4842522163300647,8.463450519847093,520.0612840126555,99.86858288077674,1
56.921617357351835,30.149833513112576,27.063460186666816,0.6626992738958369,5.940381221047545,691.121465429082,27.429232070020834,3
44.252647852459646,28.264476873864005,38.507903830981604,0.3370417590509532,8.178992470751297,566.9748119393118,23.8378985026834,0
52.39510749776041,23.081744551671665,22.341910333960904,0.4987958009716953,8.617463342991503,467.5021768221378,62.76443235728041,0
43.63617763578909,24.983878724646274,25.392589457123226,0.7741498617294807,8.403458843305891,253.64651260820514,51.58393250874339,2
34.39175542610662,21.70089658057295,34.673920261976036,0.6796006910262626,9.307535223044523,617.5119126555047,3.113938412196902,3
66.20691560288267,34.42236480521355,28.650614833018757,0.41646495718005316,8.452585137869558,807.3060215558243,13.823784720254515,0
70.09276791330097,20.220784486475115,28.675703660611195,0.8191921292288602,8.272839111927233,680.0337092320393,81.29325124092375,1
67.16942076057687,24.32122533762913,16.33350407512959,0.7057389259914753,6.54697268873241,467.04650703286654,48.885503559608495,0
57.80964262803434,18.43926252774019,24.964991567961395,0.44714306454892616,9.199074745743607,289.40824523619057,15.455506267478423,3
52.78714681075379,21.77025136287029,21.76834331054331,0.6553405567342907,6.218175483176667,771.4367308329707,47.05901372073763,3
81.80001897430952,31.268009352462634,39.98337807077789,1.3637232664264687,9.119586445892505,859.2238535618433,26.061759225157964,3
61.144907108173086,21.419978948910952,22.70887676580776,0.6624586385872082,6.750650173383642,471.79109355738535,23.13555465012203,0
58.75091265778386,19.361077842992415,37.112413369846585,1.156746507890462,6.020654375510675,710.0495324288431,95.81480236806534,3
31.538523948386143,26.065704057356896,31.905843376011937,1.0344564955893067,8.806732109084683,487.534407923529,36.84042815891636,0
50.474869657569386,18.169476990486814,23.52291022980226,0.8126173948900461,5.509981814403316,551.5868571965395,5.596679362561574,3
52.811737127151424,19.441024625247664,28.588359459353093,0.586830764164403,8.828353270723323,785.5334664314868,97.06234059109298,1
53.92936685381403,31.729639782570576,36.013396998729846,0.7428176392151344,6.549247368183904,258.3970395478075,79.68911790244363,2
64.81034215363994,31.11504686261331,37.084207450772794,1.0105286561652513,9.038885091022486,571.2347441506936,26.18691734985169,3
62.016152803612705,33.55735994688323,19.00984687515363,0.7209038576992259,8.265916728966317,350.2341922698557,41.480291635833744,0
66.47430556760668,32.526762410482746,23.48932853020424,0.5578757202890782,8.16473333140236,437.86416184703364,86.36666788491772,1
75.8929956925277,29.613984575076906,23.38057950533929,0.43975529866995855,6.9612782526593735,651.100177249592,36.38393841300415,0
78.7791443229656,18.88965857411127,16.051119901898616,1.3557203254914783,5.737611895563084,219.05988863579387,57.17300015865329,3
73.08738457358967,31.308426505773177,29.955943996297414,0.8283755709022866,8.82029239282231,615.6775692812139,53.95083009679665,0
87.33142175729608,32.373683784289526,36.3705013248047,1.050249986091516,6.183615180706112,398.4095676176248,40.72816031425116,3
31.093954960581698,31.584396478123224,24.539359695637945,0.8884924333641662,6.989034567579009,668.6390525656504,64.3106882795579,0
41.74667914101276,26.644143600236443,33.500898624604424,1.3470798220295561,7.901418742036327,299.10694633913795,47.855782992886745,2
30.453772498688526,21.95933125704119,30.692510340018497,0.956321822937853,7.429014954242486,715.068122671325,3.1018186757233113,0
68.84848284927618,32.370609586708355,24.39121838732502,0.8769377015389359,6.294642540685272,651.9478038340847,81.62392765714581,3
83.88183293699922,30.361767765582353,18.526494987307426,1.4095211885060552,6.062465427529135,879.8692830162458,12.20242249261821,3
44.608937794577955,34.67293996461048,32.73309631939918,1.1636275152544253,5.992985089001163,837.8647542807037,46.944903158244976,3
85.6220726877784,20.64677416185086,36.36412922353101,0.4338598888162288,8.952031525996803,398.31200423979163,58.410178301822214,0
33.61604341737365,21.836297911884937,32.1463623100373,0.5132453534361768,5.6262381962453345,219.12160090780588,70.8450993651358,3
86.06616160833086,21.600568547985546,15.44696210087045,1.2445474355273303,9.408057038399576,658.7579927782305,41.668856993507,3
51.09736123437806,31.473176049562724,20.40582235977478,1.3030215854159453,6.294114761541657,622.0211723032708,73.81930021602261,3
36.08524970695299,21.17742403965201,16.736999622088298,0.9542289949083558,5.941289187516313,219.20013813651224,14.003658387138454,3
59.15230555117954,19.133217106996202,29.259652489405667,0.9653462734399672,7.8078866191071805,285.8742704418149,65.69110927880713,2
45.40659406323048,34.97553371195569,33.91194197101031,1.0583195554217333,5.819943831762787,609.2911931751898,82.80755383098459,3
47.092374117715366,18.421892594567534,17.764479676716487,0.8269389291391673,7.90981305265438,838.2790848304443,89.05495331091262,1
48.43739789557719,32.199149022700716,35.95844551483463,1.1162389481806847,8.902506579254453,834.5501935593849,58.37708309943503,0
78.1815538699598,24.211236306361098,28.88772445988708,0.4301775090796988,5.691592085869699,306.0395382284524,31.976624609428693,3
62.34967660051527,32.30746281588286,32.24922530354313,1.4535350908408637,8.699474418114177,469.2017624836747,17.172294659649015,0
48.67846194936022,27.428548350589466,39.285046215216155,1.200185788553906,7.077909763928474,230.24200504652183,35.21031653486704,2
66.6200269986551,33.327730901268126,17.092024706192433,1.0574090448108082,6.13796253532484,528.4902924540504,54.45746294228954,3
72.96904045339161,33.745280769048655,37.53060057444473,0.6795864684113768,6.204385921069836,727.158421771244,20.43669217516449,3
46.35744004401202,18.154669081773193,18.152567399685232,0.49314658494807495,9.175058174776904,752.980897955928,95.2989756636162,3
54.81294609152109,19.282006991877402,24.823970165917057,0.7912115565947335,5.942423007762658,549.2926266176011,89.81640745841803,3
37.313165600216855,22.256098402704545,36.285967408277855,1.0938920886888701,8.967131148462627,267.1087722957529,4.262762291677694,2
40.86896097208082,29.378362078179528,37.65635591844671,1.0604516921077332,7.676978483934459,466.95478262709645,56.6342180248085,0
70.86707123789897,33.1006273406956,27.659291838628633,0.7591693860786858,5.656224715265756,852.4713719820551,79.1415702344147,3
40.88630086173762,25.819013171997366,29.85261595688563,1.0359436725997557,7.357904582869353,360.7287895638003,25.293804033466692,0
61.50980302002361,28.318542976662513,32.70368336496393,1.276497954681057,8.769798057905202,423.8281149389086,52.86572700688164,0
72.54277570334597,21.20449749752454,35.818966711317856,0.33154172680512844,8.404811150556402,722.7790228241496,41.193196358528525,0
36.41261538568463,31.68443617598865,18.037779238441654,0.8407452575163308,7.455129670738872,713.5065522201567,20.458080157589563,0
64.03873317773422,34.44457789300898,35.25173270573069,1.210266274160149,8.940199518784869,838.5416016174527,61.859001003706446,0
45.393767022081825,22.56618185954816,27.03190376279042,0.9553733645560527,5.981459047120919,471.6830835042628,99.37552536527626,3
87.77561251425479,26.41204117720929,26.265585627704226,1.0817713055148839,9.139764213569475,560.2191067120038,37.16343876771454,3
59.01273880319548,19.463973878608353,25.597493799924955,0.9200116711264104,8.885764833933395,527.1747228543343,55.68552181818223,0
78.35955298650948,27.505323159870464,27.730289631151066,1.4902494536187731,8.333107302628944,849.4265197157172,33.45761348052856,0
63.01359252937571,26.54731851139357,38.626263834865085,0.36554584378684585,8.771550968514997,738.5314121772443,87.8179130634472,1
32.60475197128915,20.45542023063632,28.70509431980379,0.8892537861268528,7.675262027370664,782.0092458836938,86.59566734194561,1
67.98908253564134,25.515125623007275,38.82943845657848,0.4096998589374212,8.200649716390668,293.1687881805876,18.698565406849056,2
87.08420053239942,23.679779085471576,19.507253265391014,0.4917426745362845,7.742392282831116,754.292685007712,90.09493854956801,1
66.09670920877987,26.87112488018822,33.10339947081583,0.7596460205019142,6.921714122031798,503.0851362402479,15.999362394550644,0
79.15133156560742,27.956123702289588,35.305988465218675,0.48664810980058476,7.77544318944471,216.33707798145298,10.44855600290809,2
83.05238780090447,18.14442483632256,31.978220783371547,1.4564245991479812,6.529861330127703,242.06184692029922,65.64052695445166,2
43.68478631693595,30.937101710142443,30.17305700566351,1.436147732070191,7.2611166833631415,674.5355578143912,39.2045064811196,0
42.7226903944936,30.121242961649592,29.120319527154557,0.7033315754647245,6.623101629040972,460.4087088021789,53.543318752725206,0
66.6588593310595,24.226868565510877,36.5232620644674,1.0676972544452155,5.9915511578455565,807.6809012564363,65.60450741180888,3
54.66170818840229,18.89991090466991,35.5411649291125,0.9405039847125434,6.787447425559625,713.9911937131066,6.2308865415055035,0
80.39167817200322,30.833853176345855,18.05721802951499,1.2787043766189223,8.907948872739082,215.17600816687323,30.002363938008347,2
84.00138740388067,34.23797772812825,36.21469142577195,1.0529347317803306,7.024323082569223,680.8218182852014,46.62972486511784,0
51.20528275816309,22.08257713237424,25.351715486011063,0.3003029453886745,8.492014595875476,334.64673091264933,27.392153570787254,0
44.21223353846892,23.499918433529643,21.34242074989527,1.2158092627316865,6.2007914169526455,495.80779809273844,5.848167044266574,3
76.83153091463171,21.124819121190853,36.74421420034815,1.1962177455553418,7.1976766366705665,637.3146414860739,9.580980749874284,0
46.48836213288817,27.807914096862277,25.80061999084354,0.9116672466797773,5.959424277340706,810.902488906985,80.37303900661962,3
79.3568591108207,20.632303709006734,35.20911725442042,1.3835027678796645,6.054484253469958,519.2685218743575,91.22728916207967,3
55.42429521892577,24.05529703884345,21.585090298896112,1.390135446828482,7.969745519560277,765.9433179337941,16.07109694061444,0
70.05299395748823,29.84922123688247,15.098233035555445,0.9286940120452767,7.929927269796044,748.075963960443,25.676933771857083,0
35.73211883008009,27.521971711158923,27.38647982257361,1.029585877435845,6.353487629419449,490.1769589958808,65.57269106837589,3
67.43155948059439,24.5698635935749,17.50570641607211,1.495826486309607,7.397692777155195,550.686114403032,95.47290583315227,1
57.10606072423374,25.14424323072821,33.85939888812274,0.658584281773701,8.953224667911792,690.3395070348693,30.65938120419384,0
65.19650779052844,27.555885004594902,21.90187840173526,0.6895406907737729,6.196806034705931,221.80390425285782,85.66614899736412,3
40.0808524646918,18.099700374081742,26.091141165086967,0.5193286831961956,5.576842132294059,823.5679896594722,51.09643980058727,3
74.21242469665093,19.334667763711366,17.175839127288857,1.3750403269894416,8.107980562654289,738.8713116063855,95.69930526899726,1
81.7678246525937,32.9813871519712,22.166481211181317,1.1933860679391195,5.71399283235474,374.5911169816313,14.489607580390938,3
43.00438800544654,19.32394281455194,34.5372560814643,0.42677141864429025,9.419760954289783,886.8259672322829,97.39356742259066,3
35.7428733312097,30.01566113557859,18.789697797557988,1.4781208214375587,7.938481135195524,325.57324681273315,44.6568841551213,0
31.418315162780182,33.6406487898539,31.178989028173934,1.1771540497933393,7.381585411375889,839.8606715930813,95.3409006521999,1
68.51829002659596,22.601621273129428,37.935646320112525,1.3206265315259695,7.219970160097227,427.13142082617776,46.410331488100404,0
66.42564216532685,24.29835443001174,31.995918993943008,0.3577809470078411,7.792282634067726,734.202697114895,53.47813127793724,0
62.8018447628442,27.671663899360176,35.27554223230567,0.9059531027306011,5.86249774688086,519.4636152735616,80.67272596795478,3
43.916825766958524,32.98905248385594,17.724290732597893,1.1383179440724471,9.220076235277983,715.5271712150015,72.5402215732,3
53.45435975433088,34.01239498342714,21.26829565005136,0.9515359014862095,8.002568274207512,309.0481335575564,62.340728721311265,0
65.66858011117039,30.572575217891558,37.36347130601477,1.0999769588391328,6.235913990443635,388.65452087053797,42.281022335366046,3
59.80601153155016,19.472535934529798,32.87764034045223,1.281448876308567,7.750324215058651,269.9004771304179,79.45139837256097,2
89.26713121289325,29.375620644092464,30.98884565943278,0.7492044755522353,6.033026023332047,805.6007870064622,94.87460499564273,3
38.18638515340399,24.975163271835257,31.5941684030425,1.3184024107424517,5.5702108702332485,407.4050914386495,1.9712787973596568,3
71.70867324285562,26.001916991348047,25.355013857616086,0.49549932571834887,8.022067940855992,686.1333605916643,59.19666454881345,0
54.259126086257524,18.83552263586801,16.113915790441332,0.6250632660316497,8.093933367480512,774.1548384190697,86.7321119688565,1
55.69197689553688,21.24805636888809,34.611038551768225,0.3520147439127909,7.834786331213662,830.9927654655421,65.65814119721017,0
73.05586593949057,31.43873132807201,31.967830905383845,0.7373121736023014,6.233932817440092,274.40798071820245,80.28209652550035,3
71.54616907946217,25.71730016181362,26.820111602818116,0.7558914537889443,7.913719433979068,825.1104534588287,89.61104928104956,1
89.4753596221313,23.12825810772953,37.49399038420644,1.266324716648701,5.72604376369808,338.07694441150363,75.34415056945274,3
37.703657367247516,24.52832425740429,23.403991624627473,1.0837568043475871,7.936953422287689,715.8314081136731,71.98472273511184,0
36.246578963049984,32.52479172653656,22.3580436057809,0.8240670697868,7.716068076430475,710.1943135552278,96.50984324502791,1
73.46032902772447,30.732983295884267,36.81990812698607,1.0825367743484977,8.121019323356398,205.95219921866797,86.50478113126569,2
64.70321502038455,22.629361752078406,34.924691368974635,0.36334002061882936,9.081902423009575,354.436735817178,81.7224090886946,3
46.44963999358835,19.997531283610346,27.87449526620862,0.5163258432220513,8.901432420958146,544.335960265407,9.553932686715736,0
34.765162139339196,22.28396976794922,18.26836848644625,1.052337426290106,9.422616766250155,494.0242946642975,24.663958430802367,3
35.13949497578583,33.65285966793047,20.37678678662631,1.0696401830703626,9.4049641317463,843.0014359192267,56.11884640818386,3
83.6514524798471,27.887010243445843,31.405699760220166,1.2289615904489126,8.58927877349501,451.8186086517662,71.24645039250656,0
41.512039483124575,27.069163548661308,24.626030946010292,0.7835997108643227,9.325678488710912,855.8886003851736,31.018274436747213,3
49.40229372693125,28.138691194771845,35.91182979164928,1.1670649159393873,8.969135543556447,521.6005228747717,10.23948319896151,0
43.59938413361928,24.22248051769076,38.7488752333051,1.1207763990722273,8.410329799579891,875.047027648116,31.798819494709527,0
51.29977834991624,31.720819345431718,35.14092313187295,1.4560720540438188,5.80153701857502,716.1483670174028,77.3318888774714,3
34.1654305647656,26.895866238104247,24.438635574888927,0.5581562717096149,5.696199553079551,780.5342141425092,87.86270190479594,3
61.14358745449622,19.984714347069524,34.7171607307856,0.9620154765031674,8.850398270023081,273.4138218443007,91.37746118608993,2
34.05675381553289,20.19410712209407,23.786041836767087,1.022117330532563,7.458623431486793,610.2990032696574,38.50780123527063,0
78.0213904693417,27.126605490544513,19.17750219414085,1.4983774619210648,8.758426737499683,299.8902518805456,37.881318911159454,2
44.02272491462598,33.92169370720427,15.834830121646435,0.541420970599982,6.7516730826208775,408.33470143568184,41.264039626207314,0
62.400714876270634,23.24198606849538,24.6429178190255,0.9278616239607507,7.090599433292051,636.4957843170877,38.20513747272333,0
82.80474525368749,32.78219987060671,37.588982592432046,0.7154223692563666,8.300746884047728,708.3579932857235,66.95346414321375,0
69.05264214283164,30.989624971840946,20.974664693891913,0.9310715622947998,9.161306947728374,227.4286474078756,36.47400295106728,3
61.977467193080116,22.212811529417415,20.1628291232446,0.5785543225237271,5.851045897915544,571.6606117506553,3.014049724810337,3
49.460025186922536,18.617792721376123,39.245519631026006,0.35713485411298573,8.945912578538426,595.7197904029205,44.463435468099306,0
49.98011478349187,19.731403507420506,15.625102821264804,0.9870785446772266,8.672050899517462,255.17959797714082,23.191054551680185,2
70.1692173118914,30.384396875406484,34.64455375984386,0.7030251790329985,6.762157082919419,550.4816239405345,3.8519066406773765,0
89.64836167327005,21.394385546690994,23.03424889352176,0.5183296820981204,6.920866456526238,699.6895960348786,47.61345220187077,0
69.71035139096271,24.311605648591694,15.937198921741484,0.6887226792936405,5.6858459088876385,237.25909941287168,21.389501360631016,3
63.46700504220149,26.528885822109224,37.94506350523959,0.35913624173729386,5.562962444466872,732.1874434267734,45.821439669133674,3
73.83903061435477,30.33295886365277,18.49105825523959,1.440530680908124,7.408024505430916,603.4985534328957,28.497248674418362,0
57.91233673702309,19.924930795405132,28.794482093142385,0.9973774979679124,5.882158581989242,783.2590457902536,60.767178157762885,3
33.60854055604711,24.908228889716845,21.851355185738694,1.2777224176164297,6.2760072576608525,352.643800997849,99.09686130052198,3
63.73780895267459,26.246239455425822,16.629820054617277,0.8077418370572764,8.887068798106654,783.2915789491828,55.17596015045483,0
87.45751707032281,27.194060087516174,16.248062141584477,1.383977601079423,7.78411356500181,266.1926826872276,65.04269577238423,2
40.51817654145958,31.912130903718683,17.88891747090847,0.8799818658627039,8.034529749064454,482.68078751126995,92.00830001736892,1
71.40029344923994,20.918529315734688,16.784175347234502,0.9887343866408032,6.24991732332768,339.639354067254,38.02604135478407,3
42.05602131954339,31.73313468105258,34.01395288799807,0.8901527760751882,8.814647217817678,813.2145826036119,17.48829652877272,0
62.14966106838487,29.778933270843087,27.13915505708573,1.1799339550411818,8.971919089758991,693.4438714112416,28.996931010124776,0
35.800586978803175,27.44980384138231,23.57230228372449,0.9799872931224749,7.593310374852173,217.75324401250973,40.87669913074038,2
57.02225617549111,29.891973796843722,25.45922275330018,0.6259187082964772,9.150231087514639,206.66634892976927,64.85675044432799,3
75.36979973371476,25.004301562178156,38.223668389315584,0.47464743758717554,8.879314499818326,403.8744781371688,1.454214913542382,0
50.85429145433892,20.352758961458118,37.768795318453684,1.0273492666595732,8.425296706697752,300.2981799963958,85.48493826193145,1
69.89470346923308,29.318009084511246,32.89191200306442,0.8870159538564435,8.436303662774515,641.213134292137,8.533303331933215,0
77.72699764738375,26.919429213655576,37.117059435542195,0.4151708360353355,5.921573895803453,664.6578537177918,90.1648597429365,3
85.63066916876716,28.869371609227183,22.99120068969062,0.7747409589519221,6.583344150782663,859.3656325629572,94.99401759928499,1
44.078524911327214,23.74597927748433,24.52773315020707,0.9177317064005444,5.767388879270705,866.4279471820886,99.02017661710127,3
53.958954948558485,33.41673181477721,30.3428045463557,1.2922718805907079,5.534724836905235,661.2276937879419,81.14150825628089,3
39.14496079982504,27.985287765784808,30.590648682431606,0.3913212670000348,6.133238125535641,203.9725789968961,15.043697068075108,3
89.5490101295025,19.451842232944855,27.042495950308524,0.7181944178952036,9.02194873058776,451.29854159873,70.91053727929345,3
85.62005807545772,25.646667841975287,25.016446210948832,1.2871873472524624,6.459496236144206,559.1990592730863,21.128807770209473,3
62.39742781683358,30.858052930641783,39.65450779021738,1.0781087181258944,9.380615850366887,549.4258295559262,89.81565572246,3
80.52199766258528,31.50028754944863,35.528090652943106,0.6479499861645441,7.8891639982448245,622.3384406515586,32.343986639879134,0
61.25747863632253,26.4081498969839,25.87450494720113,1.314402146427171,6.4490339505387615,872.3860379633323,33.35280173042907,3
67.41514128016559,33.21070870413212,33.182311930989215,0.8919522966752307,7.488523213936851,819.6348843686077,91.8476762955718,1
35.34746592696099,22.550363432303058,21.739042331311488,0.8980222695725526,6.376379290800461,276.2356234153418,2.3098760075867513,3
75.31622522980848,24.98017785305053,17.504233155933246,1.4719048070404612,9.435894232729495,386.18627397537523,20.202648996873407,3
37.66280901811409,33.27614747967249,23.810775638818516,1.436539803883654,8.889059935619855,783.1765921937454,42.77129438978205,0
79.5640578151517,33.23636418001684,25.074320003084857,0.7302392200438126,5.604955155129316,777.0148361734449,70.37143516370911,3
76.92168526022316,29.657117070019574,15.41342811401677,0.46869495439569875,9.291104125869884,392.7595068851697,65.10905043842881,3
72.52468186457858,32.60266930107774,35.3698000408974,0.6908000787337129,8.38426042921155,711.4116214802837,67.27177564154776,0
32.169622831485725,19.509145538255954,23.979835059729538,0.33657991237366564,5.829525008085113,670.4261651025001,88.12218081265574,3
48.187701356719714,32.7049145955322,29.510454144503676,0.3249214640524694,8.182550985305783,531.4667754789731,12.982010817032405,0
45.78675419465057,23.450538411353854,16.8490796817739,0.774626563501703,8.087706791862741,341.01846687532054,52.69400792565827,0
51.60818444829114,21.031635711279677,19.3749207187646,1.429223787236681,6.375154983230334,822.0502266258603,72.82229122114637,3
35.25856480583031,22.06928721781479,37.242343133188996,1.3456288094786493,8.533786800030303,674.4958290147844,63.975725849492285,0
86.21746938186376,25.10546463623608,30.21718819707002,0.9137314007011477,5.848258813251869,318.29504741486227,45.38309787398748,3
63.22813444274258,22.270264078275943,38.75710125426214,0.9782716574049968,7.457780724924991,693.3616413886025,2.694344001344233,0
48.33145863948141,23.449648962280484,39.96875085978292,0.30712019609526775,5.539692828652352,719.0036037038859,6.98477429914058,3
53.818891024457,20.294634263217915,24.29650288332736,0.5586013870005186,9.374949955578986,820.8161995847285,12.775191358529826,3
56.83215243029014,23.035005014502975,22.470076602081868,0.3297289523212605,8.506254527107638,355.98747866935446,34.97954753070099,0
66.03566000163704,27.72882484721402,36.458901378977416,1.205447439234465,6.135408304638624,892.1278737893846,12.647691814047542,3
60.94076566178987,25.511513037548088,39.96528567593636,0.47477495523179725,6.866696159805132,307.3753957688449,43.182148993198226,0
85.16351839286504,23.89421894101049,30.74103085581143,1.3428565229721803,6.142249511232706,620.4822243017081,18.68555706797236,3
59.817808974349816,30.68968619057094,34.87851806278806,1.071989176410946,8.566469856517259,660.0235536914349,78.1374535550944,0
89.52948088939877,33.189669513686404,34.54364647038186,0.575302411818856,5.735585301710861,493.2670266861024,87.27727405450935,3
81.08549746470575,30.86541678934075,23.883492705488674,0.4892643804998997,8.861626622254857,532.5263961392706,39.575103288849405,0
42.51063086144015,23.644011936000545,29.35675950642718,1.0531496411076637,9.268785355342919,823.6370677054962,51.62184476624824,3
85.83571287863498,30.65551685323841,35.82642353160534,1.3810043763387883,8.2065117712252,651.6919607658233,95.39612791453322,1
36.98198387312856,20.58366310205887,32.20284690652639,1.162032262697258,6.351861800005737,547.9006707642804,54.015267779513415,3
79.04698250947149,20.215405797551945,15.529095349550957,0.718255981924053,6.940360383254204,289.84469370346727,99.51224836849906,2
52.837397608594806,23.875659629614702,23.41764172243834,1.0048603143223764,7.408959499235725,205.13633765619426,15.070968375513408,2
82.67845922670418,31.73094027374897,18.611892414865135,0.6729140344469056,7.918499088809015,287.47803270628344,86.36041563907314,2
82.08340140644702,22.18792020311913,20.82430530195098,1.4989794801343905,8.17465235924675,869.3291972335537,50.22309726462357,0
78.35552400705727,19.07530795127755,37.63723693728314,1.1986070261542214,7.716858861275531,734.8607480939315,3.2486970137171474,0
77.40182617842368,20.239062098508036,15.922332222769203,1.0372579677081044,6.9052556832874235,876.9814292571734,97.2500712024955,1
48.280748345882444,32.59866446500286,20.495017799048092,0.8079109713189949,9.063669122259611,224.9960967957203,96.53974207459244,3
34.85515698307513,28.774315840703892,22.739233805955784,1.0417827483114688,5.8255682320718325,676.1542827010475,38.94381317810583,3
54.178810725909685,22.304419777289603,30.42210179915987,0.7099392749608018,7.36502421697398,231.0054684823926,95.46006503750458,2
40.41147089919052,27.440029030579083,28.352542252146637,0.3346378073496369,8.602259353869922,747.4395282081763,14.959954581616028,0
71.69706533414771,26.968853581230956,20.45673707133465,0.7741062268279594,5.743490661165604,466.66512091463596,68.33090397094755,3
50.76598359226713,29.142411633491243,19.10602668057886,1.4165769834958404,8.321340867245205,267.0357520745464,20.00096970189562,2
88.53661205159489,21.964188425167478,20.919950864902972,1.051561313728639,8.7788464910133,597.6326492512608,25.41807639714794,0
68.45832464071992,32.69485078230476,27.56324066754139,0.4007468436850819,8.14332519410821,396.08413762097166,78.15440628305794,0
79.34883381806165,23.25926555536022,21.779444642780085,1.3619923360740311,5.551747569101424,661.701759310273,38.3584503719642,3
37.95148036451091,29.800238117596027,38.690062540193054,0.6226498192098178,6.220548108528825,660.7223316596533,1.7056227800334969,3
81.72086893635736,18.274118988327654,26.59663053572119,0.5925233916992729,6.868452315567803,693.5052318845269,42.00960399536386,0
85.36543143080365,24.335171208200503,16.469900413615928,0.656509162536385,6.434760142552184,894.7255551444313,23.578862742662988,3
59.22371512913615,23.97906690529974,33.23166014591584,0.9926426833511488,9.35060856090971,470.6883969631838,68.64966144227083,3
66.37517626505866,27.239235285911246,23.22113220522474,0.9536257121207719,8.106375656455175,525.7208321395706,20.25042097562653,0
75.88858805417973,19.236516450212342,31.337223301456188,0.8896965055474579,6.687883829406282,763.2281907177386,84.3830993152111,1
40.49031763562475,31.43223335334384,21.9898592630808,1.1610442362151523,9.218789994661783,604.8590161153197,27.442208198708265,3
60.15396458780654,21.702273630048666,29.268593543332997,0.6798452776019508,8.462376797904748,226.08004748145976,39.909797570018355,2
53.919781666338785,29.509642852994173,34.30381262018662,1.2384774258869173,6.638428847308168,790.1549641818996,30.505649218912705,0
38.782439529734944,31.654606095149582,38.20021854436385,0.5103860140543189,7.0155262776078215,236.0490773566287,64.74841143312722,2
52.05206533749188,27.551908256105722,21.528178610826927,1.2391449468924112,6.297715433215827,319.574095544249,11.015190581413274,3
34.09033856312961,30.595014514273753,23.37142377497453,1.0965721263003394,9.384295993063287,271.45597688193106,48.331837897126164,3
31.54871441696922,29.251625307655093,26.60666050714849,1.1198499714571037,7.569185983560293,254.54899301678412,34.11102670629076,2
38.109977349289366,24.04400655158413,38.17937094339972,0.8778640765527119,9.084226749991938,217.97941271329714,88.52965836554316,3
87.78690669535044,31.75059516357061,37.53467142026643,1.1004018392170376,6.885999084067391,238.51939978065718,8.267797263864846,2
62.97177215370102,23.009923288053976,17.246957002515952,0.3957564558713489,8.943366412389903,509.707432425167,83.13981142835262,1
87.94932966919319,27.71061960177579,18.29824564384527,1.3218613404592408,5.715547393708656,376.99658898782974,17.600367176461006,3
55.94987269980792,30.67176156540617,27.387729433265957,0.36665668018517517,9.428361270097152,288.5758183931731,9.769188333065559,3
48.70896798511558,24.44225046681263,17.665481820135586,0.478489811845797,9.14813746813321,661.0938799085682,21.02996295417779,3
60.36851177041464,23.147049329496227,23.63952183371744,0.9921476501966835,6.95281177910662,358.27833744398094,11.162645219169228,0
56.37070131797461,25.808882172937984,18.70963445543694,1.1872937465480298,8.598888661258309,213.26440874136662,52.57741087201043,2
36.33988105570464,31.905379403935612,30.901008878297148,0.3915018772155041,8.509031705895303,492.8938486371294,98.83328033866235,1
68.44957888141238,33.8086699734763,38.73738579347904,1.4049177769467838,9.105019188411728,417.30309438481356,4.398407840501625,3
42.96229095057598,27.266418018618133,39.918344257359536,1.4683291785608383,6.729019924515244,423.02310194254494,46.65170658262667,0
67.17527729386978,29.244925490502084,24.38102831242287,1.0271402076092533,7.362080021256598,511.689019727093,39.220962581678315,0
69.01206554388921,33.35565157806154,29.975315927865307,0.8774921464522039,8.959998450424212,668.2397490639944,34.62103501039363,0
39.12149118771889,19.67529647402002,36.406691338102036,1.1896739667356997,8.614317816540865,631.5353840265958,33.854497432902726,0
33.680977626640086,21.945335823724804,17.9365518199096,0.6940288227926465,7.073866874961117,856.0831268522129,89.60626290601975,1
76.84569516410639,30.0513001062769,32.23911027629913,0.8919173209261277,8.88290093164849,562.4016664117651,2.878638870632,0
57.588025426159206,32.0036558525091,25.221091543126704,1.3993812321772816,5.687816156929606,530.7989368075505,77.7167223506337,3
33.48982773032855,32.56949348161982,20.1536540070041,1.4467865102898403,8.62818521185196,349.39010465182787,26.040384701788227,0
89.69197903018602,25.056822006533853,25.068840468686048,1.412482939261422,6.327063437734802,728.7669021937097,38.94625557093991,3
33.466833659782,19.518778338961738,16.89900717412292,0.6149376803566082,6.644483631295149,298.5430433499993,42.59484137200919,2
71.7021137315132,25.442285114093536,32.385178714732646,0.5789628482601161,7.472859374382375,543.7930228743389,31.1684436533006,0
89.02073551580482,21.922488033519915,21.318566718711327,0.6571974071151772,7.298938004279895,494.92553887121113,10.262327321704388,0
44.350806252955536,22.95033973494261,22.78514112612195,0.8295733348661523,7.582280427479524,660.8106148830823,12.318754034114043,0
38.53496212123177,31.128548466237596,18.02703245603657,0.6770008953503563,7.679102382688095,842.3350289696612,30.514981284181786,0
37.283096365345735,19.283960462440078,36.616477847247296,0.7490553548868695,6.826110764125987,862.6169140487557,82.35909623583781,1
48.196508854055736,32.068880697171934,27.336106982068465,1.0447643425449114,6.20091005206812,317.4594870142109,14.328137625953772,3
36.0627486606388,25.270374459010874,29.303671944660007,1.2150308125127711,8.573924917149224,383.27205278702473,74.52134348144715,0
71.52968050164792,28.133086828710116,29.235817077371365,1.1826698379215004,7.099904596348568,768.1447239752946,29.59810321349948,0
33.73750788780376,19.524087931006544,25.262327863533542,1.2773082804949822,7.523363449836236,562.795833714435,88.46302857609719,1
60.56532768898738,23.735104332073753,19.813247885953487,0.3386212838584826,8.078786873404471,517.1241978490123,43.40451906466345,0
89.8018112311786,19.52491562325238,33.62831871246,0.3572805476145073,9.138551689226624,697.4378166664941,18.00060801644018,3
78.83821617036114,34.34624328897886,18.17640663394186,1.2472595528263553,8.33021132456088,621.3474668248803,98.59860056094051,1
66.91316629386066,31.72344803854626,17.596844756970263,0.9396945867895583,5.681836902361538,879.4998380949343,18.486817403761247,3
48.3752172471967,25.813756824059823,32.75362593991258,0.9937688085145444,8.85424145359207,608.7822566017869,57.19436230199467,0
67.43375017749831,21.801243321502408,20.220925511299598,0.36310423225725247,9.457420060510076,526.1816784430773,57.359361331517285,3
61.6224878346991,33.868736789247485,22.669318783820806,0.606376561405525,7.389940101485529,579.972153454723,37.908531666600204,0
55.565003033422286,23.85814212735852,26.880686675043506,1.0660251658625732,9.378361345818403,765.9778716878812,95.19737066236397,3
37.84262260441197,20.73673533868537,26.233782918238653,1.3310182681328113,7.689314969372598,628.8725397496546,84.54358167876143,1
83.196252914428,27.573794603717232,32.71447812662498,1.400380076617683,7.338463983487799,652.9336639707024,83.15213652298596,1
56.98707892927935,34.04416004586187,30.585794836084027,0.900503395002098,6.825619058909821,880.0072160256144,97.44104160751832,1
41.6773507092459,18.065114938505484,31.10990405704664,0.954569079285837,8.130219503333356,632.8768390978202,46.253824481435366,0
52.06556105263738,22.048122335317977,32.851358266386434,1.299659557282789,6.419281682100179,466.1996738341779,10.6213917863829,3
54.84778515173562,33.95360988697693,22.315318185586634,0.9451495208968255,5.919736874057618,683.9282189089577,76.78013661952959,3
79.65227373401245,20.908461436571756,23.058332795011843,0.9202302306447807,5.608948410336856,661.621577884118,38.700445365741444,3
74.01686283368412,19.925138677876937,25.949943697388854,1.3861008453131445,6.6695204508610555,209.69334485446734,19.844170028548312,2
76.15829361848039,27.693182668596677,22.686554325838152,1.247919265267056,7.0830833286681525,527.1305077500832,48.84148697880509,0
30.661875865718834,32.65134499601211,39.62344672427159,1.3908870316335535,7.708306785124991,720.0325220176795,92.64617507654917,1
54.96923989078569,26.110866900796744,35.35129816053574,0.5618964657373846,6.670999300748026,549.3290204047903,17.964344882448213,0
58.88064909811942,34.90759236363692,19.11636720640074,0.929250583986428,9.436238289541645,745.7347951547725,85.02118270774444,3
31.151536609383403,29.545918892145878,15.139853897046738,1.3109665543120295,6.66698067296467,515.61858749933,42.402289219896616,0
45.58879252470206,19.25927342257761,16.069581706181697,0.4333773929605307,7.263901553785635,888.325118346065,14.543396089611056,0
75.6173893873281,34.87814623859358,21.10158627607313,1.2535945851527541,5.913104662127601,405.02411244272207,84.98984809487699,3
38.22658234373994,24.93420202526324,17.857282145921413,0.5195680600978434,6.542506053348303,264.4858257022515,96.99241377795143,2
62.1186078871555,22.885843075373202,28.333452872314304,1.2697425059823853,5.693328559155964,501.0082608078681,29.83580086766615,3
42.91211232103425,27.483946120824054,36.449880568183964,1.0344011250682417,7.738034533749312,579.1963174117434,31.050084774364816,0
30.727246478633596,23.173229060954693,33.418755522830686,0.5318831897818406,8.504258732529728,444.36561217772305,39.66405232095338,0
44.472087455972485,19.46977762104259,20.39022657705476,0.8680250151993614,6.282839257344271,369.5968120825713,81.5989060816199,3
88.55242529460322,18.024281832346006,24.982481400644645,1.1182861997529259,6.971643751264283,670.4410839698423,2.0313024772104815,0
78.09222671297937,25.64291699964446,27.69735523828194,1.0606234810602508,5.566464906908642,463.98756989937647,23.171698622015903,3
87.574598659262,32.226678177852065,35.25514623758339,0.8126966354780452,8.85808822288885,641.9579703704458,70.88408129952629,0
59.27124263558174,27.729358155711303,35.97804007765412,1.3792398347051122,8.619854099726679,745.3500140191431,41.15830559806708,0
36.584171920650206,34.98652408203849,37.7429577976944,0.9231160973854131,5.7530161234971695,732.7018394320166,33.699266673844626,3
62.87756933842158,22.8763929760024,27.73113126257188,0.907040758234426,6.959470437281645,462.7165174449839,87.35600600129973,1
57.26264007359765,22.767736100920942,32.35686866089657,0.3747007079297451,9.321146455397981,597.5287602651223,91.8160580944777,3
80.66142496437695,20.71574082397705,17.79500928084843,1.4065444677571646,7.068108224315909,514.7607571099197,94.85063569745334,1
35.88495484705467,20.7890810005107,29.132223998849554,0.5125398824140476,7.604834706896064,809.5636768967622,27.982502732775366,0
59.29446822130669,22.848172132170813,21.217295236778376,0.934013632123865,6.92097144404142,815.1309358599995,91.3387483443716,1
39.00291988163906,31.478280769649963,25.792922125665278,1.2642811216803722,7.884525552513047,440.6191080216257,73.9595899180016,0
49.480555613403595,33.397865440819615,30.851262707667985,0.558543932346772,9.412627502547288,264.2162135151115,16.267260100369484,3
74.24142464326798,34.57648188503058,21.424648446344527,0.9328479479650094,9.490010013924788,317.30773832681365,61.41673280251282,3
58.56108776212599,21.948924119639695,16.304626444919027,0.588821891068009,8.598859912044764,456.90121949161863,3.6071471113921305,0
52.553297108746165,32.982058275439556,15.255846410218938,1.2116339973598942,7.117244392081757,594.9749683340935,71.12943742131566,0
53.66857671420212,23.58033651771473,15.553988388613039,0.9772094014477808,7.477728803315953,659.7509076751005,73.6231847424429,0
57.5668061043592,19.918289256787034,15.208743437844241,1.3271710324741721,6.926925312449222,431.95973240020015,79.14451235090473,0
77.10099263022342,32.790423733842815,17.758876413946886,1.3734696034528595,9.442298519617385,667.24938373679,18.079980358121055,3
83.52508133641406,28.813795788941515,20.987217864253246,1.0784801789344776,8.331041223301614,856.4179885716292,63.19674415380556,0
87.3200811902357,20.80042523337805,20.53053785455748,1.1704694953907333,7.2957257817340455,656.4098890182654,18.70681179793778,0
77.2142031753177,25.307131377721042,39.66991485449742,0.9590641198642365,5.548461080438409,310.9956606110459,94.7183582555284,3
48.924413744880766,22.88338081291015,22.65015263022358,0.7613144796808595,7.581933657562193,605.7682390843393,67.82605857540261,0
71.28808236519254,30.52550766807335,18.185519583984977,1.0777415076250014,9.435712806806471,579.326861736888,10.43725895240152,3
56.25618744332351,25.708075920612558,28.63906360419395,1.3899463481847947,7.592243635892208,809.4900776288945,19.516190770576458,0
45.28023732276307,34.81775906680855,36.44893638493771,0.8000164565177255,6.229706741956455,445.212138649082,66.68254971484504,3
80.45229476555537,18.930664698413118,31.95150941969188,0.6772920316485544,5.588374988419099,496.061927039676,48.19037911980126,3
32.3055809377395,24.035259524316196,22.402052228386257,0.7661243262630889,6.918815032496836,619.0613388405455,73.89346895487697,0
84.1057195281254,26.192302840869615,29.040403994786374,0.8224771562539195,9.172912222786428,567.0977182194179,28.798091093640252,3
57.68864787748405,26.553270430721437,32.871399355010226,0.3882732347732594,9.486216432703523,703.3116146836219,66.1338361478606,3
68.23208860849682,23.370908980555825,33.202612309193555,0.8981302085219933,9.281471899248011,228.27229363874707,18.519056635013463,3
69.56123533234697,30.397084234658656,31.66346138244222,0.8931770976600715,8.417679973017027,594.4612134448719,54.82731607274228,0
83.70706444239218,32.87070024931257,36.77026061939045,1.0061325931686278,7.732570913762621,285.1703251027127,95.82215956344864,2
68.20018093003245,33.95822813362367,36.75263645860261,0.7353840365655977,7.862744585529008,420.6462947638049,63.19400099680765,0
66.8360150856037,31.686587405591943,29.473413985175082,1.0357291151467076,7.6559680363678435,663.1388030726732,5.9493681329867325,0
33.999122433641396,32.45986335421219,25.746409227780305,1.3538595723290436,8.328197219691953,310.18994041452436,98.88745163592606,1
61.104481316712246,27.359270110539924,31.039257389127496,1.446565188594197,7.175492906781409,416.1892848532402,16.529766635237692,0
39.010140049022496,32.040099849255846,35.45530003426158,1.0003346593692595,8.176816019823061,692.1045379847184,72.0888411670134,0
74.24602612328914,23.15956645551519,15.141302621029618,0.3511091447643757,5.986448459828804,655.5636697687837,53.720473867355395,3
60.73331524876047,24.774138955856646,39.79992522537128,1.4630831967205307,6.562781226245935,263.72776844681664,30.141708092626075,2
70.8136667525012,23.387521234915255,19.57234430822998,1.1470344730755075,8.844012155234518,604.0879454446267,18.553738057343203,0
32.50037403614306,25.94558470261473,26.756224641499404,0.7031563782643826,9.114995722973564,303.0781233430476,18.592534063394854,3
35.087520962748194,22.854853476056817,36.80074337107167,0.47658924115646806,7.656032950241199,376.58996510014487,85.98156843960788,1
72.97940328376094,34.3473945183256,20.626009976104985,0.4721023346835299,5.62654246885173,521.447895045045,87.41833890217892,3
34.325060159920405,23.31835867609636,26.919880597509582,0.5012932873675233,9.207894283167072,276.5427763087324,47.04940664084649,3
34.27540366591552,19.666757147885978,18.31455450452948,0.35468702593658435,8.308257032109147,895.5528775429967,11.258524829572414,0
30.726508514093247,26.955891822857026,24.876908134704813,1.3825850263834938,7.156111695021443,315.7586927378008,88.5323452808322,1
87.39008389796881,18.970684333568,19.428386369825063,0.9489218793928036,7.893515772797985,746.918839900023,49.21463213133382,0
74.25050156754043,19.87923382724587,24.090693719278924,1.1399512952566047,7.219099337765464,780.8871915162575,44.43747986382446,0
51.19508451012385,21.729619616336187,24.33660541981805,1.2937302111219688,7.361356906928204,896.124778927201,41.3283454193244,0
47.792134877259315,25.893954247996408,39.82926973995832,1.2498492075998402,9.047239462637606,500.05725249658786,37.13640321206136,3
50.982193784750976,25.365265849253475,39.87032573259431,1.35912674847461,6.144336987668446,811.8661640975381,53.07453495725082,3
76.47921187087091,31.594761654047453,17.86965696651531,1.4607055470299422,5.914676541928947,870.2776073117957,60.849581434558715,3
69.68223666422486,30.571069116029925,33.14921948320868,0.8268847376903274,5.510914978052063,321.025901426267,47.17678815372263,3
41.11173407204808,25.24741099784192,16.293636991727528,1.4404025600020687,6.756001502448507,535.6052623416729,89.76816818204941,1
40.44656012004506,23.67297152878571,15.754800383429716,1.1679479380113795,6.089655065937709,242.0075731992614,32.44846162442023,3
35.90373898280384,23.379969329045476,17.63334735612411,0.3848018283696941,6.379941980552445,634.5068084169411,58.25287382189135,3
69.61816318208028,31.157916483998154,39.13714142519835,1.1181397454548145,5.544955930661508,606.9843097995965,30.69543809920454,3
75.86235973330416,18.885230905761585,38.521588697367434,1.1240599915258183,6.408781658750813,342.88839926423805,75.58165235546089,3
45.90278569950024,18.217968041680297,19.84819550701701,1.3870326765510326,6.830846327729496,758.5319312258882,11.10998883349533,0
31.25669766185477,31.524254662753016,19.04180838884279,0.7475185589641105,5.626269985639525,226.0881059344779,19.68120068273792,3
34.93030004858564,26.111488391813836,21.013377162898674,1.0018938003261812,7.931616497188591,764.3591268892899,80.31893958276812,1
88.07160209070183,20.22497935541079,27.888674851878555,0.314625061214091,7.775201395535031,218.65170381470716,19.136561926734334,2
47.72668664864521,22.004620888106523,29.242615800885247,0.6984902906176031,5.8881431140397,659.7801684954452,62.94888827327927,3
76.15338887028801,33.85256720265551,20.539835760986183,0.3746924713905371,7.880039110073604,255.1386597404309,97.0541017385155,2
67.47981413125584,32.61155058562326,33.91556970224863,0.9262475673178763,9.494615674435511,375.85786351862606,52.76617076283061,3
52.91637837917375,30.066345853807533,22.73882923506627,1.2809371806083438,9.277875811246162,705.3393445182851,19.552248187666855,3
42.341235731733306,26.19782891573455,38.05328313823526,0.5477312305548827,5.510683973470654,396.28335973777075,32.74841352357112,3
37.283185089564384,26.845501645253556,31.418067661418263,0.9329292546693342,8.681513245321439,557.8216941024143,82.52234956896957,1
66.900778082332,34.5791570998273,25.908779857590293,0.5448103638129205,6.914421104945944,840.6737886640801,35.8144303988774,0
76.47802683826728,34.41809754603288,34.747800042571136,0.4448261614154885,5.75460548133851,234.74404782560484,72.62762454395154,3
68.63425521246785,21.65957377835918,35.44786565116662,0.9131961503212109,6.683932854864832,767.7558556149714,77.95765622551701,0
61.8181279949495,31.788777627190406,22.26204014022359,0.3949783451396731,6.786946065251849,245.69039899794268,50.61710187727125,2
32.517073405898174,21.353125324839286,23.492863595902108,1.004825557365587,7.592976957236227,288.7563910356737,78.5381250522725,2
88.10932665566303,21.630137124027172,38.39887884321509,0.33760495281207153,8.144335069075419,283.5233727224476,32.373397438393226,2
77.92285149927447,29.493581580797805,19.118525959081797,0.4280579662420506,8.496222448833631,895.8715982475082,52.09980502492417,0
47.56932220205788,24.885018675988324,16.053760424073356,0.9599969825848294,6.483612170253067,326.1304235320734,68.96926813324191,3
88.79821976153104,33.836254920810845,26.35138306523873,1.0096888954786967,6.787082280993988,827.7332923793878,17.639241583133657,0
66.11289537817933,19.51316549323215,35.030247506090724,0.3347843161125097,6.733526827438941,893.6525140625879,28.08857477083678,0
64.94535949243479,26.69593589376138,34.291702657768646,0.98805214560187,6.950947472483506,468.6493392886086,65.55162373597156,0
74.88439076577193,33.61486601753306,37.98826572282081,1.3062030303883645,9.498625235825354,641.7339804700798,65.88065186312579,3
78.70618728540825,33.36993222815158,28.330016609226007,1.1667794127527447,8.611773211309703,745.3638776345288,49.83696199884491,0
69.38871643989016,20.6609966280676,17.501616789163332,0.45742212470495835,9.399961861074788,474.8515572853458,79.76295032142993,3
37.685744781972005,24.23284090163976,29.7172243584004,1.0109695770763378,8.272444238188228,313.2698983484651,48.72343529849258,0
50.296050359669906,28.525063800793838,34.45989035883029,1.106703000089056,7.125082806589138,503.63392065479286,88.2509042759596,1
85.685018419563,20.709713041113837,17.33320300674566,0.34467744210275014,7.058976734507899,740.3213515020612,73.8544396563226,0
43.476936710631115,34.45637692477756,19.316435027439745,1.326417202420347,7.454324579900181,746.5339339238822,32.15479146703079,0
52.330021430250795,33.55073858837022,15.307266528891773,1.3875208767477962,7.16747913345775,361.37715451963936,40.130146839971,0
55.92461297665176,20.838153043585976,29.841314486170262,1.3205427280347104,8.813304984370983,322.4759479235226,67.10098189121473,0
56.36429938166713,20.05964284143675,37.168359798647614,1.2895577615869358,7.360008052106771,844.3924914702447,89.55080926352564,1
66.77637494967152,19.45194420774051,31.766582900052487,1.1939582381530718,6.682457440843384,230.7993213908174,18.692164537647365,2
86.58455026468246,33.46054228862273,39.55100218977455,1.060118437538352,8.599441074786608,714.3169330355609,51.95169033545603,0
44.4415627099503,21.291604766522834,16.57584131249404,1.1143524059859022,8.917681637525579,232.4949698127278,12.759657711113295,2
37.290082578055085,25.07684378525403,37.575027128787404,1.2676743520019795,7.181715824561806,786.5300356026914,28.66606037669299,0
41.848229391596234,25.630473216084052,35.35170718466702,1.0949981500335655,8.171234287622127,833.7903693352714,68.91215457003099,0
83.21549401255618,28.183187751630648,22.856038012487623,0.6932723480184851,5.735218135553219,408.1933869603693,8.69572888956801,3
68.74864875931236,19.219500843706225,39.338163795931294,0.7511533225936247,7.617859407885867,251.75495046168828,66.5734996069959,2
47.15440735434961,21.85489649580877,22.198443704285374,1.3764689620467505,5.679924550982032,536.4791754432,90.18030097358441,3
78.95681633811704,33.835336577621746,37.23261809570546,0.32054650295659426,5.616763361977872,408.9241257218338,96.96765881082815,3
81.68219978180616,33.442971823565685,37.018714426854736,1.1385846974931384,7.951699402090956,491.99529996726534,22.446587901526033,0
80.79086032141669,31.28194100589677,33.94144041507431,1.4457330629102585,6.713341529579949,665.4898174420762,75.14089770417971,0
85.13559201837327,18.32982117550966,29.0867618453213,1.1474738039495684,8.470148649821862,346.8782251641019,92.71067442184744,1
45.134461210401696,23.559115064433737,18.0000687404222,1.4926943858781385,9.084330242530369,449.8660986598604,10.045561774094164,3
75.3025157247767,28.675298500829435,28.299293362412456,1.125053886633997,6.057564694921403,747.7937432048716,41.98833724043132,3
57.632369836448404,22.678233600149085,23.919906391373363,0.3412356350602333,8.398091354315696,650.6333649669751,92.02156692034444,1
80.5199131734037,33.46297381591421,34.8054258288838,1.2924118579763082,7.558079993153373,428.3928438058671,21.075962327228183,0
73.70944062969679,28.77612085115151,33.95323016242112,0.6415558943271829,5.948477000650795,665.01112018195,93.44230769499634,3
76.58684678998347,19.222414194379574,37.765312684315134,0.8352686707973291,8.106370425922899,735.7190460243767,53.19201503769006,0
69.36971026086428,33.45309501020695,15.370754060792697,0.6745102990884985,7.937867212425891,614.7399066669512,10.889415171218014,0
40.645726168182414,34.28203318899578,35.22758042057615,0.6222649274516153,7.56256746960313,367.6477827507059,45.53785435879598,0
62.7016151338163,19.321111112659334,38.46155132811672,0.8176868444037424,9.205884818238632,200.17170335839515,33.29985835123956,3
89.0801843714705,27.050123992642355,34.73251122770375,0.7545017381288085,7.584318784416066,761.994374891797,28.93821189462902,0
86.24328398982713,23.157192797640896,18.25486149675917,1.0600062982111071,9.46206046180085,775.8434887213151,54.60608198773469,3
32.5904241478207,24.67826430018384,17.031977621022193,1.2757814411850126,7.536915255392444,688.3231509760534,48.87567638443514,0
39.888888943766226,21.05407070524081,15.52113099519252,0.656506383824689,5.963408153205471,253.60665195732966,48.7147488023891,3
37.903726407273716,27.827225734211012,30.718630645701776,0.5564653833864208,7.381885004300122,609.6556012556323,9.726031379208415,0
73.55879459911773,34.285649005231136,30.741816296497184,1.1002743250444107,6.2293150502202845,774.7144698901251,80.42949992168653,3
79.0671197914167,26.552234204617356,39.67284285545531,1.104384078996938,7.888533940869709,472.76782407571596,48.662492220223726,0
42.81068197864032,19.40954788370618,24.95107935260239,1.3813574871434062,8.272528700774405,338.60051395417787,82.26967704148555,1
60.351161577109735,28.54002266911594,23.297657122437418,0.319134823743973,7.373741114828375,611.3391080690294,82.63486951354407,1
80.44218168067201,23.78379090567137,30.61062317960981,1.3236487945398119,5.890811870732593,778.4146391106145,32.39639715995628,3
73.96809268597504,32.55072822305206,35.64021681268985,0.9252026075380282,7.374565594334212,234.2089710949459,1.4302840769536238,2
62.5342323295109,25.389528521379994,38.419348738075044,1.0455625070065186,5.825816858937602,617.865852012515,91.21332206835373,3
65.42086142752638,21.278273352018175,35.078104154475966,0.4096457286736977,8.228503822026136,650.2216567375394,76.30877461553779,0
60.5016328149768,21.248795585749463,25.66684951539512,0.8191379194464548,8.66147289946035,621.6569275437957,11.61794372552364,0
47.85290707912924,31.068991072259728,30.872855882801602,0.5727628886862286,9.349521308908155,655.023578965934,70.47097636630703,3
63.90131957154097,22.514989171225118,36.407483167902924,0.6050700360990109,6.095208428513826,641.9627153229081,2.9823035982191795,3
71.33311812300545,31.04296770070679,27.265242207793484,0.9049141376112328,7.629681342133217,291.28271948624433,3.74814785284915,2
82.39937495164847,21.50008428303219,20.417166092634815,1.2749471404837347,7.770149470141675,364.45574386424073,53.056500720186406,0
68.1774812387549,23.46866826792226,19.243085993696823,1.1925371161738274,9.18990613512392,633.2958037023071,10.507705494398316,3
75.66729222258948,25.91327853147489,15.003943614451419,1.0091999509031446,8.009106562386057,212.38521279573953,96.46931572600697,2
39.60429809727438,34.03432944478866,32.95594987453211,0.9473018313041603,6.082038582581284,644.3211631062711,89.48929143837599,3
57.693448465187394,33.83943422081502,17.777430221149764,0.812767251881388,7.245405295852757,665.7706366495224,65.33139109354059,0
30.559897189625598,21.516821882178892,21.09597749239851,1.4672519682736636,8.119050114025002,367.42233190316097,7.307188112993015,0
44.80073187129738,24.089723701132236,22.446908288069835,0.9722310650810799,8.30113772827719,618.6929808271977,33.15869052289945,0
73.5877029067803,20.53978960371413,29.009496503419207,0.6047596779746665,8.952295994362295,573.8630425066351,37.800576792698344,0
89.5085970809618,26.66974634832945,24.94893193239423,0.5761089504480474,6.222028479377588,382.48408370717965,48.607103747041265,3
35.95068597523296,25.829903361809333,31.866849800579047,1.0336236369301701,9.306168587021993,524.0818083123282,17.72138452663877,3
54.08965895167729,33.31292276166245,16.390966483217568,0.9273930327731144,5.7365576480623695,836.7371705885271,58.1736526369224,3
78.00425812194956,33.81009142244824,18.098479856610986,0.30923736354565534,9.435048538275609,498.621946321918,44.141294143013106,3
42.24213807773393,24.520645647123963,27.48028758833167,1.296078446634935,8.931068371465635,640.8909238156511,94.782399375893,1
63.30509695813718,26.35954503132282,23.424119696170745,1.1449468250789214,8.141091131048686,224.74557472848593,93.68332773289669,2
73.98427776178049,33.236016235484264,22.395334068783992,1.0941951476137242,8.439982001057686,254.46007932546917,56.981921578657264,2
66.95912701561073,31.714032731666045,16.67570197593807,0.3825367892371907,5.790768023675186,256.9156513123229,64.79058426306298,3
41.28148407692497,18.062157292859037,37.39297936870004,0.7344670202069896,5.6659194515778095,744.7685345385119,14.641850309600501,3
51.323074121144366,23.441012591120902,32.295464653126274,1.4224587128793433,5.907063186205463,445.17982636241686,23.109000645176987,3
77.02750706912383,25.17016211291414,18.040453920491235,1.3351070896096364,5.849439258656551,359.32818185606936,90.17082501598904,3
63.253590847921,21.90517682261494,16.626148943428515,0.6426515254434402,7.68952493387774,723.1271979162059,70.21742636667776,0
30.313776812574766,21.39271747023096,39.37181333578108,0.4884706609189664,6.361775948447157,318.97204378932213,19.753589531024677,3
75.65944560168563,18.642336612126556,32.02931376098762,0.8389055486022925,8.940822548826906,372.5447675491964,57.45082030124907,0
32.118681296414344,28.93728532618593,25.436401777343537,0.7269964544011931,7.282994492272289,501.6520102890146,93.54136379845544,1
74.74402696387392,22.462674938213816,32.543276018894616,1.1186716520471893,8.2820419058331,432.00664831022925,35.17193951002846,0
42.14883360991425,18.889902033332323,33.90829466200398,1.4597217721011835,8.11149237188064,609.774547725651,19.39621717638944,0
87.48440880716282,21.926648278977083,34.49905505971948,0.7356017399790737,6.77941215571884,436.4884333523934,94.26050241400074,1
52.07644507812507,31.632537198214152,26.94693264132644,0.37466900718269036,6.472670294102916,475.0661451012243,46.66527066891782,3
49.615896980284745,32.47531608799129,25.7470689531212,1.3771368100108623,6.86982514118654,804.0206257746402,42.30695786761388,0
38.93328301994668,26.212126168286147,15.275702106722509,0.34553967628784493,8.68663349539935,819.1720077396017,27.48915277948227,0
48.33625292941289,25.073201396947667,38.16392787854595,1.4433190765839996,7.845107393678473,779.3978335693853,89.26694419976728,1
82.59904570969204,34.62351278953029,30.082696959723577,1.0974953136108476,6.514154650076701,805.3816528932429,84.71605992206794,1
89.78006025763483,21.40959921299719,20.0788484297492,1.430027050130339,8.771385772241722,598.810068537382,40.89604954423865,0
52.098571830410904,21.661107808528342,37.990085485535914,0.5395916239787739,5.7190375444412265,652.3632503259687,4.030714709810806,3
56.916637857272555,22.961742009618796,37.87329754425741,0.34883975430456915,8.296733499961181,590.0212165884584,45.21849162010781,0
73.32425629216422,20.936874410778486,39.7296041091524,0.88585197393179,7.2564032229972435,749.911658837044,18.904943641425277,0
83.17174682790447,24.449215169471174,36.85141407847447,0.8407480974841501,8.425161544263553,585.7003400330109,15.130672944739237,0
65.58266005120706,33.48418185882581,39.94460969550162,0.6977907279058594,9.209845120973707,277.75387518554635,39.916267577646934,3
53.491541890669765,28.460913290685763,21.117154703081816,1.449187769266437,8.500136391787615,766.7060843198019,10.808616797118091,0
54.75731045091742,25.00309132640848,36.05623962998085,1.2871004785937186,7.267861421245529,732.4096194742755,95.78898618623484,1
71.73708878980841,33.88498350771065,35.57570771989411,1.0938984256507118,6.103902726055523,774.2104166978378,5.706378996346898,3
30.193095816256722,18.823891952088978,20.773508980518343,0.49542994996539325,8.725403903221736,333.30062437283334,40.73559311247399,0
67.17536024759045,21.574695024331643,17.460938725024768,1.1811880898622296,7.342822107685486,390.13193690047694,17.107567501137794,0
51.329580626481444,27.6201062867299,39.48551284193999,1.1724149456396686,5.801249293828519,407.026188084471,69.19232083134686,3
77.65183987662505,28.464394594284045,22.40061378801526,0.810081808339209,8.376221591107464,555.6563753299715,8.802333472241612,0
35.57943838938793,18.672477611564425,36.77229476169515,1.4097430916568163,6.667407863666359,293.7139589144218,55.133751846654796,2
65.29213601690343,24.851658884421248,15.103178866865097,0.5003734586748125,5.695552918020741,469.76722729240714,77.53704802499182,3
58.858373393167426,29.035617402124835,15.525620180490055,0.620805074893997,9.111004059896311,327.5107127553207,95.0559236698481,3
68.53953155431364,29.867199288857826,26.64678271740921,0.3758692071007603,7.43240436837564,385.3338991229155,70.15422873397185,0
33.8912156689781,28.848378342776577,20.967867098376587,1.254541149813105,6.623844212692086,694.4713441908991,10.849684005823768,0
64.79902724568788,23.449574814135715,32.2460320858991,1.0461112633144767,8.365546231539646,798.3678094220968,9.763534421699962,0
63.689075277571426,19.58984210116446,29.13910813919886,0.6779283668174994,9.043609510730255,216.0341066180287,73.42820680526852,3
63.639605664970254,25.260911589128682,16.937144936262285,0.4965763963131784,5.501228300135022,596.1278743485002,22.317611095343395,3
66.20925999578729,20.188825435256945,19.065707407892926,0.3481773240344884,8.251408740168614,225.24183344358698,45.27669155469163,2
70.58807623358173,34.10960219485134,24.701231751460355,0.5000946823511239,8.568046776073686,259.6744715080852,97.68548903378453,2
78.29933998084618,26.07790472238468,19.640101598885828,0.8439415756051898,6.339709709117972,693.5588242298763,82.17077304198368,3
46.18924320769286,23.393405964066748,34.80555868109822,0.5966123628127273,7.458495325640698,714.9256745514816,84.81274237271985,1
79.50296461080373,31.027169209021302,25.401755888832,0.6107786129183601,5.857143595671744,769.7864712209591,86.21622056807979,3
59.89534093580722,26.465126073898485,17.335796671062482,1.3506916400012572,8.48699953006139,531.9690582392134,62.334988672034235,0
34.62349674805987,23.27057840821165,27.10857255680312,0.9181652081533207,8.88982407425341,801.8652374113317,74.64945846238535,0
33.51305575463875,31.803451620643628,17.270954526535355,1.1751023677540975,5.932746629298642,316.786804149137,36.53713054879444,3
50.05429912176365,32.74158656701907,18.223432635495428,0.3428531388337717,8.76584101373134,374.8014895445018,99.84617643071222,1
77.09381862668806,29.44113882690751,20.990245800705132,0.7381960268136345,8.586280681938135,294.1515033213799,28.68259479580986,2
72.46085608445495,18.798395180930346,36.488192631187246,0.8750032168745301,6.887653281483589,758.2760824073137,59.410732927048436,0
77.31689788034438,27.627488962831045,38.115313308324296,0.5237002262522217,8.261158119734333,360.07258287063325,28.92410615379814,0
61.03614338649656,30.976013503953787,35.65644323330173,0.4442298497346464,5.500192495577247,308.85786993080694,12.095034005447243,3
56.41193987732943,20.320551205420898,23.35193043544618,1.344364534199811,9.227190617863995,636.1774813116393,57.190995669523986,3
38.84715160237704,21.887402773538255,21.811161027720793,1.427317952519756,7.701532941233491,253.9574184524721,35.981518415747836,2
49.69156521655869,33.00241678615832,28.72889226975598,0.3945680376544889,7.981355456247998,231.43019405412076,58.738707484815386,2
56.04116197043251,18.342069271502258,33.04632901332781,0.7188224550509317,8.158637654156394,274.7023539867212,56.309169189834286,2
35.31602578077703,30.796361343041593,39.83431970400437,1.4499427537733685,7.745476068873467,200.1686187910173,54.6834161852126,2
43.236717162672676,26.05414597274519,18.289267796973157,0.39979407975895787,8.927055550157853,687.8931079552547,13.206811082606414,0
65.89351764382434,25.595126700273315,16.23229997559511,1.0723696474544715,7.938807328606176,593.5647252001351,44.57789666068535,0
74.1397868543514,18.12064105241308,32.35889722488177,1.4666656451604068,9.13103996496189,346.9125763264067,81.38839000048038,3
89.90085068357698,31.929769926430378,35.80564458759764,1.4738684022976494,7.829326488936036,363.10346358431707,32.199206058918946,0
85.98679988061346,24.11702331082163,36.15871949666058,0.8654679970844918,6.184489687922266,767.6780189290278,44.93931902391445,3
68.5539119721115,27.19301573210923,31.961588726929016,0.4952989293388567,9.154250223357211,551.2740811022103,49.889327441706534,3
55.27488319764432,29.51411166770621,38.850395102979675,0.5425011779729265,8.226509993439107,688.9698499572178,86.41039994658273,1
68.17064188249395,29.94470279944457,27.775119088614673,1.3675216741492735,8.296955977742225,516.928815892441,65.90437715337588,0
77.13909708481393,34.25166100004323,37.845369958405314,1.394019605195683,9.441927002286407,366.4026182145546,10.920050948894087,3
37.10017145540324,27.032779205022354,39.19530342478808,1.0294555726482657,5.800786216838317,879.2819604780348,86.6519275946971,3
54.59429338177729,24.79523236656527,36.178936425077694,1.2194116793638936,7.214370428380685,595.9532943627783,83.37453157272691,1
80.38813713813704,34.212961650359034,22.743964081465514,1.1879175017644898,6.45638157194646,291.6873326375387,75.61095207931837,3
53.02997711598264,28.91587399543386,19.90539127925738,1.0941859175869284,8.021705858854629,484.26302952873476,47.13974381356493,0
64.31233627363119,23.068556056701446,28.70300162454546,1.292732345846327,8.727246734992288,430.53618836283044,75.99699296509488,0
65.26616165173189,20.14989217186071,26.325368759504713,1.1224879476483853,9.365242835569651,349.86122801196495,48.39546420163296,3
41.06857518801836,32.323426524908086,36.94395855481832,0.9408027668969992,7.318384427818881,853.4079924681816,73.92572989838912,0
51.734126499137304,24.157087247500577,17.50079177667884,0.5843476351057881,8.644872922570418,816.6439968218268,88.13090633228109,1
50.07067732451593,29.22798526319533,21.443501532787966,1.1926657729423429,9.168206368161519,339.4029815640815,89.16361692792908,3
31.571802511923888,26.003879129220266,33.79497361296771,0.8681254414059294,8.23330173014354,446.5035223388617,46.00327884455801,0
31.451505833481313,21.381806256515652,17.374666124432803,0.6537500208090112,6.470930209799085,733.6207741695752,86.0749252558509,3
79.9018226205464,28.228672346547906,23.019110350542505,1.2623355308901303,7.931416604431165,345.954233698151,11.0442806702636,0
46.38424859836874,19.031612172161598,24.67888485134958,1.136056320423634,9.379808191268747,614.0954038229711,11.080122331191323,3
61.084725974328926,25.026821817810266,30.56484491406725,1.42480747574964,9.450215315446261,689.8557594873716,55.27842773988052,3
47.92353441532639,27.29245397428241,18.953316142984114,0.49852996802265326,8.069439294867113,657.7806279975364,65.53261722717063,0
86.44075470692043,25.412798560015844,36.51511225874274,1.0790271415637918,9.047951031487957,694.4860481928504,16.146383821861868,3
45.55780553194643,30.727426979266845,26.188555886656857,0.5930873617058112,6.301397455394412,694.689712320134,47.7458244357933,3
55.779408764336104,32.07472422727031,37.92554279701391,1.3842995823619701,6.484314419808867,875.3641438942499,10.341904113776383,3
82.36381502907611,31.111132258564027,26.69674784084829,0.4193992971079388,9.31155045153944,442.54922266422375,60.60784906977773,3
80.51601400750852,18.659820112800634,21.876006473518334,1.0873941677338526,6.040941501979232,815.0132970630877,85.65430963853194,3
41.16608507077664,21.300189097581526,18.545720717191873,1.2493028658336358,6.264425752373915,215.26494376057474,74.02625862593285,3
78.15859858774263,27.122327657484163,15.09362736778212,0.7259014084376486,7.182194396480207,401.7420743262983,38.450863690497854,0
57.49121320427356,33.89197468754462,28.30393712462089,1.4449656952605712,7.8583371510134015,234.05904739939209,99.38558586707504,2
58.97813232512131,32.19426517588599,17.678917423173086,1.3208768215032447,7.915268875873087,655.8427719690882,66.63056267014754,0
38.00879834495663,32.32308664198063,24.793194090779455,0.6535419596218841,6.667904034662257,270.5532595121337,81.70959500980543,2
34.836090825427476,23.154539293914475,29.73179403092717,0.3090493112591984,9.182455591801393,791.9948045564324,67.30004134188154,3
73.6763584184259,25.300614250337944,21.892147422567508,0.6559886113416731,9.160399630431451,652.6141786531819,98.95221281762554,3
59.787669141317984,26.002001104370937,19.380607309152882,0.6375725645648911,7.068272212209489,220.17078073752398,82.31461695455953,2
56.21104215691077,20.67531691694848,34.36804056523354,1.3679575290010908,7.237167077721189,700.3441558042362,52.422898571648616,0
73.7704937191438,18.528158214155756,38.669779307040514,1.460545413905697,8.309988467295646,803.4244630798728,37.32107672092139,0
75.93077393946658,34.09734929082879,17.51101044654915,0.3845279831643124,8.151983585595604,662.7847053635046,68.53332808573539,0
39.53449006016122,22.092113956279615,18.8897581096252,0.86555379423998,7.029188059843849,221.36695115452252,59.431959071893885,2
66.61350896865848,22.079131363301734,39.00031643131797,0.9579983982357549,7.156977006084014,800.5436839222846,63.30570851172698,0
38.12124493666113,19.41744391406891,15.944605545306157,0.4114939935956439,6.892155773686156,712.7247390538245,34.95816486209194,0
75.08250516174274,33.78463178304423,39.4408084137618,0.7529972509650271,6.4415400278132315,464.91591873878895,43.44411363648489,3
69.41730937602837,27.85553095397612,15.116112077124718,0.6804989008715407,7.332553451696558,430.0411808208519,56.25156091417433,0
87.39687726500748,29.339626571131014,36.841716391283285,0.9432676251925047,8.245736527610163,535.874126985208,84.08905679026246,1
34.13748098138527,33.49680708347189,22.68312952469374,1.0934290796783255,8.467866821257171,806.9712256565097,76.52798285852741,0
33.423283269075256,23.87554287131342,38.464721454432414,1.1441821325958799,8.61549459302385,376.44154630869025,12.746931179776245,0
46.93122448159201,28.56562428934743,22.923632215889636,0.46410602833606507,6.998928053812486,270.6746678688408,25.30987075191979,2
45.70234102415436,18.659590730391088,31.3576580383514,1.2755372423335456,8.558543977139895,805.2454610727349,3.639114768369715,0
44.81872794431999,21.1751329799292,17.000814244148415,1.1142504357489107,5.526065262767501,218.40289421650607,1.78809622859355,3
84.3752748312622,32.131178686529026,21.058245286343475,1.3668899000960635,7.408199750867529,837.6979155708452,23.213171458743936,0
44.972771990970365,31.03506205775171,34.34198366198127,0.8392032713225208,8.675617600530764,414.0216360109805,80.13277385292363,1
46.316983567717855,23.960925754771498,28.21714634197049,1.3726677152666298,8.020178882565414,555.7558911817873,90.57001815926432,1
75.56389574507782,24.40578067216161,38.19922654467612,1.3389289468272905,7.396252496618031,292.6068673265596,39.78506822396121,2
56.984390547032405,27.070425370410852,25.71878520853386,0.8260911988311235,8.078568026425398,831.5784785636797,56.75666106406118,0
76.60263341731087,18.004097079647288,36.745309145348074,0.7573719783515743,9.127784012594656,724.8853563690833,70.8992075935827,3
33.92196945386311,22.10115371264647,26.223885936955938,1.4193744179643082,7.765527202440829,846.9089106256239,95.34073322592093,1
59.25427162040306,21.539940746339646,39.48120696754963,1.1581976814461252,8.699144765840424,678.2603357827137,91.38029149244574,1
32.016816010996955,22.25821009474598,38.99585953497192,1.4138944157256907,9.42297090090079,329.2856437196283,6.662038034756613,3
33.75919220732127,31.700399323068503,23.22841763890201,1.2563697346749756,8.322272808302266,415.7869020903745,25.5684184777188,0
84.38624720066466,22.754455561289532,37.14809176042008,1.0311569271496972,7.793303055556255,540.7940025724313,5.8653098515625315,0
38.354722267055706,21.25586247485252,36.19028435539123,0.4390233324045174,5.649943788501361,625.0807437521448,62.03769967791608,3
61.94524093651303,26.572478833481536,20.267009933189073,0.6497768070949181,6.99791159301835,848.5216061353916,71.33883833079126,0
54.66573615604239,32.71596561833644,30.607260019581744,1.4626108885180698,7.761770934060474,468.76602605239725,31.520057823294636,0
50.84059957553056,22.102944965237498,16.81705788974537,0.6833065184570453,8.68882628682413,692.1504153350022,85.53133890518824,1
83.99000074123634,19.335116127477576,35.91776801458654,0.41190584374244493,7.252419158590305,872.7061942375752,45.82846229073827,0
31.30940380652937,24.0588805094443,19.363647087587413,1.1490640271031838,9.340233103059093,306.6618443908171,99.83976999460424,3
69.82738117053535,30.710081017604622,16.770367534644112,1.1808051054524211,6.5871750104947,803.8967121456838,1.039569566343168,0
87.80366605281303,27.361739259811507,25.00547738847028,0.6425492643445809,8.478268780841265,494.49424927523904,11.839481133437108,0
63.610091007710515,31.885487282763904,29.423053464991085,0.6572063752155645,7.17612566833651,712.6952431505357,30.877531050598698,0
86.20934772198551,34.31306650935698,36.372923963994275,0.8626715826105407,7.4439539782636235,405.4768371159586,3.5252521974176023,0
33.13547275716142,31.475262104777492,39.35606313804341,0.32614673971470665,8.710008135461761,433.7889527862011,78.45160631608682,0
55.12759914444968,28.264652340343808,25.987312814246593,1.2471876124333963,6.684861046606822,218.9932574076463,6.224406999257435,2
45.60946745772307,26.38680699689047,16.511173074631756,0.6805065447289507,5.8872482263805725,879.9829072168717,75.14898369608889,3
73.84925789884379,18.681174467920535,33.72788947564676,1.3245157224023731,7.5810223384537085,769.4168026615491,6.204277420165392,0
88.8778254298348,34.73347363983871,29.129331405598435,1.2631565059200405,7.615178447214995,265.74257054835437,26.019999200651515,2
45.39180374665487,24.51917908377572,26.19728362111158,1.0936824397425398,8.688671088901495,899.6561569646422,84.28640475019444,1
69.25047608844446,20.587879636586734,22.73172196980474,0.6898498405191464,9.373276824928407,623.5172180420591,95.1584341295347,3
41.88585796558441,29.334050541739764,27.55996319608839,0.919579873993404,5.721202745313393,797.6100465750682,42.03810792339071,3
63.919815274296596,22.832900914622808,23.466990111425773,0.8337951091175508,7.8667578949724355,246.66253429450828,97.02395746694258,2
57.83594920130017,27.958230605827808,33.925296693684004,0.7066582634984091,8.2251141212592,472.61582494434657,63.06121145209571,0
88.32031977789222,27.97505443335805,28.597342412316028,1.3177635471638138,9.443205402994087,668.755785612527,42.16767712086021,3
66.51163636178799,25.577406955348778,36.9211943538528,0.8802084894931983,9.270360857107647,274.50360308979106,80.47733305282378,3
50.97038232520913,32.214016464265725,28.58859786623605,1.2992677173565756,8.349803058847911,542.2319870578004,30.237523493879916,0
36.845747093276,22.504440046442532,20.956560333498253,0.4262621689701891,7.5871576449778635,509.8745121808991,27.31382987466162,0
39.07480972409607,25.62675405750148,36.277297055803615,0.4692297463204029,6.146095689197045,351.2281571315058,65.99822001419635,3
43.519015797074104,27.140766186046516,28.930476123251097,1.4727843661355722,7.03670622081767,410.1888850962615,39.6582488348414,0
45.05799968041788,29.281620253044093,20.17102595358903,1.0053221551273075,7.840489300228617,876.9828481464876,14.455884667552978,0
81.03696347046827,31.327521458595022,30.587695248905554,0.9117236081988587,8.400801586383015,402.0539402069552,7.629459293700972,0
63.6733672969515,24.71172380893035,23.94291912356069,0.927787275772934,8.041598229916449,349.3982937778877,78.99641504859926,0
61.403454682461984,28.982798049642135,36.11014030730165,0.5583225288394318,8.356491207310965,575.3464197478334,67.91516244843211,0
36.88613231215305,20.560386202164825,26.33249346616357,1.1624447394023676,7.216610018207591,669.6706238492085,41.768024236053726,0
81.6083816009661,33.85501770922214,33.161033952685415,0.40173674847570523,8.410509162284036,707.5651777486954,89.72653588193461,1
73.36885819250902,24.51199970915706,17.388405190905928,0.9879884557236278,6.074965024078876,727.9730291478413,41.674818491817355,3
34.0601017140001,30.401864173599453,24.900608657558656,0.9849225559030816,6.150345247052455,225.78274406032716,71.31925167507296,3
72.47010583378612,18.345798391997022,39.58103591180996,1.3970261089602132,6.151328583317851,475.6322802656943,91.002412245522,3
62.61229304055876,21.48818142938172,35.21150723692871,0.9314193721258324,9.063459828143104,741.7706558481631,84.2308304121359,3
34.9035207448067,26.280403253500825,18.998520059173217,0.46447523516901545,5.804136253234538,833.3964712600906,51.59937285761832,3
57.498038491719385,32.93029195144989,21.944101236931377,0.987303911097795,8.706033490933903,621.5400863329482,68.38300285222654,0
59.08177722780282,26.963337549161512,23.245395221409026,0.40959317323839883,6.434283592186949,236.61479745677997,41.95291189600953,3
39.94647240979654,33.80779819899594,31.259139012386143,0.544552602359906,7.373719761981002,477.65206409859184,65.07252005711729,0
86.74188882001694,26.224547241907537,33.92486898724139,0.33733030102489936,9.163826381862712,251.95898110791825,26.497691396194192,3
80.99852228883972,26.337634644511148,33.73816522019774,0.915952298951398,7.843748918750027,723.9765038792092,44.03946926318578,0
70.1413402397465,20.035695404509042,27.74685140766007,0.40143913835228684,6.340470744929434,244.45382849716566,21.745028022582066,3
57.73773366003643,31.645156150587738,35.27051344595378,0.8632732542375947,6.636360241275229,330.0117467146241,4.780310315275255,0
54.70593249507051,22.198412011940064,25.926952068936878,1.4195340423889728,9.181786495583143,491.870896775342,59.26544520696186,3
69.05840802905725,33.293412319329356,18.09701413238905,1.1637136956231984,7.208575700439914,523.8538569804105,86.57850518972897,1
62.725912164414325,33.48401174561673,29.111046041345332,0.39289400907035166,7.847941932027158,484.5371902205086,3.5322491876959594,0
33.73638635291314,34.036271901860545,38.80753461502766,0.5690517746506119,7.339728786501555,524.3776526242,20.406944332200297,0
60.7501589262199,26.84391831475253,34.824841284812784,1.108394903872121,7.013752352193798,699.2674064141399,46.55832086777158,0
78.38421703397037,29.510594341321955,29.467516192306057,1.3736422332290203,6.393116507729608,458.48817606887906,66.92378486738308,3
57.55439265581748,31.23476996104828,31.170141508727422,0.3395023041167445,8.244766001938409,583.4253214054334,17.951690173318756,0
33.117394653256106,20.227248517057916,38.264050675889315,1.2749413580647129,8.372968105088482,412.3584802701125,6.612788068091803,0
77.17669196304199,28.21627231495745,25.708569860874015,0.9741766564059704,6.599540366429598,447.5392465633379,52.38582305496203,0
42.08182692815846,18.5830643221563,23.284853473565935,0.955309590355671,8.656043372219322,629.6592713294565,82.05226159267357,1
45.51725009328233,26.45862341760834,39.431039125011225,1.4493758193040296,8.918140801206718,543.3462561459139,4.488256021964357,0
39.882381205937754,20.632325587543868,36.58607833775834,1.1971735351161277,9.182700384958522,706.1254064014968,35.58757558554356,3
49.81290389228985,21.10968974135544,23.076089615465058,1.3201426416673343,6.14484965567348,592.3770116362248,66.68795953654019,3
75.4050903413181,24.205808633774225,26.59451493402307,0.7247946834536001,6.7156947344530655,762.501859768711,13.943458604144233,0
61.16315157023624,25.351431834180552,25.376953225194974,0.9652368489940917,8.941413390014782,510.3857490963016,24.35873091238292,0
42.29287644904275,28.593931217047185,18.72739196678585,1.038486812913325,6.294160811311576,543.7235339067611,54.01377173484034,3
82.66980468912246,19.265283113454768,38.945483095331475,0.6859007284349581,5.513873836973982,668.9799442306577,95.36993794005758,3
82.77491129709175,26.56275994103656,25.10781078049397,0.9842977499368795,8.983309241006538,354.87076108843416,29.44691920613185,0
82.23470550276042,21.10462721430272,36.8832270659477,0.5839864553756566,6.805797767005478,470.1506758518826,49.26521470085032,0
44.32777268289236,27.75757797553961,19.733905692016627,0.4720508052818875,7.1579901005558,637.3888708081954,40.59315544337741,0
57.07436065085929,28.83587840844012,28.696770265930496,0.7487643111327991,7.285336102882551,220.21338848601548,89.84227053097791,2
89.0993793684525,27.464057361398517,15.599034628106745,1.1871475544957244,8.893098402668913,505.88000354375913,8.117096539080448,0
76.32074857859942,30.55102367813123,34.105512096057716,1.3994245776886651,6.851568578373842,619.1949554142818,57.048611542735664,0
31.63004527353359,23.705357152095324,29.52284745615696,0.8492568617978791,9.069119543425927,877.1628723847384,84.76585021980446,3
33.91227547562952,31.006812057763227,30.639739586743815,1.071388425930518,7.967756552192192,813.9115931323698,98.82364012919658,1
57.835882608739965,25.35704038903929,16.293022063866335,0.42364455717012056,7.609146896134737,396.51936705986066,70.17382425465892,0
84.55321235169362,26.231136471484145,20.275958255215386,1.3853565102627945,6.80245802850985,555.0470728202473,38.613612090985924,0
62.32210787716285,29.017736163438215,16.858271808839504,0.9823250562839212,6.474846785124743,239.4900608620639,41.77061090086045,3
59.868750482057415,18.312092527986806,22.222857895095295,1.2364058971501883,7.996233771109395,368.528090372465,35.81653975453363,0
36.32842199739783,29.11790176414422,30.685975192053775,1.2533294411056726,7.2875766402263045,742.3991076476631,60.75769688088839,0
69.40680628345764,28.515947534225962,29.15464960793438,0.607776631641727,9.142064039728025,286.3198085927412,74.20117130110685,3
79.32618963601354,23.26740098480576,30.303745540334756,0.9350093438182194,7.466554864456199,380.3833673837696,82.12728879530417,1
52.825200450453735,19.45850284329132,28.731281784447358,1.4525757018731729,7.547179666804764,860.8297512150656,42.242717858634016,0
76.53671105551965,19.5459026485217,21.825719891896483,0.4075614537849933,7.1668931245440035,776.6990603447206,71.95414172364488,0
87.8685992340487,33.694803698748885,21.11268743361063,1.119659877635476,8.65705198796514,747.2793988542385,91.70603661094786,1
42.22598754766135,29.717748460839232,18.42649208841453,1.4547168936422064,7.199356792437081,805.1902432115097,92.16165465061982,1
61.39977787168448,20.160744434102586,36.22677187258731,0.6606925296648265,6.577367998999019,724.7239806076477,70.69887126874961,0
47.22827748507453,24.06429387825141,30.411983963531114,1.3337375056852177,8.94812349717404,284.41035128276445,64.05331708844108,2
77.57126514203037,28.07221089632714,19.662775312601493,1.420389054489926,7.887312885460961,561.5929285396619,53.62108147697567,0
64.65560195286946,32.204718986541025,19.43023449553099,1.19650345127379,7.866040879076007,510.9707445616254,19.136569150030727,0
68.07494505301823,18.742235788121146,36.82589003815342,0.5775939747683498,7.943288828655707,417.8061047892661,13.239335607936429,0
77.87484957695364,22.02276323499015,33.56827159408299,0.7008008625919127,8.375358992822667,783.8282868037238,49.08538967214865,0
53.75822835974729,33.12573283502146,31.484976997634284,0.34297115330127687,6.752271957250267,524.8974416619635,16.784971464538472,0
84.90540410442259,18.15581435312488,25.171602688482494,1.2977438810944262,5.635377483332011,242.2083209502848,58.12299264126426,3
61.9817320347684,21.423784747496086,21.549389106962938,1.3195334238132959,8.742372643508038,392.4759086041878,64.9245702998206,0
39.47728937012088,34.30341099154042,39.486269077820594,1.0592523719594311,6.01562021552655,360.03474062061156,53.03594415448403,3
71.75394709012815,28.42783139087691,34.93098937557001,0.7230334215166216,8.387278948842177,821.2352193678985,4.606244538748751,0
77.59568102629527,22.44841323283761,22.54448057840691,0.39217323316790464,5.829261193149315,653.2066704473,6.715067921430885,3
49.0057006240516,19.13884860472941,36.18911990696237,1.2036691318978914,7.001231368113968,592.2633861174526,12.220777283467061,0
81.43075541992518,18.47925278760278,33.97329871536704,1.1718314323319075,5.7521042793261525,554.6544691750935,16.210934693845562,3
84.36859528594599,22.160666353827764,22.42701374694996,1.3951230260866812,7.588854718510898,655.0791192790259,98.99837876316398,1
46.614269242668534,32.98525893301148,25.66382135604099,1.1766384252064346,8.1125430911263,728.4128827439873,35.105006669449125,0
89.01128836291332,25.07053212305766,19.648836134775667,1.294433930692802,6.185732564712753,588.0692940820569,29.90536399048733,3
38.442691682925506,30.24566727582188,17.776311109452735,1.1951455414847993,6.986510473753608,856.7997906068274,6.174396930758678,0
42.1209401041494,33.61084560145928,33.069050820992416,1.0568246259747796,9.220957964172214,883.7839194552693,63.896718677874055,3
41.053490354281564,24.93668784724788,21.687796433846664,0.8123596730292111,7.269556468429827,896.7396216261761,65.56688772799679,0
83.63938260047223,21.25171530763575,35.50148414365634,1.3825407703707333,8.710174275906226,668.5737770620512,18.3694202682878,0
69.2575531394977,26.79100482456763,39.89021778786065,1.0811622862889638,9.208738980240836,852.8343267291149,92.00491255153669,3
39.12625699333637,33.43742268001753,16.915495348241215,0.7780263863590908,9.397383299909146,483.13578671556826,80.2488611129176,3
56.41940510210094,31.67436504034091,26.82587812709251,0.40016315421834864,9.093288078765477,801.7146738731697,23.8016123639433,3
66.91788150418813,19.119107337173613,35.05156398277008,0.6488458270852585,6.7696213166358765,836.4220091177766,49.0991233607372,0
35.007845099362996,29.773737601318892,34.72377241353084,0.9524720817961976,9.350291544644772,832.8983306325929,46.38069476368614,3
82.94498210444033,27.722257881802214,33.99992895827421,0.6307624440194335,8.749580966984187,781.5923980358671,35.50352398988976,0
78.21621212649211,33.42687399788923,23.724873382547774,0.5654824175014825,8.84870233455795,484.6194131488753,81.9458365697357,1
60.31240641459829,20.08218408645505,26.34633139212631,0.9328722169054167,5.5606919366873395,311.23523738651403,11.817184076493948,3
88.02759691555022,27.078613924479164,29.874208933536757,0.5037844150748815,9.316955453273174,433.7694494411121,42.11610974295148,3
55.06565875650598,32.95086578970217,39.34851458933143,1.2604920759901241,8.612360895394962,737.1019985086651,43.37508192437249,0
89.04661914218987,24.97040437460963,23.18868177346232,0.8812417816111895,8.5718699860316,363.01985793098265,47.40383485680379,0
70.07519992821761,26.19391360145874,38.07859719292144,0.9886353287551801,5.826098923714345,534.7904453781807,86.27364911876424,3
68.0802763952365,19.19783152033829,21.73392295451235,0.47685992111681824,6.4302741642933245,595.7796625892704,22.598520149948627,3
39.9572937177471,22.728441887631483,39.726861636842614,0.6894916027552409,9.349046660551597,622.7009937065127,11.189394177715004,3
82.91566549827864,23.516613035872105,31.756592170689792,0.7921076199133834,7.502708299221905,855.007883865159,62.16303781928969,0
55.649381275236905,34.067081628663075,26.587787008963772,1.2698553966198034,7.091432072949024,663.0451142900223,18.20961302282667,0
39.734004346948765,22.805345129199704,30.33476070159012,1.224191427703383,8.859763268587654,750.4091712541116,8.418276499607355,0
30.75645119854554,25.834768499584083,21.81327922600517,0.5675729697452176,5.849361656455777,607.3148435241434,43.23827283653429,3
63.585341018302955,29.412175200592756,21.854346437786667,1.0394148979284092,7.167768065084237,783.5062232033742,22.744996654955955,0
61.64397732736058,20.757117330933916,17.838863596087347,0.5921476293263971,7.002803097688334,384.56452914883397,36.76044526793038,0
73.16121734214951,26.269520581411868,17.851257442634967,1.4858965868282945,6.899405548121571,346.91437016815246,26.71139693014329,0
83.41548318106813,30.55516367109043,23.691793536722784,1.4425486537570447,6.7307689746122925,848.4240341305788,10.171009809618159,0
34.76439507858177,32.73653862146012,34.071386947409295,0.9759176646247445,6.340299827160312,685.4366134501649,56.474373089495955,3
73.88978942042175,28.646407669261254,30.199279189954062,1.1386830862729715,6.191643211962089,670.0679039407548,3.6748233859090824,3
41.244716645854936,29.373909760388116,17.56461400827552,1.261716458650374,8.061624467678696,527.106667039915,96.67115945144555,1
81.49062318942984,20.14681903393767,36.305913124397776,1.1651981040538846,9.177579364834713,463.6880815054574,34.79172165176166,3
79.14381083169937,34.078200453187904,30.03419067475166,1.139794429298905,7.535406580999526,588.9838361350471,69.82059353849057,0
62.44762529913266,20.2537593172362,39.021389419619496,1.4502648095394337,6.6918982093865775,284.39644459516694,81.22592438219753,2
72.61456791739869,31.16943993209057,31.75463668528019,1.0157473275687399,6.136640790888905,518.2987927581754,28.63137475841596,3
48.861006791024906,22.50187747023142,19.379371592604524,1.0635632061828668,8.820573460210376,518.7573931258366,75.12513220189676,0
58.27007393596888,33.871083442921275,26.844584057695556,1.3191225005258174,9.385968225892855,576.8355590609856,83.40966468704625,3
79.2982138626283,30.239312169281153,31.212439938680102,1.103869041430088,6.896621605871408,644.2799300570416,24.89040614734974,0
57.55591183039283,30.814833120632272,15.706617526249442,1.179519146421027,6.663801702208516,870.1228561897535,99.2569730127112,1
51.46789591952651,21.724005942018017,15.372756603870197,0.581002423435971,7.905971811899765,656.5183889642299,3.0481796013668463,0
59.65274683501799,25.531679602797734,18.2350750149642,0.7455203089380851,8.601315923813702,818.607606367388,22.483047543318566,0
79.6949551462331,28.50282430801787,21.29161087613677,0.4767616148542716,7.321611214198658,589.4127030284146,78.22205487142229,0
50.11248284225236,31.089551509512216,25.738728088016888,0.9069185308017664,8.020292599443797,638.8495178392428,20.21897148051953,0
40.42569558814463,19.767309390510622,27.18601184399471,0.8468728808162955,8.366196272093168,248.88586717669872,70.12772646731445,2
72.72084121984685,34.36021037972698,18.45069022344742,1.4965953771353482,9.342369151424716,293.2846060190909,85.69751009330746,3
79.55869276248491,33.13375139942745,31.83478947789577,1.033450383378651,6.160149322080334,605.7693046382777,95.96221299079176,3
36.038248711412,22.595926038424935,29.90345154241337,1.243733787833308,9.489529975301478,476.9990089706205,47.95050402462669,3
44.39244676535668,31.986924131549642,22.361602471029006,0.700817604909185,7.068626620964915,759.1673639058513,97.13980317522962,1
38.51831938565964,26.811506691676996,15.3414970858823,1.2978543976113557,8.392800570906214,580.2245124119232,41.75060737148618,0
50.87648469493,25.850710186554316,16.941197883832267,1.0381019597852201,7.789657511891988,817.6037272659365,22.59467592776419,0
57.021058734324754,23.345379798793893,24.792369387770986,1.136390797918126,7.4466744680353605,880.6321749236039,51.8782634553878,0
74.92958021779839,27.876465972737073,18.849358779142097,0.6533169335393452,8.292301474926346,303.3446295850395,65.33250118683777,0
69.06885509290045,30.40811500096116,24.42049015369927,0.9583660700346925,7.08301540089438,476.3794261589386,46.33836828894444,0
67.25571404870587,24.98585938436689,30.70456511275888,1.0608443680963304,6.004439925347226,665.4867176666216,57.13027195271237,3
51.142496796579266,28.69672628114097,28.68093569698209,1.0069136109798973,7.455573532484959,413.8421287802448,42.22450958499167,0
80.4868531850856,29.888319659640164,20.779397078434855,1.39823245370948,7.587663482729274,386.9226364050466,52.95143344810373,0
58.27723004388987,30.089070889259858,23.59556228146881,1.3779271973910643,6.307608613599757,769.6169924401856,95.3069715227096,3
88.74629628090926,18.883423668230066,30.350779961216265,1.4651808694522448,9.242477425314629,886.26492834112,50.48328410109687,3
68.04852829774421,32.61571269664614,36.521375701086214,1.1009136072083872,6.409902586585165,741.6623318732369,26.064783648116766,3
37.57588449387016,25.790306351005814,33.83033596847193,1.4662969561508215,7.136910376336391,566.5736359628795,76.1159155297445,0
70.57065372452604,22.461073388835644,28.835000670835374,1.2989736000382905,6.119718747378894,509.7578623617203,34.42086132037338,3
49.506240925901935,22.109996627154587,24.057324957912154,0.6249985684079511,7.6431865847477765,577.7534043712554,81.80450991131768,1
71.17963180116584,26.211239918347157,24.126281938545134,0.8129228034615565,6.730550432400358,523.987791531415,6.62735690940463,0
34.178468889744344,33.076136170972305,36.9854327566099,0.5860709306268117,7.4570900799043365,552.0216397499676,33.88561973376044,0
40.49288623055756,24.431908888604998,15.98108940101366,0.30503659299667824,6.398467665832808,342.4171353704594,10.341630917803306,3
81.34423553434718,30.745337695320238,39.699566110506524,0.5256585037762903,5.715100511794863,832.6193645165293,9.446464600337315,3
43.63077342141089,19.645918426782718,31.609385271289057,0.3048727035442508,8.61690660432902,728.1745010662877,66.18056635807129,0
80.22246751457641,26.09296393656805,32.02844247680976,1.163806153620588,8.064345135838634,676.684195885254,39.14814533400713,0
46.75656530726462,34.85866438667651,15.949945932618554,0.8106411572654395,6.862957422844051,864.9474796821312,87.27641525652615,1
68.57291460352246,31.097442647469727,30.138231872281803,0.6750896724934299,5.689976898729289,399.0760323389866,52.12410864947939,3
71.64903441058986,21.578984303490422,27.119451502261175,1.2140650693142254,8.962300250788484,256.81158762552997,30.23897889605599,2
60.759285188703174,26.524505052864484,17.644472672351675,1.298984129543574,6.179180019742717,778.2970622487321,72.36799990825727,3
48.31864060180388,21.97162098202563,21.948050269233978,1.470359446379856,9.222968873125712,898.8918745544785,62.777662366984266,3
42.75866258226577,24.962535763462657,37.25786140534128,1.0704163016102894,7.414381514383834,604.9027066141396,80.15986746209114,1
31.991361273745575,31.2614284034944,28.749710396648823,0.8538347502480621,6.8615468396339345,241.1665715388773,64.71523935784661,2
48.23678407444343,31.110821859936863,25.335414379347718,0.666317161928923,8.467037907563856,746.3276281084588,17.534328292793106,0
69.18976743187699,21.87770642434055,16.817053896020273,0.5667818510570715,9.007357624300743,251.62433419208907,67.36069372903954,3
86.29828910690895,33.677796408632624,32.85303818505764,0.5555111405791214,6.982854254582843,578.0097903814968,39.76337056396522,0
82.27226893578313,28.073659107002058,32.571270584900816,0.7910272496637585,7.129375008680749,394.2727319473689,46.85115999549924,0
75.96388659211816,24.458712946354247,30.351090174314088,1.4901436263455157,7.23263287738879,840.5187464146768,92.23489299799714,1
77.30684059519791,26.53290487327463,27.756566155516232,0.3010244369248839,9.189292245914675,515.9318492816394,36.636440583476954,3
69.89909420855972,28.286211308441644,25.84461005518432,0.5366470766772009,8.27025596605733,828.9243439349874,61.58395515609304,0
45.61721145396018,27.51813904137835,29.831777324699807,0.5260715788842886,6.490584468182622,409.35675967819725,36.98469160781171,3
84.43170184234978,26.268885604115027,20.834886293210168,1.1605433826387508,6.239998790007918,471.1538086749459,10.378021050421383,3
70.24393871435004,26.5838576695198,38.531476604441195,0.7229816731176741,6.421470653699265,862.9834317729564,45.899008862781756,3
63.6264378588264,20.999002477274065,29.71986322950574,0.8487129655101846,6.55425555674207,340.9201156521448,60.10908894150554,0
36.65936815280887,31.816459373179548,22.779811108859413,0.478348956563886,6.420733965336006,604.9508061558016,41.34282591172227,3
56.82333262838553,27.20992543899726,26.24199627212893,0.7859964466523373,8.134025788769584,471.95722999207794,39.675952283140255,0
57.62149627211558,20.22835764897995,35.14211972192231,0.42383977428700326,5.963734042630025,741.9168195481092,82.2174728755453,3
81.87381657136021,31.024670726907225,19.040401518257436,0.9396519454662997,7.049433958831843,290.50745981995016,3.9388320566575503,2
62.798893211267306,33.85154763241496,22.32089056150651,0.4175260384594271,8.000214291881466,506.05047830326794,30.262954277271877,0
52.824032938224576,34.104217287028355,31.987700568413885,1.2486100574077874,6.663439895771724,689.2528387916842,81.36396927234395,1
88.60801971063955,24.273301450989937,22.887230162055598,0.9799220610485873,5.761097538806633,484.91136450431185,92.13248471250522,3
36.643235599578944,20.30378685053282,34.81254204653665,1.1687614485282203,5.827295691383873,240.9722174927637,41.817658998241996,3
55.352905698716675,26.81279365276211,18.261337179434022,0.8022196639832206,6.003867105218745,693.5785829347408,88.99063007641156,3
32.52148051028432,19.914356898936752,34.06715426136522,0.7577895518906728,8.84337209947262,552.2388293794882,20.694082090378238,0
74.39424724601582,33.877786114714496,16.708792871264155,0.4178506668586363,8.131454022419879,207.91608067607038,22.92127971815709,2
85.08459313194903,21.120853665037483,15.314815316687369,0.9286267284513872,5.758089644390579,628.8591266598612,84.77294628189554,3
46.80223977302937,22.297019619169788,37.455587970804054,0.9174025978285103,7.064275516605679,843.9167157701505,90.4225163927212,1
81.50050060794726,24.912820957044495,29.533480423307466,0.8617224533395265,6.6143406913882625,277.7181637481823,23.05777102830408,2
47.53309382771387,24.51379596550514,23.795672427170288,1.1886220376189391,7.8121604465152,613.4698645064183,6.8730948068924995,0
84.64620969863492,31.509269170764114,20.81486592409626,1.2990052800388254,7.591223798689254,710.0682172338412,9.942089568473486,0
75.23771421580705,25.75738594936636,30.422144581520403,1.2009476099382097,7.42449609347886,249.5415690982138,26.876702702259962,2
78.29440661048632,20.903060420056725,27.725054588418455,0.4726388913682126,6.758049481490453,215.8308207149304,76.3834586375327,2
31.08039333602727,22.54256822326326,39.78994438824963,1.0464714111385296,6.051199088175963,524.9371066514631,51.489190951832,3
87.76862142444156,26.654927548187874,39.580399666343645,0.39638772682744006,8.469505531490551,753.8306810640547,46.10329538203419,0
73.6002595242194,20.506716596244292,30.87561415354024,1.1335467449285717,9.019427075370618,312.50358706952983,58.82985318543409,3
48.285065723168,28.398146485982238,26.071762652647262,0.758206915873352,9.27660363693127,785.646090550446,89.13208823275643,3
79.76367989153081,27.617704211369478,27.278524228366553,0.45899874751954395,5.734475882454322,659.6040787965173,9.952607577000101,3
46.891271904895795,30.14993937849838,32.06197665592155,1.3344610283713534,8.45963484635553,432.52130145193996,69.77768863602155,0
82.36523037396768,33.94097846144925,17.539363605884535,1.0368100068467248,8.40601383762785,561.0780589447147,92.75229371988512,1
36.75482342471622,33.50832753871965,23.208801845267956,0.725669961537033,9.288438456582357,875.902485808717,22.1216541340816,3
72.22115864764774,34.08328550717013,16.881806025090096,0.33687261558059944,6.511658377991061,351.50587944263714,83.93945928022161,1
62.44190859869462,22.160165149402914,16.83401898792299,0.9447723108043327,8.468716153180626,549.6747784208281,70.10444636519073,0
35.792068211726445,20.236610212869028,19.895981047355843,1.4078710541834791,5.718505155065938,637.1405892753345,2.432385071241324,3
44.51362969553034,23.138703908439624,27.13133136483067,1.0156557992428388,8.024982883046476,296.61022383296637,23.929556355850693,2
30.74424217663889,33.21644793702735,34.61935802906973,1.4659807255433919,6.903391296208719,230.46546203631675,60.9786313286922,2
58.12607792787035,34.5249090685993,27.137397279146814,0.4637413419245502,8.5756377581899,209.4219670520299,50.73763360962995,2
48.07591564560002,32.608524168198095,23.386915264021745,0.9819661255138041,8.953217145741574,427.2849996200114,53.265689000159725,0
65.90144905786553,19.87030125916824,17.058824758418954,1.2577500576077154,6.959284168870065,251.76310613940575,23.961112036075445,2
47.83426846251703,34.10627596701649,28.75738807957824,0.9306488773508594,7.602344370797202,762.6389667787802,67.82534360015404,0
47.99514669041908,25.197086464963363,21.78171466207942,0.4092796271849671,5.9696162494544,898.1236690132222,27.375418722740914,3
74.5915919238962,18.158274942960013,30.373354447928683,0.9994632018566612,7.167627860893907,242.91267521412482,39.55406168136693,2
32.88857015870121,25.52069359271929,39.429693478310455,1.034085487010966,6.943201573036677,502.9083931534077,37.52267567212755,0
84.17369971151923,18.78317588448295,17.782858036938755,1.174451098170423,6.232493839138071,218.01248608780233,67.53047718986996,3
81.13583246347089,27.245924659738996,20.303134968048496,1.2134538181985686,9.077914499067104,293.79362353008423,9.935023406638521,3
70.06828099358438,23.755418466429873,26.82736345248437,1.2249272258527286,6.092351352160641,426.04579263747183,21.348648202978335,3
65.59329420644306,26.04839387109883,39.21534538364824,1.0961332723667592,8.04295743012075,475.5887491403549,20.849209997821717,0
83.53814988837914,28.42389613263299,34.29524440674989,0.5589734237023898,9.06057057391955,857.8480625000481,11.734042737455301,3
41.11981077172287,32.76961862890295,37.45572982907075,0.7850829070073753,9.147874319452903,477.0857661298271,21.551902904809445,3
34.73814973144972,29.252326800022786,23.342871211894824,1.2313559671372782,8.672958799362274,547.3943613401816,61.09896652441208,0
44.370610194572286,25.37883076412907,39.800961844464865,1.4441123800809759,6.204564535496706,371.90835779170646,73.48464891654463,3
77.67469672201142,31.930273512396205,17.570820401603935,0.3947363578039464,8.76972563685548,200.08759712960284,66.37004124994314,2
32.080216003589,33.39489633874325,16.32432265115252,0.9426440133566338,6.606259249662498,829.5341197131946,48.04362566010735,0
64.96841010500938,20.035919429347352,36.3900656763507,0.6750267255891678,9.189592109730036,257.20032992541337,6.191022538510301,3
89.7262509714786,27.042860618397455,38.18162175517466,0.5704726731801957,8.336346725695398,874.9741887253604,95.94169405799073,1
81.34176563025237,22.83670331562155,17.264633938652544,0.906972820223658,8.641070244035546,291.5908728701822,17.639569622911704,2
61.28674134261537,18.800040363908106,17.835685668646036,1.027307208667844,5.840129814007749,623.4149365253081,67.17371567016141,3
33.81845455719854,29.36529381693775,15.829353943894345,0.3117266777033775,7.831060453774178,899.5874114996459,91.376170932729,1
79.88241086314258,32.66710321680684,17.612689066068103,1.236247886641429,8.784568507594718,296.9252172487731,70.07993250211787,2
65.93871049063263,20.7693451261157,20.235495420007023,1.283858557511337,8.946361411089997,496.76015945787697,22.586914378706073,0
36.89597982357401,31.811032179606308,39.25191547275003,1.4586129894815196,5.614526818934566,746.2965682800335,32.26383357763828,3
35.63143708940137,32.50772747012801,31.69650555599201,0.5167724798696339,9.256636930220477,222.53310489497778,3.9903808340984224,3
84.57760916619554,33.54378752533022,34.46382563796355,1.0134630748331375,5.673354933209919,682.8479257980312,61.66306584336924,3
70.15201577628471,22.509846514462893,34.40348509228805,0.8119504481716733,7.958074718699399,256.26133652355963,61.686305107275096,2
79.75720795900534,33.36720210822811,28.376843744480368,0.7017934218664208,8.273550110461247,365.56409959125847,72.82455755626155,0
82.73873401693604,23.451266830519348,34.937224442825425,0.9787601417250056,5.929381164671639,312.0533137453523,2.088632638286514,3
64.30634112289934,27.389746228743547,29.89518830974924,1.2388597118682603,5.69204746243677,835.1355021528553,81.9662875936222,3
61.04678110530247,18.858627004148797,22.86365244008394,0.32766334013425213,8.639648617802916,326.3197017471766,74.13238478263051,0
55.82564461925941,18.745978502268642,29.027752719210017,1.463280135079424,7.038682499189736,228.30386686061004,14.947774342884793,2
49.01679526746716,30.24634461644745,28.337714653362838,1.2718579028468529,5.928450061260495,611.3379749134335,35.41503431762888,3
56.07575765152271,25.55615962562245,35.58632634398302,1.2013844443746942,8.550671265550568,442.32664778679145,64.21396439751746,0
76.43277934380939,22.3569703812767,39.543180434541476,1.2124648586166042,8.896652280574482,483.99435444895647,50.08389061909246,0
66.11540586090788,21.237029432423473,25.276064135523264,0.766872851542383,7.8495447630352295,283.3439214037829,12.394332126224981,2
83.55139739729077,29.389209344606705,34.08476696103399,1.2019446610137765,6.144947233738582,723.7641440032362,9.647192138522401,3
56.602800862751266,18.006826248430777,17.49407510095334,0.7641242503235491,5.560889885965963,621.0875547504626,78.36417361170106,3
66.42537472312524,31.700149876346522,34.42078423620721,1.3784481954897516,8.303209925207776,454.951931323796,16.44074468376317,0
67.87845318551932,19.34724330420879,24.285422799830805,0.5126668599677636,7.700558699301267,320.10246063419515,18.037174719113914,0
65.50182973837954,21.25532345343803,15.984754072242167,0.6508169090581817,8.103188566880318,615.4162174193923,83.261389410319,1
72.15802638513098,24.56601872008452,24.08115446405443,0.9616050512388912,8.752738680798384,745.0180956551642,61.60182382175849,0
44.246008102488375,26.242598575173762,30.26606877304112,0.6830532430647269,7.236911107971888,418.67809870703644,60.866845207243266,0
60.741826652747434,24.03491696883701,17.981254192036666,0.809084694354328,5.998061875334482,218.10226847701796,48.45523136497066,3
36.25348816850086,23.452106804732995,38.10086231075637,0.8909072272783136,9.259933141563305,350.04078932708876,57.330506425826805,3
53.07067965868875,34.38657220524421,16.941810331820964,1.3276240185762105,7.681048508987429,677.6784732249805,60.57519934680929,0
59.26002411727586,28.9068545811377,38.25016799582916,0.9278307043304312,7.9611764763541615,892.3674642198458,96.81479724951446,1
69.13345557272835,18.398360241245598,32.67843794839216,0.7349518183374726,9.233645718207004,209.36336758614357,23.074357439290345,3
87.0318631551722,25.312990443553325,23.24280438535509,0.5972833968421389,9.226334625241051,414.30749349247054,22.24167955034545,3
66.03906399290136,32.875147895647494,24.76875869272733,0.7904111745506366,7.788378426912694,243.4146093141872,6.664630282826252,2
74.61563497059359,23.124755168981356,33.520234118318605,0.9188833252972439,6.690445698885704,421.4445014341225,66.16168108212291,0
60.37596356971217,19.6074578611646,30.036777522030185,1.1953378286438836,9.488454536050957,484.14004018919485,55.355175901403925,3
68.04624188257988,30.892541117028603,31.79107303637363,0.4452585314068064,8.223268359814144,844.6034643623785,12.012681180817337,0
34.25593296802641,28.302235142913382,24.729115412837,0.565931025886981,7.133746707568227,256.39255958348514,37.089354576700536,2
45.26349485051082,27.695312633050566,27.195337045189973,0.7555848190424078,7.739347211414358,743.993837146039,18.68765732778918,0
51.711185592308325,18.910801513325936,39.746687100947334,0.7324780861434175,7.163336201072118,476.87407724407433,33.81669229968529,0
58.349601300390816,20.388483166523795,20.348071762492943,0.7700977051262541,9.053220609186589,767.8839947668495,95.1751527700664,3
32.738924730143026,28.583339735622936,25.446404663053286,1.2522255175683894,7.429997499462985,559.381529727935,68.64856504917236,0
38.401445853199064,21.53300530480021,22.295579689349182,0.6889852835546078,8.794113503924988,227.49742719038704,1.7493409787190528,2
46.60885846747834,26.569191355723213,34.12778776099624,0.9022778164831975,8.860705191292016,862.3441193003872,25.99829930462824,0
88.29196145406304,27.262988662499687,34.10031564164302,1.0486884394294758,8.797329350940993,257.9138444041653,2.025793160700124,2
49.88082042618305,22.81962223460597,22.311136524934895,0.5786142602203261,8.388754449902699,618.3784517736293,71.7719813780994,0
58.92246348672495,34.12322764420538,17.03475791582457,1.1624344645770466,8.919510867230327,814.367434053461,47.47275840349236,0
41.76586276430358,32.321889816204774,15.285816916805102,0.9565335836859372,7.048918318491877,255.83885842513573,99.40785048962454,2
66.64680426454609,30.280349629757573,25.686263331062136,0.8361373956376537,5.958652824567841,587.7253718912091,73.62474284124316,3
46.84099293095846,19.325895728959953,25.258439858394272,1.2717408320859767,8.869816817490058,777.0029128671165,52.27338132808031,0
42.419554706305604,19.80421032825333,39.70974696599657,0.5921943110222183,7.492673662749381,890.427296052057,80.66583739260538,1
60.99435770675875,26.377282879704246,26.745051892441992,1.3598111647371878,6.009504130111404,707.0291805698148,70.77556147217354,3
30.33034794962525,20.732126936246758,21.410459239385517,0.9732584824400445,5.961250088728032,394.83406282430553,25.133841585962728,3
30.45984195895352,34.63051288000106,37.28073602578668,1.0310098552555897,6.13696957603957,689.6992308917866,53.495569207924135,3
43.14412854611147,20.69484397846596,27.276698741339462,1.3500707570027313,8.503893038668423,694.0367385153476,56.043873758573014,0
32.20328175004927,26.28695320288756,29.979390880264447,1.281099225419203,8.343426693865124,689.9762084732322,45.67193816217254,0
36.48154524784148,24.19005796630559,17.391717760705315,1.0218744825862804,6.3152747207395326,797.982305965174,18.740069662680835,3
50.331638960325094,28.869569164719664,24.572910183244353,1.2038252446178088,8.88769367243918,261.16604376364364,23.113536114130813,2
78.15514077478878,20.19361895112022,38.60559186184467,0.8199833882794763,6.62517918211298,275.89389179080337,28.823692694640197,2
64.32291860215804,25.315379276720645,29.737634604385633,0.9568533041996954,8.67194233325979,648.4319869578906,2.01525978843821,0
60.76006355738498,22.669985557721443,23.61254637856154,0.37448416405021334,7.455223630939768,867.7167672687315,91.77744532478143,1
47.6093293924873,33.091775919418694,30.641679515789825,0.40782950160005615,8.426194730154265,526.0870472434722,68.9235031667644,0
85.90522316596898,18.689957106289818,37.760277239452904,1.2953104850235984,7.025550652294264,872.3938911379726,69.27211426266261,0
53.8209024742315,33.5333673981098,21.849765011814753,0.371605986818996,6.888562388379103,856.6596816613078,57.66073076710301,0
35.22556600774629,32.16090035540101,27.62791796176686,0.5032789507591288,8.86543839583733,832.0368167640237,69.24177000794485,0
67.02399096706807,23.058702179493864,38.96726634779388,1.2549991907405298,5.641209018056278,836.8956824048597,98.20439243749,3
36.83030360859608,31.41794112951078,19.309903582461317,0.30137514075390753,9.398947789030029,828.8231553295902,39.13087342581484,3
50.71338856810152,18.53063052575871,32.991598139917784,0.6388851946150371,8.092718233061493,773.9225684774275,71.54003310077981,0
60.44471632306853,34.43671435498769,30.36202520507456,1.0008463893919461,7.229933552797768,686.4852710237312,36.593371433375296,0
82.45335148111054,26.952114024026418,31.99187827851587,1.0145399177631558,8.0122181246017,217.08572501482575,85.57459107593577,2
59.61279482040712,23.15577744311257,23.78049076668924,1.2325834898753683,5.990963785835931,292.5775145092367,85.94483208211346,3
72.13552596189986,24.16391461410951,22.846984337094124,0.9071115053906045,7.556209821174191,293.96243817202696,90.32437611692501,2
89.56901033994421,19.128891008828454,32.10524176470926,0.9112822434371644,9.44038209335919,216.47819899571292,1.5408690999459558,3
37.8893471938789,34.81894173871467,20.388582127613635,1.1703726906488405,6.441077751386827,281.69123789654566,30.52095305461339,3
46.48389153117117,18.66796306756177,25.49136862147513,0.8983493559195401,8.389112396145398,843.8225034969744,14.258510768958011,0
53.674564535858785,29.133421093513604,19.70436615132295,1.0301893038763401,7.239885503326803,664.6630008375502,45.94463359112552,0
55.30969071232988,25.52651077100979,15.207621028083244,1.3773288819060612,8.109832593951815,418.4511128067957,50.04951462525048,0
54.66126451593274,34.13157570920816,39.25143400095173,0.7817412091348463,6.319548914767102,755.352008565676,26.334500240135895,3
84.4566601533933,22.181995585215518,25.79257446641048,0.7621500851030667,7.38185993047041,541.8586408683957,72.62120271246197,0
72.84195866801139,27.045476006946192,39.23374036049563,0.30425879023772556,9.4203708554371,299.4889258411136,27.707202001707966,3
66.47431284544223,26.2000555459068,18.50808799419565,1.0361115138254782,6.281148604064038,819.1514568585449,85.5352461530525,3
48.562363071766924,29.948729548851723,29.68416948643715,0.3357262888885584,8.045780111395029,437.06336236553074,18.588277446036898,0
79.42742305327768,19.15617394319115,20.02435081978099,0.9049781876739795,7.8023909950671815,689.2014613709259,37.356294181763076,0
87.30363068909934,21.294415210397034,34.75185317408187,1.2650805468386719,7.760206345161613,403.4159123497252,62.6015380840062,0
79.2718969530136,21.647601941578447,34.592574719024384,0.9599052846235956,7.960493158606468,550.04987547166,60.92817197586208,0
30.093906311488375,30.548562832308725,17.815178725982793,0.6235633982600112,7.508951894752912,771.3768980712908,8.724882088509208,0
68.18408221100442,21.21535783755458,37.80161132190973,1.2434021057392455,5.5677230010306324,309.7441424970574,84.77960260690388,3
33.06812288652604,27.7493599861466,19.865741180080615,0.6236604048990466,9.10038724585247,884.0759766674948,60.20842840954774,3
45.456433220023314,21.659144948516214,30.32443353973401,1.1796381371350784,8.807915309936124,249.15114600250834,87.11609532200967,2
33.5714820208663,32.647624151427635,39.6408405021926,1.0323101462282775,6.196670723684486,573.8062368183528,86.89592224455899,3
66.22772717696327,34.01715272632386,37.05991336915909,0.5039955560976015,7.153092709515477,841.2178635463636,55.04595034712808,0
71.1953948095564,26.814380574018088,38.914098214029224,1.3861606498130228,8.582195922774272,861.9857194177678,91.16736427383235,1
36.86925828395431,23.98925103155603,23.564969280452985,0.5407724195486348,9.420249261549138,362.4762740158432,84.99237208253214,3
53.030332982698766,21.978982175297485,17.639391055486584,1.4875044889688038,9.304548185767146,300.7894868503661,95.85417151161533,3
57.374190537332524,18.846277025891744,19.708671832236252,0.3087725863859289,9.097436798704697,707.0821002225236,85.19934145738122,3
52.14318130565499,22.564501295357424,27.512372376915344,0.6161800525714836,6.133495589196558,229.38149779336598,82.2991812491138,3
37.26150002911158,29.122008259070405,34.83074195683305,0.5398323567290386,9.157900424036018,539.66727832122,47.466687587014235,3
55.136867411248524,27.071487832256587,18.75384110459688,0.3167920922045551,9.013779651804317,757.4486587552274,21.991074977414847,3
75.07068286850509,34.04870173077576,31.493288306518927,1.1788414801767786,7.007799644665559,592.1783071617838,91.16016457447311,1
34.26045987199533,24.73671346235891,23.089440100987794,1.1321109625195154,7.078090378145048,331.6092860418035,72.5323694581615,0
34.810800844914205,29.79567681958271,23.530051809803837,1.2508211572259165,7.339635687820643,540.9310096289742,28.893038555653508,0
51.28627751015905,26.318486707077064,31.54794325394816,0.6080382557574783,8.124702523865668,844.8923015142251,34.758576552808606,0
86.5035426971355,26.713795670711598,26.674985488330506,0.8332022004995638,6.543342463932063,632.0490846309938,68.92177267386484,0
70.11435880337484,22.552163348269996,35.30083232564985,1.0909362259458568,5.591793717759779,705.0434392983138,48.303913527013414,3
70.7201974003539,25.734163206313994,18.897962741570677,0.8277222046657722,6.064918098388969,435.3847157637605,9.066773622790459,3
51.715199450271896,26.00334494921602,34.74870674417596,1.1367909243814989,7.260463630307095,331.9386426173324,15.003346628820044,0
65.6196474725123,30.012922869731877,16.605881201435523,1.0607680901285306,6.628010277704807,378.94956092972257,74.81921966771881,0
30.607871041664602,33.99087998616393,19.851347006140124,0.43757736362661176,8.558066244144527,573.2243156322065,33.528383319701256,0
68.16576278457254,23.598461717202575,31.403742862579136,1.2372517452923617,5.926760282197085,396.1541075274926,51.25729341180188,3
84.7972168545742,18.717407965882074,36.37314141277678,1.164811630911022,9.169860902219215,579.3753511982708,76.89552634709905,3
66.75440810068915,26.437017133510874,21.316990693483724,1.0870012651408862,9.081308719775645,695.4543491633239,75.3663837768992,3
82.42191560798071,27.255842646535868,23.179790145722823,0.4861123275252028,9.135027267733152,714.077113319211,17.534487661840114,3
73.43838332796562,20.863489369242558,28.428018707168498,0.6215957385544364,8.458439994413308,315.2794577627654,10.740992575504494,0
37.23350498422141,30.927898306693134,20.289320162232556,0.7718124379051206,5.927999885934398,725.3015941837042,59.52407700354391,3
84.14719843715051,34.743794843505356,35.27890653968764,0.6359155459877321,7.252550285478267,670.8816977146514,74.42165451919271,0
33.986630661346496,34.07817018914383,34.34091612514402,0.5733723488113578,6.025621487221855,208.40359335809467,15.754952277545629,3
62.03804835286583,21.35080266000209,18.63229279914454,1.2664292041941307,9.450796771044331,241.2105225628256,37.82357344540021,3
38.52822742760746,32.881175078312936,26.5957432954158,1.0658786956322428,6.832153693594693,652.3746513022662,87.15752160079643,1
30.702396643854243,29.976391818998643,34.37069416636554,0.9785665578603004,7.841322167560248,468.59272969459676,94.47809101447179,1
55.32205560765834,25.715391584717498,23.433238277585367,0.5711432530239047,8.617572216976887,302.27279970296615,45.95290633401875,0
47.702442459249376,27.19038690352039,30.827670567943294,1.4016918747223697,9.182464336902582,231.07759141874328,8.872077469052467,3
59.16002962785618,32.44320297470179,16.25532803643932,0.5294196469167796,8.52219090336544,311.5788384707016,26.511949164035357,0
64.63199320407304,26.162293973852343,30.21721901323295,1.2539411193896124,8.198015115064951,870.2597750251316,24.064022111237765,0
32.624344338536844,24.344525274787156,18.816324500015174,1.4600072000463518,7.363927128152605,709.2959490996789,24.65740833356464,0
37.38019770742474,26.38520738144176,35.764583127861286,1.1725112750690831,7.921600535002096,569.3937946540057,49.894288832545755,0
63.51854378702552,27.845206668595836,23.88623658951196,1.4914305302215556,5.876655235411319,859.0783500382142,58.739339517465545,3
50.59004119035949,21.21432011423193,22.038846568204892,1.081261340373536,9.03569016784505,633.3773063771227,13.128449279313598,3
73.75040925296688,33.31543141453884,36.02222441778713,0.560952412324674,7.675109235359542,707.9516317964672,89.0462446463051,1
69.13749891551637,29.461178130103434,16.253600576795254,0.5445833924598136,5.660540201739771,397.8562729541104,62.37740850483037,3
80.73626177939441,28.76557159473731,24.915219983358618,0.6894771411065717,9.17960850263959,612.287290512437,60.127921296532534,3
71.54956960015352,19.69143584507085,24.250088514375783,0.3085560242652073,7.457207895347475,300.43407100848816,98.74062084004413,1
55.79586464340889,28.27095694893406,22.12000935623877,1.1180381640994015,8.974356566244007,483.13820163844275,63.18625377181941,0
70.37799734366595,20.05633125805437,37.79385830003693,0.6224013415533931,8.927551816821428,223.26822749062708,92.96695578081732,2
46.52287045532511,19.337860478321783,33.77320983791806,1.2782198787513033,8.763006349828458,351.63966130787634,29.339440263619384,0
48.37880992669276,26.964285225920687,16.59807910479847,0.7310071806711602,5.745612077181424,252.40804059587228,24.772819544303257,3
77.3391095952476,24.847354078790413,32.86718623587385,0.8759477921559753,6.488266581696836,471.445173655062,52.13534999562086,3
56.78517098409493,28.009774592655795,28.18247832821985,1.458826699872443,9.002191489861723,790.1246152469431,51.35228581602994,3
77.90282043110115,19.516776856973056,37.52169736003948,0.5906065476567325,9.095964224208375,464.5538744415372,23.42188129890579,3
79.3453424200967,25.326712068403392,22.82364043370896,1.1655049169156875,7.332275449475224,782.1477381962503,70.26591003309483,0
81.45374025967703,20.971374155767684,29.354049990239574,1.2061413471665006,7.2601658706168095,659.5488188052211,3.933748104432635,0
84.99811415047245,34.78070146070998,27.51888186852465,0.5651977890283622,6.200562535544599,556.6706126415795,69.37241678239582,3
55.859113230797774,27.539553611397963,27.239022655690142,0.9011962039346346,9.373643154764604,365.82418528293135,46.260610726206714,3
49.13200909926833,29.686426635994742,26.402634987930316,0.720242310375562,6.352553901436172,845.5092649909067,69.21174357366283,3
64.93192479564684,23.532110771604334,20.140736888307032,1.226287492080107,6.263747137403062,237.9405661894233,48.23098243351038,3
52.270345406257654,19.61056155124885,33.89274806230982,1.046979982834845,8.142915880596696,682.2391123891707,97.7560445055848,1
66.06445000801398,34.589804667320124,26.283400818482217,0.8711796658326565,6.471377212001791,634.8679249665581,34.133810159208664,3
72.33515175862948,22.866403601514115,38.962906875065144,1.2352359180572619,9.255086444057559,508.7290655795688,98.27472076323643,3
71.30430110952821,25.20473914795076,21.520210679819407,0.5821866840101004,5.543627981271179,368.2246687048237,7.432420305418561,3
52.47317322120728,29.047686668943776,32.06859599067603,1.2043462567012309,5.523013049293205,501.4871557916868,68.6923167009981,3
40.01161210192517,18.41985406066389,38.51792699097771,1.3384491745113891,7.519507205742398,810.9409078873945,45.9677014717063,0
55.83176030773245,31.774405218793877,31.586458075402312,1.354345916169087,7.452249839653888,785.736277178468,82.39162492744033,1
38.55564864491453,27.121829230486547,36.781822690434865,1.2404083116235245,6.153456087603642,858.9668749839204,79.17199090198281,3
83.4058221110285,22.729692180169977,35.68702399392515,0.7896170003979225,7.478078251881138,415.4552446376736,80.2208081047178,1
50.75264764427145,19.047335749971978,24.002942887225096,1.4781696272613924,7.146644420679946,470.97291085821104,10.37912133094945,0
39.267584833399425,20.762473063065503,30.00309849848741,0.7555123725869278,9.061318101369475,213.10830686190434,82.41420428626817,3
31.526865594345054,33.21557560050843,18.906533495283888,1.0663504789229108,5.537015680867854,860.0649963040057,22.18997558693233,3
68.74934317718905,29.66241180691015,28.388147067389987,0.4932890136833624,9.405079220131809,430.57306427208823,3.5423461220444423,3
68.21413904728459,22.248329267827128,20.76054929535843,1.4765386783636714,7.99757105718337,482.9146750730953,22.556133248756726,0
50.4362499948775,19.115213004065502,33.59342037381114,1.144783106237596,6.107373782581103,835.4632280131761,48.449225365283446,3
34.30271333085906,29.740460310572818,28.201460547303114,1.204053054295642,5.687040055244665,568.6189011167692,74.46902463123178,3
54.577733693713924,27.730931341452006,25.28068406579151,0.3789320440933735,7.6524226342369275,596.3221792288346,22.644615602452514,0
48.67304970380361,24.876831915789996,21.719927404174438,1.2161013770648061,6.43956066388728,323.3629867056418,12.187747260936865,3
70.62723838410056,24.181394636231083,39.96746204603217,1.2296681150647215,6.704662148005037,549.0620145730581,64.95075824737029,0
66.34675496716142,21.685842690794843,16.792763022123317,1.1061272716346757,6.480528659338054,842.7460206361419,98.40590559964174,3
51.8756236918524,29.3833913611378,16.0890170143105,0.6502915365484123,8.100689254290042,591.1026616755482,60.48615990647619,0
43.0735532552994,34.5013564724958,20.431435012346615,0.8876280505930578,7.714115848464534,378.5814552478306,69.41467904821876,0
89.28215796933551,20.98715917922604,39.27681146569549,0.4325212455704598,5.811897694087246,221.826604894334,56.55557693089558,3
57.24009727176689,28.150982540263556,39.480954207999616,0.8659044797509832,7.606106132700702,435.4112414178476,78.45249597862188,0
71.29645414681423,25.211145947681594,31.373193369303397,0.5925886231204858,8.6647590622532,600.8136398451206,97.60463760073503,1
38.43317805470164,25.593708269659302,37.00266668016012,0.7189163837928985,5.824778363281297,229.82930185958108,54.8687937110143,3
59.13538197956387,22.320503762172844,20.349043271019884,0.4951204900844383,9.05895590492168,626.8548041038093,42.26226066252986,3
31.652203192167928,32.027292886244126,39.30105235441559,0.5760652412962763,7.8132265977909165,566.389678982679,86.17396305485252,1
60.327307074627,26.2493452705031,18.569621253489117,0.39188237018413946,9.302497877081267,748.4048284165997,97.00310603223902,3
87.84104442706214,27.23789948737049,17.528129704541456,1.4038816397243057,6.092564870889502,220.22172059037328,13.788982446087228,3
53.05240277914801,23.180935517554538,17.805288481181822,0.9364928255704841,9.474259997413261,746.5931413731162,58.23892558191391,3
32.3397607544947,21.090743916338145,29.328198081814115,0.7760903655152875,8.077091463878707,564.6139320306748,79.45353926205374,0
31.85734745516061,19.460476599447947,34.52436001795131,0.9420350553225407,7.769976797924251,459.370532945798,53.80060111048269,0
53.27920559681217,30.14002539572357,24.166679446865828,1.053951874177863,7.5611184964483416,875.7680834511768,41.51049985110192,0
39.60149618779164,21.335982788693546,39.447399694653164,1.4062545520432188,5.594617492393251,312.0836830652371,65.86775229240664,3
31.401125779691156,29.73128102120956,25.860503452958238,0.5144315427435759,9.258556766198312,578.9275833637746,27.742681356821482,3
75.37281683701062,24.636399582798216,18.761213769330407,0.6546629983622612,8.075977891416793,424.6870315147349,35.564240550898575,0
57.51138053291344,25.068171616824074,26.64916870465342,1.4709472036129376,5.8665059379971645,569.2404651567351,99.23538922925312,3
47.35468631835927,25.97601743357712,31.975929135560996,0.7454315839782293,5.5838086811781,586.5928168062885,64.01006810307504,3
84.00499098098885,24.251044638168235,35.80564451260947,0.32707398090879314,5.703134556947005,262.61377389739204,87.41980253279638,3
36.96833761203153,19.710539612784032,26.46920724891482,0.47717219116459053,7.937583053728963,662.7946028428448,80.9690827906772,1
87.35512973731915,23.26374077004838,29.840170651229187,0.3316064420982624,7.95606165957834,644.1370471433083,65.57498288500838,0
48.83800304264117,29.283484131796953,21.683617803971334,1.487907770904874,7.498669167125764,738.6270922441248,84.23217916341855,1
83.30422033852088,29.318334824970805,31.14791316013785,0.6346450187894677,6.727063282611806,263.4609455614197,29.428691047923525,2
66.1765725887677,22.865813223079904,39.64929859875859,1.4082513083234711,7.626970926458565,408.08098283258147,64.07452843241754,0
79.60244158448924,25.821744651480696,16.226339314694847,1.4950635309116589,7.565207283505032,655.0774198096708,59.46974546287411,0
89.04078979262786,21.288602876202937,37.163266767629196,1.0198094653717371,5.577662239506262,295.71157814092595,62.61954047854113,3
47.30432626912474,21.57632538600721,29.05706256918807,0.3398355780786741,6.629876921309992,674.3187475519096,17.694560787530747,0
87.66812912445558,18.391800502912325,21.302466489057498,0.3979099564643123,5.712741365868598,241.3186975742961,28.447060959808773,3
53.36891369414522,33.24469134843166,38.87224275023145,0.8779068661294533,9.100619005790621,434.4520870717394,29.37917356046137,3
53.130714284215344,21.582013306273407,27.083857576472475,0.7874064154937832,8.400892651140541,792.6977856327634,60.59267009470356,0
50.42322625527034,21.868075907919877,23.29225629183464,1.0274127669381212,9.48446068077165,742.0039032668121,97.28214116353882,3
62.48445644085511,22.75322435496724,19.53744070677103,0.8266173716536367,6.708685053221151,651.3325006589615,95.45268756703267,1
39.24870259070923,20.165937218822293,21.11130525641655,1.4208922191257813,9.013943391027642,809.3208916375708,23.49176574597996,3
63.22268912148067,28.86746901408317,35.82122603978607,0.9416876584962133,7.912217071729927,696.4886809205403,31.17967906361048,0
62.50228874460024,19.277430204018973,30.360250232929147,1.1324712737549305,7.31250162761442,563.5625736475621,4.570127335637545,0
75.7141087562922,20.281441247547953,37.831140487207904,1.375782327170996,6.39029244515454,885.8022502700506,40.48274339608002,3
80.01899771625514,28.960864352031578,20.799211303944645,0.47624625099984885,8.45356866114457,686.3992558525237,83.632738046356,1
56.42648101874544,23.774230548184526,18.02846434622254,0.5756815849422343,9.1165629956172,620.9570237691022,91.65942215962787,3
48.13999496108963,30.035113053920213,15.15218827438975,0.42878239256881806,6.441233592301483,486.20939266749525,24.413151477226418,3
45.56009383902567,27.476220659392414,27.696550940399845,0.46756607907589476,6.20156133989445,831.6887490053352,27.313652875395082,3
41.677430202292314,22.352359942045723,39.95767325954971,0.9151007603210797,8.284887660019468,406.996366923495,22.864131834366614,0
33.458854931941495,29.064075158318577,32.374131720465975,0.6854151107609567,9.407892650902077,206.45371594763188,35.66025318988329,3
50.546878730082796,19.97665256497897,22.709864799128653,0.8078074074321058,8.499820404416312,337.71836570265197,80.67118046046393,1
46.21486152784699,27.11897651236052,36.92146457565429,1.478987798152874,6.638322956190596,276.6622443596514,65.03888951856155,2
87.98504315198444,25.43151778576559,34.543056649699,0.48804521735513773,7.1798216965911426,423.29564192115043,78.8081508685063,0
63.462529575002634,22.553850907896493,15.385379151913481,0.9489744849576907,7.037270541833487,778.1150742209185,58.72007952719531,0
50.83662234183045,28.268084961571503,35.42151201352556,0.4186453860643811,8.908380072188182,656.0707797555052,26.515574727855533,0
64.82805605962176,32.8126710697848,22.5131689309624,0.6821955759166543,8.585483115488895,318.28641246359877,23.57142384104187,0
38.351802080741734,34.9813798959723,18.741836614590028,0.9330311084095182,7.855901739046081,752.175204764637,1.8910698805112294,0
56.642624952132174,28.331967068638214,20.658270993426864,1.4359580951584052,6.5998364415876125,552.9539062695819,78.31723155053318,0
67.57405928526383,24.87999986359589,26.714495109378475,0.7694738655401796,9.251954110888224,558.9002368828078,84.86500139030706,3
59.33386990754708,21.828520703675427,25.621698176700278,0.37788803545760374,8.113260899076586,453.4785266866113,77.0599773632132,0
54.10672803925945,22.3706335197169,22.22218248435567,0.7657937375523802,9.38190658576713,805.2314553754164,8.365803715120583,3
89.63090333398189,26.15073462854602,19.30545805517582,0.47488941104877325,7.8204681321681235,422.82911269905486,76.45994108981674,0
82.81888572893561,24.24372092177206,34.055769741054235,0.5759875359497344,8.784771033454456,265.89783246878204,5.530977861876662,2
67.40435748956641,33.53484688462405,39.752744593372924,1.0417087477979885,8.752421517578107,411.9102957803616,11.453713504932724,0
64.16264167093696,24.261022950147062,34.44478951049226,0.380908639444418,6.849315107334368,700.74748238752,44.60706192033406,0
67.23962878947503,24.348558049472402,22.39842419178853,0.8576685075000448,9.356082891828912,660.3073207623302,48.13855388355917,3
42.078726469345995,24.52008671137761,21.120224035303334,1.0313539032129173,5.587765870390256,331.61200748750446,81.79574502525094,3
53.70826459585912,32.22254357625019,20.441646901648454,0.8062300708409962,8.574843635069657,278.24900937345944,68.27316231205015,2
32.36757197345396,29.06340145439733,18.417376862225908,0.32295162074847644,9.362228343056175,662.6060308812224,16.17869768449041,3
58.5327622492096,28.440870455421177,28.783263742307533,1.4826232282834384,6.855632813134891,673.4637849584385,23.388531539651332,0
62.58147503745979,23.680431380525658,30.135009298833605,0.7405389208086424,8.092442351163887,456.3047460473995,29.281843637609988,0
43.664984166192575,31.90437100615147,32.63756651657843,1.2342926243199204,7.748892999376842,789.9609684703559,13.243591108030976,0
87.84173082993082,18.65218564304692,32.0053342733417,0.6907757906249439,8.546029238706094,884.7436426599418,29.476843749563837,0
84.56727665623453,32.803551929747925,22.308332782084562,0.8700201083921026,8.964711686580209,343.95165641457675,73.13121739843358,0
73.32859412735435,26.716748296496803,23.257775134921165,0.7661563711331958,7.912178277198192,603.9481009942199,24.898745540621015,0
62.00319772592175,24.77025399267802,32.03786338605845,0.7110470754115292,8.763618345525828,203.7424303027574,83.70060505897825,2
82.19814957886109,26.451843772200657,23.736191019590706,0.3262216526493345,6.74914230355702,699.1380772184011,47.48218251739558,0
37.83914062940777,29.34606401907513,20.315579740482825,0.7320251254254042,6.4143482348192675,489.9974794943225,32.97064036319449,3
77.4305876564931,18.217012250804256,24.35840384241849,1.367387988479436,7.222670758131361,335.2884588322154,41.82939235033843,0
37.489248838010894,32.816381559790216,21.80210393944944,1.1284720063124203,8.210946398323133,726.5553452350633,71.24017731875566,0
77.65263975296432,25.59457193029368,17.207818030464445,0.4745074309145278,6.2489877957548945,767.4541582892565,52.162477621353034,3
46.546054095081416,23.83043083490133,35.753472556916336,1.009386005547287,8.221408768607565,277.8165508231561,1.7205877335307473,2
82.62543486109134,20.350174615778972,36.327784728925906,1.3706770319386459,7.07637459428827,228.6970332866238,92.31006081192243,2
86.64252562952387,25.470911364093517,20.493757504171988,1.1400408491578264,8.682301095570528,433.85490916838205,7.533604297183319,0
38.92775816430694,26.437487111834443,16.619304988130043,0.4784212708280361,5.647343268413213,638.1933260327248,93.92351353262418,3
57.760536303923615,24.861993806389123,33.47068593377949,1.3413989960813961,8.171930551317578,755.3936690320431,3.787129538385412,0
88.8592426897611,29.53722159505725,20.288215646585343,0.6618528159466384,8.099289346599871,582.2437476413204,77.3269541607874,0
59.004446158388795,25.15524098890684,24.835887235921504,0.84489137317481,9.263741904501257,606.5241434148865,53.93279611014553,3
81.8128513508727,34.34409882339175,16.603381305934583,0.9313713116269755,8.353470214256282,759.9007552270238,51.0668918798065,0
65.32389132787918,28.18771780300106,20.656739618960877,1.3206079252538343,8.685207585693124,570.1903619531315,8.205071751856448,0
52.51979447517611,31.72712490608245,34.822556958240895,1.4179289941771933,9.118364063412674,627.8081431584103,24.635756023453713,3
47.147013331552216,19.85905035286114,35.10991117288005,1.4155834533486673,8.200207673167952,561.3521379835915,77.97718438945401,0
42.193385465165235,24.753951980080398,20.17712062219276,0.30954501753424873,6.660614539839898,816.3207633573928,89.23472316232692,1
75.70789148266184,23.726410924601595,23.397846127667236,1.4062661827025487,8.979095198334088,364.8616330095622,53.38274942424498,0
53.19243040938167,27.68120059832206,18.35596047734359,0.36526435920188677,8.4903124779039,384.79550917835655,35.98099623989694,0
60.67652773204507,32.63892984104424,16.85431575712306,0.6189283881809224,7.197750416003574,289.573023121278,6.934377598356872,2
59.53952880007091,19.331749701954113,39.804292861210236,0.9179854256733995,8.342116690599848,773.6267260460952,68.5356740805677,0
64.63674175398788,19.233771566760083,31.389848781120982,0.8759108268052729,8.970755508724569,488.24410339365016,28.56621445794198,0
81.93462873747313,32.455401038679184,28.552412729957968,1.0256517526648703,9.402608525565086,443.5257586168707,6.446357784222533,3
88.84436061500577,21.618451462652075,34.137462510132494,0.8753354744844069,9.30940601583622,886.9441019610093,66.91932118076359,3
54.45505251442901,29.368805325646832,36.0019289921931,1.4212508155685049,6.801311307056566,848.7623565078499,49.08625955984208,0
79.65113532637818,27.228928250133688,35.16786920111819,0.5886586178575044,7.186774854872727,880.391377487333,2.1842528204706695,0
75.87166767928306,32.1591911130829,15.413486232246916,0.628829632846183,5.938146419909485,299.609297731085,11.98147987152836,3
64.41173708733439,20.12651146721886,19.670197454762462,1.4048855228316675,6.490177148072184,823.8762692037163,70.22099099534847,3
87.36282861671599,20.206310417284392,31.372632552945777,0.39208741649430745,9.029684833947801,430.096719571216,7.303461973513065,3
42.02847093170416,27.46591212473123,24.393983695099074,1.0314729862857719,6.943399705117436,208.85973914830376,86.73034341945603,2
36.55585261857728,34.088437107092304,39.56206627652767,1.118083142478733,7.982210634379524,473.9088351881481,31.821301464573335,0
81.23771801732534,25.05496189230282,31.63511981595635,0.9066500681156873,8.163862473228132,556.4374471966418,9.777980573206037,0
56.34898899802489,23.558015704329815,38.91372271823016,1.1330782545877647,8.627317100573247,275.75429649718376,76.21598043863848,2
80.81813125242363,28.31371849436406,20.036162041144845,0.5073055752143604,6.231200120982524,576.3743318119793,52.91829621084935,3
83.5854123117249,33.817626209265526,36.598925702875576,1.3231586793258479,6.7192525384577415,773.624508923712,31.357363205550463,0
33.74745561714428,32.2277731583586,23.033807645380634,0.4680308273638627,7.293345365832723,464.3556655874358,41.203735825257525,0
83.00788577916364,34.92322138246474,39.73912020594517,0.7809749331788995,6.959364244953094,446.85136457401154,3.1198271648777625,0
56.89914332216533,18.38366591444041,18.942216801828682,0.39030912156984693,9.43162093143876,437.16729416147416,66.60715521640347,3
60.62594934025393,19.918588460116958,27.908495470958165,0.9542532945808802,8.83976321285485,846.1661121185844,37.21159520738101,0
67.59555066559261,28.360951977232574,34.82111334592805,1.103694968910767,7.418747018481945,234.13066915313937,71.68971940308484,2
85.58295640380521,31.949799468675444,25.816062015100897,1.4294659621143486,9.01707450434587,511.55329939506873,63.18894344930217,3
31.146965665785842,22.849153819215033,26.702101504691168,1.187203435075201,6.890611790333187,385.2196179048018,65.47416440506406,0
58.610608099069026,22.06658849658172,39.65889488764353,0.9493234997449813,8.643313295561057,825.664917771246,79.4963783894388,0
71.26332254583363,31.378588589480415,25.632703757528834,1.4191404206044005,6.394702392425815,267.23658450866276,63.48464975924885,3
73.3624174618937,18.958491515504935,30.10180251497659,0.8741242056490519,8.589288180905463,488.00993667628757,42.453866994947354,0
71.55194589222648,24.279505008903946,16.363491516878767,0.9734467837186431,7.325813612782913,484.77130642175996,39.602828611728924,0
38.06610776448731,26.598756784069607,36.0552520052565,1.0153182332041149,5.929997283968969,821.8760922829158,12.838628569720726,3
47.963735302300876,27.525927463955497,31.20420122448859,0.7919756710638801,6.59304981822233,350.8454115286786,78.16489790246794,0
51.52293152502081,30.38645766547721,25.10050257157034,1.306179228678989,7.1090984960942585,651.4267872111278,76.34973573370756,0
78.2662324607703,24.03237729832119,15.404238498862993,0.522211126614071,8.497171646657748,294.08428882145233,25.38353834146682,2
46.72559234487318,28.415633859468322,29.7917205148376,0.9658106284459296,5.791930858923804,867.7829998563799,86.40550935711632,3
42.64229783203219,27.951382187446256,15.316445712104056,1.1666799074246328,8.138187980370558,615.1104714906,59.311322521272196,0
87.44688114228578,27.3094737111137,15.030090347725448,1.3847714062518925,8.364054563731374,638.3797112244692,48.38999739706216,0
30.531797106808135,28.88821598341761,30.402464053733866,1.360702075721134,8.115685479703005,503.6413811623305,2.7321338609240913,0
89.8692513409187,22.410635908157296,19.725426683363857,0.9104883473161702,8.542678552670223,439.59789886642557,38.89137740056731,0
70.60927793144373,19.439028810938694,19.797188742952383,1.07179374139601,6.212674464091354,348.8735006464134,64.42640605533065,3
79.70815796694703,20.027618424675637,31.331789145818593,0.7730852833551611,7.848413420252149,622.7914276825812,9.885035931149963,0
47.67716378077159,21.81790050511632,16.342429698484356,0.8618133154562404,9.264579788815519,868.1932217437666,46.497163579867276,3
30.8589166600236,26.50336490388735,22.835139036863907,1.3875189510876593,7.94313707921815,451.8536678646821,99.35015918479802,1
74.2721711136918,32.28752675928234,18.735797553550476,1.4168447918309688,7.9453453878118125,818.209822063438,71.93732508369769,0
80.04867582004054,29.921986815502528,29.504409244913347,1.3744968696804236,8.445758568453076,304.14341899307476,55.14021786265884,0
74.42856791721115,31.413690271434803,31.544128868184895,0.4660450341763659,6.832816928503436,855.2882146172606,53.77025560896859,0
38.57101723805032,23.966585606743553,33.028396339976084,1.3201008255967634,8.301903605286162,445.3403987286536,5.332743143561248,0
75.20567533541814,24.879113608025353,21.380780422964136,1.4380364772257763,9.16493533325286,465.80904811534197,95.77412930338568,3
76.13536692645846,24.69259206184042,17.2312437909146,0.7334996334883256,5.543581892101372,523.9895799240298,92.88958836821925,3
69.5124309402033,21.261844134876526,16.967091423547444,0.9223755473060031,8.980452164435462,702.7709889633552,68.5580663568692,0
75.96695596773517,19.040683188440724,25.653788711268092,1.234914306975595,6.374473325035437,703.7574035823247,10.802153318473446,3
80.75528638066393,28.045573578062857,38.64611022656788,0.9744937650787784,7.3236930948015,535.7120093037656,21.57555577819438,0
66.81624685424751,34.816683618149966,20.443225856175616,1.4921802260474992,8.909391203810552,566.2070295197552,19.20704405168294,0
35.31628283818074,20.836104984154467,21.418540033538733,0.846856038188194,8.795648509826517,221.00734144189883,52.438270025020664,2
59.25766858003265,18.793641938287653,17.522220052646475,1.1567312534488532,9.067709912504224,413.00769109082796,21.57258357569657,3
34.6589600802963,31.25203859100686,30.139256847348257,1.251109368235853,9.261667170530105,442.2119519614266,69.88425559287562,3
54.45258186194585,22.293962113640312,31.99682184867937,0.8929204989101274,7.288627827087034,591.1090881080315,54.97775871096952,0
54.42638934753766,32.10394469099978,31.073280204019,1.328380566853651,8.125455243204028,590.8098371599131,2.748159527222893,0
33.960590648414495,29.966923339586764,36.52825607611953,0.9553855094486357,7.061913762104426,696.9298584095112,74.6616664665295,0
50.92923203816876,34.07645012986367,27.160645875651795,0.7939809561619577,6.902866869968664,701.9191073526566,19.6940449287409,0
36.65988592747889,24.951763007863423,18.361426019176612,0.4293884086223364,7.2263816423906775,364.6475069484581,82.66362684838701,1
78.49411260055334,29.25348727066078,22.235128267610317,0.772096291620509,8.472304539130704,739.1310057733773,36.14949827517492,0
86.86128155786824,25.902531273825602,31.560749335533796,1.1807237456799409,7.505762988566211,213.72249763239745,34.52334831818201,2
34.338988515476316,28.72000785424524,30.328049343538996,1.4055436940161288,8.756238697793368,701.3133192247044,2.1699162420428433,0
87.30691243750209,25.643181402131535,28.275078243574065,0.6020152846323723,8.480873908784623,271.44277246359616,98.7851693093787,2
61.354595960204705,21.20674818920927,32.07411046721718,0.7262826207966031,5.581913844497597,710.7537458948533,61.58842957801452,3
47.973940677232434,26.634256072057475,30.934771259332486,0.48475319292531144,8.020952628424647,568.982663397883,42.85028645241308,0
34.61172451656981,26.985931424436522,37.0331222366238,1.1288674730747625,7.246284493234365,506.0781504781645,10.565519041672566,0
60.03745608422507,31.780265420422737,29.650409436957418,1.4522261160119103,7.326515956604567,683.4664728330004,70.21565835095066,0
77.67093266944492,30.50385199849088,34.46503396751391,1.0691426638178105,8.773492215479578,225.45958362306288,28.990316529201944,2
72.42518863600189,29.284457607004548,21.217678899161697,1.0404918360074715,7.690431944338707,356.42922797290487,98.83980101917737,1
33.01356068783843,19.927580624393734,31.9545646147267,0.9641879166005207,9.042487293835789,631.5080997273578,95.10418855578298,3
34.374110122074214,30.250476941283154,37.554852959566894,0.4061468888226438,8.351222369566761,793.0507846415726,73.79437120147607,0
54.17239695795823,26.50518765802675,24.64330819749583,1.1754045917152602,7.711360035056211,466.77534586158185,97.13612109801393,1
47.717429642876596,33.19969211380471,34.47760468346617,1.022459452259221,8.518151904604416,381.13303084348996,11.45775238292252,0
43.94305938336287,33.637805880219226,33.11973252988588,1.0937721226275443,5.653396203701629,563.115505052296,28.711620693117975,3
46.86026993452282,18.937662040230354,16.488154921795562,1.378573311632906,5.608334619312831,635.620676670789,26.071085590326728,3
78.20896459781308,31.950906526026138,29.537707740601807,1.2407529444732215,5.833397307683408,494.07212198402254,8.129253187470947,3
85.75368321791123,18.6408556371854,18.25473373002006,1.2370983025854312,7.250261300588571,813.6974778618286,97.25043319917413,1
54.30616167165398,24.241883636815384,39.182979305764775,1.412620522655217,6.441800582507772,566.4070962020094,6.937434578042492,3
84.36666012794981,27.219099585558347,35.2851875675164,1.4879219417555996,9.437045177663139,225.0765112994095,85.81220149543863,3
49.28974207487292,20.517713576661166,17.743095031178,0.9975392783532715,7.669160556045467,356.1377682943332,77.04798103310708,0
58.586219180627495,30.687334813674305,18.04379994119196,0.4306579392373989,8.149662984324634,515.4529216424702,38.210841659674486,0
43.56173986895998,18.142029970926355,29.861846372815474,0.8509558893305236,6.615280544986787,688.4078633118534,2.8619289003500996,0
68.42856253055064,20.866183823378627,23.622229354329583,1.2451213757539732,6.787187634350435,353.8265706548122,1.603494593205082,0
88.73886691048853,27.873546107509085,15.872646476827732,0.333270389714219,6.841847656564624,883.3802078021947,21.1953902286984,0
66.20958576260273,30.14458855463397,28.541037695826326,0.36826492602737887,8.294942820601202,422.99078073165845,49.893781423345516,0
51.46884504681293,33.582932745796576,24.696127492146175,0.38058933885938556,7.3948248307572335,572.7361448024119,46.33308784032998,0
68.86904675943171,29.993443082888604,17.526912309293564,1.177242909993973,7.570734610120297,213.27646931172882,58.94396507992782,2
37.375240707923254,29.42024759433272,35.04800980639956,0.9013999542758064,7.868011928637381,819.4235050015631,77.42397165641545,0
83.31954481592392,24.70379948796129,37.876919131970155,0.7426775322247123,8.575246624952868,752.1842574676284,38.358106871160366,0
60.185037046790185,18.021835233955624,33.91484835035325,0.42674045431408314,5.861478994049913,336.8206030069149,16.87600585542242,3
56.960984522378524,20.042707398505573,35.56055775040693,1.178688300247067,8.607495648875286,853.2656838678901,80.20484276601397,1
65.15188730721115,27.087427260852664,20.412264181652933,0.6852237726610796,7.75294027550072,421.0878346581833,33.93637745178987,0
67.48703176736414,29.477208059355135,21.589323772965024,0.6183888840776006,8.176381779421028,684.530401866082,29.401307881541722,0
34.30654837359078,25.096620826239864,20.213188507479693,1.082783041864261,6.810207059363048,773.2834226116199,76.6668918044943,0
70.95703327340414,30.421543195982636,34.126585784139095,0.9708130711162102,7.137547347265796,718.6401228660266,93.4798043702313,1
44.515900818931776,26.871659020647037,38.69792697336243,0.734892770175962,6.4246632786156805,842.3079488208888,91.58116691906493,3
72.83715795039538,19.26099532510331,32.92093016834757,1.0697849649667057,9.417199989669621,804.9923322384959,14.60680015986068,3
79.3520876630518,21.26427626645513,37.0366691219889,0.6254658244609418,7.488011890041267,896.2280598641271,50.81265719346066,0
78.23751045315122,32.279969795147025,30.967477372079316,1.2537963139251922,9.484307663186392,327.8279888033019,10.194158089089168,3
63.15005804447335,30.32351669261547,24.691497513969978,0.5751827403691847,7.459143912245065,413.33326085869004,96.13661993173358,1
61.21019353864507,33.21095377921242,25.64404037325763,0.49060523445841875,6.379005057536269,645.358107202141,22.3075607018071,3
38.5725576803647,19.998473235055922,16.88303580418512,1.2389272913986498,7.529809586947427,713.1330301241086,20.545527901811695,0
76.52076902418813,34.83378308845626,15.786429881150653,1.1494704368375197,5.658382287196311,574.2235381889964,88.99968162764146,3
46.28456282680286,21.559914137148873,32.38689010472693,0.5191667708421581,9.119079205687806,251.74985542063044,96.81720495707452,3
59.80172536907679,18.200257896872913,25.960722300279514,0.43949490322792556,8.774201004777765,789.1166587602675,70.06559367023041,0
47.056445575651004,34.95618996391042,28.805376701365738,1.3060789061840306,8.403282082777139,872.6120492148904,12.979498336223264,0
38.029701779981586,22.778256052566924,28.941531190560408,1.2319181786360256,7.93930686176984,483.8617906784763,49.09970544352671,0
67.77346181350418,29.35633069271352,21.934395333332535,0.6927088484395971,7.819336934681452,357.36873718919225,81.84390431209877,1
33.25992208937423,21.003599340997187,26.897312770737265,1.08983688985604,9.48691285631785,213.51962847346127,57.67524118711627,3
74.918714047572,27.86388504738541,26.769005541692557,0.4489922238573729,6.611989736079751,366.1093252655097,14.126890618105131,0
49.055207715666995,33.36859476972751,24.710680530696425,0.9084571908572137,8.618737461462311,689.9431423868955,18.016887200819554,0
30.00808158026912,23.443079846283457,35.51688458502676,0.32247635047250384,7.825619080854629,838.1125713709113,86.5500259076457,1
60.66774835423379,29.394317592754106,26.2791000921899,0.7699222571058666,9.40352217503554,265.4591465022361,53.17588720506086,3
32.811114511656186,21.19436100957308,30.091113112649694,0.3898113857656861,8.81121273319301,587.2814310133509,70.87784060290453,0
46.57017346925397,28.62152177821833,37.38800300952065,0.8701766161882589,9.49410045195837,686.8718739582827,37.933190097073414,3
72.41858924734296,23.719655980897674,36.655840571473064,0.8060179762234732,7.853299977849785,393.46657477438805,53.716072708965314,0
33.76137729731195,21.590540395995177,37.26055509447913,0.8332620319656672,6.31817583017974,598.9279274192114,97.73321089838149,3
80.36030954136014,23.324094861961797,21.75012491162535,0.35439756245759285,7.514748142778935,700.673898204041,33.64060065984567,0
30.229195359514986,21.04029816463259,15.87456220770157,0.7339396095381989,8.344444536202298,786.4034701947638,67.80406422331917,0
44.809432152114134,33.332573833244005,21.52666999738323,1.2077806189198999,8.597441544726353,516.7498955739866,18.078050162327745,0
74.45424336912428,24.75217706739119,21.967683640517716,0.7426972480243441,5.502039956063774,723.5000532432724,13.052248640772998,3
48.97620898375841,22.169748184564245,37.734008168124205,1.1582063431314968,7.520108354009176,411.24808021789477,78.58037101464394,0
36.11354328396081,25.62293329727086,31.231068320949266,0.7433744683604799,6.440938319882586,349.13272274051104,84.56671278872939,3
51.61403512802568,23.449114835710425,17.04259899005572,0.8078873297882236,8.999647333019153,331.1196222634672,67.16285783959214,0
46.22359718307153,30.655127314826544,18.38446490027753,0.9766705353951193,6.111621776200915,451.2109122780083,16.66138791690303,3
80.56271412963329,34.5107385020534,18.891903138549385,1.4408183241684989,8.165824998299334,225.11577725219433,24.81820859861132,2
48.80087505510859,25.446572163859997,30.76054370422308,0.43063253597598616,6.5642487612997,398.0942863656748,91.20639510141605,1
77.33594830656043,32.637567799528085,33.385350637675074,0.3394965223934084,6.9261685728570885,656.5559771102597,29.581700831175873,0
83.51232868864409,27.61967225051353,36.491097764134906,1.029548620572054,9.26223704302738,653.5433330120957,82.06719110351463,3
56.02904517459177,20.67300630660197,38.515913770156075,1.4389165067141116,6.461792501632318,251.48766454404387,29.307791602129758,3
84.59658863126353,29.740586615382806,20.042613934661045,1.487667759065658,5.880011047291722,401.1909319564341,94.00679436302002,3
52.63908323779157,26.72838645113894,22.744312118101227,0.8809970968704022,5.777139605776903,598.6903652745452,91.5308383708633,3
87.8447049894065,29.06031089528576,21.008072018620766,0.8616979453021181,7.518460440397849,422.986496252172,5.283054189250008,0
35.35737147153438,33.1246860137183,23.969039186653443,1.0739565248942353,8.066845929137152,492.5916169322114,77.27098469987345,0
71.22115599019457,25.487387701152784,37.866627685593734,0.9667617086459637,6.809174574283549,698.9675299810349,17.7767142632063,0
59.62884242741572,33.32001959469505,29.37781417348404,1.0609056691369416,8.261038967172324,206.48678061964102,22.311890964731766,2
53.25892832733882,30.76137324278813,33.454797433112475,1.348799310645473,5.744134874292952,393.47548086190136,46.5246760208161,3
67.96271272491606,26.30628373992574,27.25298090316955,1.1955674033851311,8.929338579691507,299.66057064951167,58.055496825195554,2
72.23142549805988,28.254776306185384,15.721447833403113,0.8962528700241545,8.76626883895695,289.32642793514424,33.254172178078704,2
30.261796179018546,23.534879252823195,16.60488714994536,0.8542373508002035,9.441985085568342,871.328151513073,57.96295318986671,3
40.01718532483192,34.72115409555916,28.448075781697142,1.0675220982157392,9.246019923607381,463.5922320936924,17.895178762772524,3
72.78276303805913,29.344969771856732,32.96972587050064,0.846847541304357,6.924788655675712,568.9620094367478,3.2114277837226703,0
69.98312481469239,18.74539649244271,20.383263188218287,0.8493352215187677,7.097101536062309,713.6753209487429,57.55121444781455,0
87.96285030772063,23.552572397716148,33.0477393498076,0.31956708214380575,8.483859389913038,233.21323240203515,52.224110736269566,2
75.66226741504698,28.59634537390398,35.26664433708781,0.5088769648887701,6.036331087819933,368.71584699038885,69.27574244351656,3
87.04636246388029,18.957665722587077,25.29743695905278,0.8862163679949036,6.756058840979339,782.5034511405988,65.33238413481463,0
72.15243009208842,18.40603125242543,33.660480821102624,1.287184150860443,5.974163747902593,803.3934292245167,89.85115164316159,3
47.883132518366594,25.650412071972646,25.1007487582115,0.634472408072549,7.319545796291326,461.06564444856144,46.487393395993045,0
36.32189533505139,23.65573305477539,31.9587657363755,0.9271721197573788,7.708017119541271,462.40311975623774,1.8285779946012606,0
76.90943180069613,25.45107633656382,34.09992623298858,0.7139545017110787,6.344641879851009,729.8278139762173,63.43461547808855,3
68.64895328855496,22.465786267960087,39.798165457702765,0.4257647874475068,5.60652674765642,406.5491587249084,67.83811053071862,3
32.89116074359777,20.800201698030676,23.634916551589903,1.4499581796855607,8.377423327002091,281.96585679799864,52.628003950201006,2
51.6030279540587,29.715437068665743,25.276019514365288,1.325608644300362,5.580020657704674,380.2748151684084,69.24118215388035,3
87.40798892905717,26.74770897655261,19.140501485254283,0.39419090936028767,9.393610435713425,471.14131214504243,33.03479751037912,3
60.02406874261207,21.402621591239235,20.101826460045174,1.1637447149619415,6.386429026969582,236.5432967165688,15.73202201591684,3
55.96374816118228,23.43302024641997,32.33487506495945,0.7170958852290001,8.155600368465164,535.0761779401223,66.79081273168426,0
57.46197630955764,28.06073443027654,37.926139753861904,1.4938197684741512,7.239006904959957,718.0052589409449,25.273456492337342,0
42.53296344030982,19.227898920632125,24.865123791531012,0.6628782237947732,5.738695441348429,559.6216011363231,46.17527501913628,3
52.122430251887714,20.50670115752505,19.496111170888533,0.5864861344351199,7.388734426537869,250.32673836015488,49.670650330553215,2
52.188795359230596,19.245175269825634,22.12748748457485,0.9814686579664862,7.5670425371871985,508.10474194217096,48.24275549637046,0
33.14130121124835,31.80939465614002,26.376292620203465,1.302151396011845,8.918732832371473,696.2332256299828,60.24646522431563,0
76.0540577110751,30.790956964604156,22.26625823413421,0.5310226461837575,8.429396278591591,240.66765779313295,3.915917183660027,2
54.99026591423274,30.80631984194737,20.839477078046656,1.1512833236631974,5.8172098990135455,241.89303280882197,98.97856699807872,3
79.3307932089854,30.177530839092476,33.39961221892699,0.373687899769346,6.33665073372906,459.42098222668784,71.91473691991855,3
81.02088006719373,29.379552202387778,15.19612303101558,1.4027216917325966,6.747550736859791,336.4747748865964,43.113390398077506,0
42.71964328191949,26.108862561428975,28.48076318341208,0.3972898993767585,5.965630745859277,854.3465539158943,19.941672998734187,3
69.44120893020772,28.918728779620956,34.84417017574385,1.397077651612995,7.327596283657963,606.9405226178202,8.937554921892273,0
58.3369082497789,18.65214643139557,21.655707157936703,0.8889686993432433,9.437236763450143,401.1277795841273,67.54685164198607,3
82.8094042752891,28.564895185165337,30.082287765300435,0.8377093353551037,7.558451164951046,693.3437103804656,32.37860588089727,0
42.94444075058725,31.223920994126914,31.722502640465446,1.467968495400452,8.467528673292676,462.4503359515302,23.718367366736935,0
70.66879201860266,26.506092126534632,31.375617410127248,1.4884610132378628,8.231751190797384,292.480951065307,38.615484324121006,2
66.46512733516334,24.07772658326303,26.146240854967942,1.0802137511532144,8.899645740368552,366.06256089050623,59.6993856929633,0
47.718088654309966,22.716254491616645,23.66444969689448,0.4525431502284582,6.362893961862438,649.9230991215629,67.49881645171612,3
38.196054219070355,28.927634852755403,35.898101825695335,0.907404102786243,8.515305046772113,236.31327419789415,64.87183686609848,2
69.09838562863659,29.777620376708448,33.96114892499661,0.934995721146795,9.025420961222999,390.8823280336446,86.46329276570539,3
74.31584748793983,32.80644919766323,23.031379335347815,0.9173357137623717,6.186039291920971,345.81803434952224,22.65698567594141,3
48.937640625800995,23.819679401836844,17.57547986105515,0.9833902062240116,6.8872088791520145,340.7945774735724,64.03787015651642,0
68.68995624133882,31.086129225554956,16.79518863613673,0.3224696565532688,9.380407057326245,677.9336883831797,11.010323242423315,3
53.7078544566902,27.543049011218745,17.356899447473403,1.1534727377646028,8.62315138391917,778.0718417280551,55.245534300018605,0
72.79241299695707,33.00822034152735,29.57173402980107,1.1548731623435855,6.6303633301501295,701.106625644981,58.811881846477455,0
41.95291649364319,26.972805841025554,16.29155439572474,0.4385637302134655,7.755767078577948,652.0094710603585,22.40749259448319,0
83.41290015817046,26.799707082765444,23.42317187410096,0.9842873309349609,7.117304491397915,841.5162402725048,39.77761986913245,0
47.244575787934785,27.823910384495456,33.82999254785574,0.9820334189229294,7.45986070530852,240.8746662970078,82.89209606879645,2
52.06715926536917,30.738361037421384,22.35870416288445,1.1189405042284801,6.920664765562834,317.2381601833685,15.692496321543379,0
33.48551712482099,34.39973814008384,34.082701929503244,0.4024772305620973,6.617324074121362,490.0847989693725,44.016113563968176,0
36.690732739276584,19.250577021668015,33.636675955176386,1.0518039687193157,8.199052165565675,460.7161504527074,93.34057404993374,1
60.95171416273969,18.90838824064729,21.14567831583041,0.6369023408956094,8.61416726034447,492.63612207411575,50.90678384226049,0
46.05556060367829,33.93835573592476,33.220554502318635,0.9084035885954063,8.995828490989378,344.5184335298942,72.78823747149542,0
80.12881354453165,27.007885633809504,33.694415956802516,1.227988263244892,6.121319869272752,304.65232090615984,82.85973791599955,3
30.88160331929723,28.45335124763791,24.936348141675673,1.1467751236356158,8.791422094580962,556.4352732205496,21.17366310970375,0
52.74564292031617,26.20120122711039,20.260512093537955,0.44268362121359206,6.519203297908254,849.6367668481556,22.603506317760306,0
50.24073280614556,19.592176694327065,28.031770172296728,1.009421744539288,7.2093455596402025,474.3786236449419,76.10055415373996,0
31.15965785505606,31.05751943311733,38.03493970000491,1.4629398371288862,9.105774743396987,230.34724988366966,75.5773670794637,3
37.462103940030616,30.702818966505976,30.99041831080155,0.4881233248020027,7.318014403930408,694.3171400226672,6.958148743322288,0
54.81856049511812,23.298956465377806,19.32306244068153,1.3234885052704979,6.288254136177265,403.7734338690225,32.92732582880147,3
59.5718750668468,23.206067168882807,32.068923118338,1.1430576966645323,6.139474620948471,371.56650511342445,40.45471669893536,3
54.25738483529214,32.243303475393816,25.680075682045864,1.2288039754917115,7.391935066608536,426.9806004885735,83.07499994364422,1
61.85626070472563,19.23007338160255,29.788219933884324,0.6383499925711745,8.550689695906216,706.6708667355134,42.76436328754401,0
65.70790049434089,32.97878752206162,33.3516008755777,0.6454667152558109,9.488820575897204,773.1735708092128,92.66696014992114,3
30.595429267670138,22.363248728230545,27.87368378786112,1.3872233469317858,8.649634513723608,611.6392471372745,99.66416993692337,1
57.845709567210235,28.080740711843397,35.34959936433272,0.7317984385110703,9.008047835771414,425.7351276036861,78.29189040374061,3
87.8099544532553,33.91190104303022,33.05388948291569,0.37561846883137257,8.491329443739552,417.3347631820947,66.97228226715849,0
61.14193680777292,29.52808252612299,30.376833500462766,1.02071604429534,9.081740403024424,287.0158449338241,39.797819432725156,3
70.65253604753718,25.04530681193962,18.769820395808786,0.44978120285021117,5.8051741732556525,853.3107337646362,7.636905159151304,3
48.71183147501299,29.72208155139206,35.89872777278921,1.2559154896894897,9.219726395926582,646.6975792781736,57.740736883216925,3
76.43948268916574,23.847653817378294,38.3976396329954,1.0700957310012689,7.085624614902624,218.88223389910482,36.8087856488551,2
76.3752889125669,22.713393077936164,18.42412809523237,1.3496718062654498,9.186456893121779,663.6569666306765,35.73890950740201,3
61.27776285924834,34.943615724889554,27.206028235835763,1.2418046997391623,5.802931349837902,513.0073969354555,69.08321601823413,3
88.56082939675281,30.763433930056394,21.472218549262614,0.43453637800583533,8.360971828484544,880.7905741328436,46.90029650106694,0
37.533012885759206,28.9602396154909,33.863082685639114,0.7572848117213067,8.442754994680818,773.3481773644849,75.45729063237356,0
31.01685989337486,24.03992393472842,33.0407409001175,1.2294722998975047,9.487643557191092,319.9210276829587,40.419149045852535,3
76.20949270542576,18.835734095635818,18.52212801425997,0.8008097679195909,8.575421082759256,704.0777832124065,15.935475163169702,0
78.42933224189295,18.527966892597647,36.92568178154093,1.466838581735974,7.030294823262427,539.8962026846843,46.67340509283441,0
37.21243374723458,27.42108134262958,19.524326599450056,1.182888539872139,7.728994206474182,330.9316145689497,95.15023891821096,1
45.93496997751636,30.954556257663867,34.93147564120269,0.31859990002838523,6.966203752666361,689.1179351309643,80.35093828253927,1
31.053141801997736,27.135446237545537,26.424508990700122,1.3559828298730037,6.284074581219432,583.1713050859718,21.369176252263305,3
47.598516646833886,32.29334622296495,23.20680733895378,0.4209657418422691,6.494009310009094,221.26171514009934,39.73874966284932,3
76.38851243512029,18.568251062584768,18.95598156685534,0.468628469016103,6.388042137097283,652.6115653701781,92.85141742683324,3
61.07763166275474,24.234785299240983,19.190356403665735,1.1813908807332612,7.695261320652852,644.4909629037085,13.246206813930083,0
50.88573559009728,22.030196649961027,31.547263867522506,1.3379622713165762,9.124642538127574,300.85961273602385,26.141073944628662,3
52.30435769437982,25.603640458671073,28.760759698678015,0.9436195534794671,9.15090650435359,444.291408897685,26.96004194131774,3
30.08121754292809,19.23039868430008,18.05213554128082,0.6468596795349351,5.719055110103302,610.129279525728,57.52235469053636,3
47.98803165391415,34.220237906708235,17.81744651095813,0.7215786543038106,5.8195976038075745,297.14810987471094,41.66259865142095,3
68.78752449827583,21.795341818179136,16.807764369319788,0.7114671955152672,6.4804762286893745,796.9063644843295,8.907196725633689,3
88.45166662898143,33.67923218322094,33.5941836843386,0.6920137245714146,6.5202378098779,219.24023240139266,63.288964003131476,2
80.82364961903397,25.24018363562359,32.797052130732226,0.5914916061859797,5.8795567009570044,271.98619047854845,10.808708587494872,3
31.41569787873175,34.7539102653387,16.460774771364378,1.0306405135550796,7.053853364693762,281.27484389841885,61.03507826592874,2
83.91363628049035,27.418992518823583,29.006751889924324,1.3804863822780806,7.850901570765149,569.6749881825385,51.193829642376556,0
76.99190479791756,33.824158690988725,17.11690388106725,0.6684988957000093,7.812648802397854,634.0798085180377,49.87319741180595,0
76.82256741425883,18.09093280780179,37.593644265223546,0.5240331569536945,7.673718725034371,482.61855755104057,7.682128284623752,0
57.47974554021429,30.7200597050753,37.67793547950331,1.30629319964571,6.854687699549989,402.0667793677163,64.28282424147005,0
53.88031757727017,33.35186110274276,32.45582474532825,1.1901399970676438,8.325822741266322,766.5221629378901,43.700705600343746,0
48.174943729991554,20.37524963864222,38.15472303598625,1.4170044378718927,8.805935763924285,247.8001886084941,41.69950610628297,2
33.941691537261946,19.634139479446574,35.286325760342265,0.4986236827258915,6.885097065909633,396.2043027929542,60.04868824543514,0
43.69412180962195,25.217734322161245,35.713464398176235,0.47310157693990984,5.8421414371978475,227.38090516277953,61.01855793470819,3
44.79621809868148,33.8725414042599,29.24269626424833,0.9497152731659959,6.685321004367426,209.72309447638762,2.4882962804368645,2
59.0446241826121,27.22057152323746,22.651479955404398,1.0373203858021143,6.049474618299611,447.36592085254085,13.397364219117458,3
74.84666439580164,26.966759883269447,20.44497787791054,0.8762081302315075,7.369434908908723,336.3765637114524,24.415303863627344,0
58.428589703876796,20.39914401108847,23.18000055097323,1.0187599635886506,6.123740605264313,387.8560983867724,68.11975600125193,3
33.47066696682964,18.01342168858472,30.712385752226552,0.5164557226500857,7.351379030631909,774.6630102184777,58.097371575931135,0
87.46738805929223,31.77238154267284,19.316413395809974,0.8755365049969,6.3840115692985915,314.08606737445496,76.00528410609061,3
86.56345914564673,19.48876757076605,21.46600591593304,1.0897110731276014,8.454924421849611,746.1633570062606,74.32017274884184,0
77.1113725889045,28.775446918500506,26.70152156988661,0.8192477390984445,5.610272963343382,672.5354362024545,85.46510405140891,3
89.47967409385323,33.54847972675826,20.826252463115388,1.1153368029799173,7.718985215327702,428.51186759858285,38.30467126596898,0
62.66893996801578,21.547082523693327,29.71609174290154,0.8414295366646074,6.177953099680227,582.5893016234015,35.16132275214697,3
87.76610101519236,29.309638216027484,38.07940071140825,0.7003194970107327,5.503967457878508,511.1049268421771,83.27052490229286,3
34.53630243700505,19.33787580402766,33.70223414257816,0.6643260565045108,8.976800352259229,289.8767208483657,24.52255185285127,2
51.940844895682275,28.26383744523942,31.660665353722827,0.7930824707863056,8.18611115125627,835.0297252139229,46.65606499368709,0
43.52287608040595,20.786839256204445,29.568036899594468,0.327707547218641,5.895771288202093,598.7325773100321,20.23823955020272,3
41.7499850480562,30.511210528758028,27.19869773142662,1.1022301661353364,8.156289470735423,816.1680320568184,91.47023347178215,1
38.44817693356056,23.12093201149644,19.66409649086649,1.3141267691763143,7.946589330950394,776.6785582693032,41.37249829656591,0
67.34481849395979,25.877647149678985,37.36776138567164,0.7255525133317422,7.393426748172813,255.84314771659626,22.036202924852006,2
76.8793113448383,28.190319214469568,21.213400050320907,0.35523976337006224,7.177032393702456,345.0894662129167,69.50932566632228,0
64.69790396522164,20.911647981326073,17.28272193945402,1.4841307168626692,9.04827905166294,301.68278006238154,25.219823142837384,3
38.817762575292576,30.607842916499557,33.750379480717385,0.6164379065412804,6.480592079589805,781.5456729508431,94.40685671385212,3
78.66742619600825,23.144885790825846,19.39038835827916,0.45194534602892755,7.093240228053533,803.7126385186416,37.39408446613173,0
68.15728242982371,29.26032161851681,24.2973999885294,0.7437030095676336,6.816461651579309,569.5800568658561,66.79943049808188,0
53.28994236761973,20.69081186188935,15.707123207274494,1.186268448760268,8.584804116146534,272.92465075560483,35.179248184583926,2
70.44781773216377,29.698000206507956,18.426698563511202,0.6526999162686788,9.165861224930158,294.9316329801113,80.91731271635389,3
45.59429875456997,20.17919723777785,19.330090768997803,0.9896438447033853,8.899126794960921,769.4841687067872,89.7953513612548,1
50.71153250965263,25.231060436589722,16.36025319375445,0.7986719933245706,8.690815721199074,850.4330955705311,79.00391758206383,0
85.04915058791941,22.202503253560906,31.41642391557113,0.4413167907319422,9.447159782280332,339.6329795774597,85.00140285402448,3
47.43027034028522,30.722379240279103,35.92519489507793,0.6963444149905322,8.28857820164154,207.79630353052113,11.086201965825962,2
58.19929608947619,22.45459507661687,24.332885159148525,1.16984460685688,8.504215164854134,431.66703360554453,92.48240302627357,1
83.40846824376088,32.989194208721734,36.86441191795502,1.0344046767977348,9.431210158820075,221.34957275351695,62.80577215865275,3
72.46328101605164,33.16094359391242,20.333664364003162,0.44373405586027315,5.527963141596697,779.5824412546266,87.05253568445377,3
33.73219356988216,21.33950235878736,23.13476058903099,0.49598689165717025,8.03619350574546,544.058580058376,68.75923965435612,0
38.83818265673822,28.435381065131313,18.76842482577921,1.0688800311689346,8.455886127813159,649.3025451341139,20.982919185827328,0
30.47049544631501,19.491199909239395,30.513979885474967,1.2760984971850426,9.17130821502878,488.0394132955795,61.34595506292197,3
67.85530741374981,24.656130693227695,25.49673977175767,0.719369395149803,9.035377216737372,441.8552829087373,10.003677732590956,3
56.8604055246251,30.12646940152163,30.332083671047467,1.0143729022121402,8.867842724935176,355.5402891532594,69.87657999159771,0
38.05649105413653,29.210195196448577,34.041872634854585,0.5047723065025264,9.283165087766815,739.3727829267019,41.4911129669767,3
87.47604726340623,28.619911379912335,28.64257540082371,0.6736516042863886,7.64951675165483,686.8833090908705,16.021584136920687,0
61.7795834367372,22.80319468226154,30.6907588725447,0.3243242468076631,5.527680382339307,452.5102891472603,97.943751770973,3
44.51359764677335,24.426424140384835,38.38125785985832,1.221931137359427,5.544217594788038,424.78129400942805,90.20735799685744,3
60.03621426928245,19.750084459904865,22.476607740221077,0.7812117837275601,7.678556222471432,200.8700150540753,89.46082762692212,2
70.77721996410646,30.223387947371215,23.97909846584883,1.2793506883847445,7.241088955455766,244.48649103183072,79.09321032887303,2
34.57435307841387,26.56610954545165,32.94258404273342,1.1500475952272715,7.3049802134617945,636.2788674248443,69.50613138920825,0
46.482228902873516,30.049015749876126,30.282637926384666,1.2944931188741722,7.101618948840148,560.2251171648231,65.85286854893228,0
78.41792945303962,22.232039921546836,19.46332261349287,0.6427904034994594,9.170903236364943,504.3622431395158,11.503289932681673,3
57.57989222415968,23.515449886796127,24.403682750262256,0.5221304765134143,6.93668140467916,779.251568561161,90.15605729652697,1
62.794628521937696,23.68166073342195,26.695950328117874,1.4662868191820047,8.924907767052332,552.7287430819927,88.23171123415642,1
55.96896013256816,18.437620965702674,25.48474594920973,1.1607933444490435,9.111459175166564,469.145506985124,75.03741002596048,3
32.63399655858031,23.7978138381206,19.45687020805102,1.3008507215120044,7.498007079995819,312.8794432674895,92.80418094843714,1
39.94498678920935,31.65617774980657,38.110752294606556,0.31576004845192046,7.287752149460353,774.4816057502334,55.755261688401205,0
56.73249832451346,33.25407442774556,34.0579690423494,0.7253539443550638,8.544082416861787,603.3737750848314,45.316591137037975,0
42.551127924475665,26.809711365810767,27.033895802696307,1.191380028692798,8.331886030559529,264.7219761459301,96.8267928144616,2
32.99874171958072,25.743528818726745,32.001525707670915,0.39357939958797994,6.814140466384824,654.2288785979531,46.94898759196795,0
80.61897984310943,18.524018517889296,37.43206680338805,0.9808079154827227,5.910192503698586,497.549521841887,64.49111966564861,3
88.87155174984696,32.946473738951504,18.40435355903928,0.8148873209460039,6.559409600729921,767.9703565115971,37.93315253898546,0
77.58857243980437,18.221173628239836,21.259326267674442,0.3211398085693287,6.024114023249195,843.2402178971973,63.99629637595306,3
81.22709530228002,34.0607513635736,28.567531181416125,0.5831706925433416,6.678929103106766,620.3260692233722,72.28980056694309,0
44.518627819022726,26.316676227697542,34.97525928380897,0.641750386880057,6.547286262323196,712.1289735193565,62.84089700356649,0
87.63761853079198,23.812886390770352,15.906372386038184,0.43423193561558693,8.050845695546855,239.613593321516,51.94173118040357,2
41.8155422672057,33.71171339232522,39.60045375490901,1.0578442916911925,9.317984113819119,592.17881850081,30.71096896489805,3
87.08578862170994,18.414646882871644,26.37266507205993,0.5908774515022668,8.242974929321935,728.7379848488318,64.74072193748611,0
89.68915763795707,27.88422321277448,23.980778515543076,0.633143399543266,9.206597632258278,547.7335046346726,90.93446063087492,3
72.70336834476292,27.33185291648874,22.3181109459943,1.3778863178401768,8.636529034433774,615.485062653036,1.6843465257970687,0
88.86862390750932,21.728446820593497,19.35891769127179,0.8605477112317672,8.411510488284692,829.263729906731,14.258973715539346,0
64.17238677402622,25.29108633295358,34.7893477232507,0.7705537763631267,7.156247760853366,338.6697004218396,12.857542691485715,0
45.57250699056542,29.088488101044092,38.885354118652415,1.1686452459776606,6.799178011453474,268.77255528633833,92.39732498639255,2
56.219753139937254,30.36123034699277,25.341118871134952,1.3915365562594946,8.885109489891677,683.4505291976507,66.61202120729885,0
65.61365612272715,18.012186598011855,38.81051736883641,0.3300436034849326,9.12157293171602,775.9942338657108,95.22702254054491,3
34.3848937216209,33.92650831154726,35.59494038587586,0.8378866158664757,7.307529974603728,795.3431320077945,58.6985140480304,0
67.34059587703476,20.79693133067781,27.02627818690796,1.0329376272935367,5.536252392746578,649.1511479638542,46.71155681876611,3
88.87067020573767,21.970867381780106,31.850654478153317,0.6822757177511876,8.670124235625881,783.2493927195624,79.44194826962189,0
41.406458987023655,22.47904857679542,25.874604479261574,1.22688926654789,6.640275361889167,690.4649440063032,16.93328448004723,0
77.555706977303,18.6429423213846,28.968085205313812,1.4657724843243287,5.539551460067683,261.1638411347535,38.75247351541482,3
84.47392762677717,20.091886101035524,16.451158425462594,1.43211283950034,8.719954235904488,733.4304555194917,47.16114981288815,0
86.62209556921326,34.76794869005076,32.406586882513324,0.6191790472559302,7.569656755267593,325.55178268523076,30.547381056699702,0
87.60813626432683,23.358684535413865,16.32061611210342,0.5716059341249832,8.240842985353876,365.62653981368095,37.757275628439366,0
61.287578323288315,19.96011853576384,35.427123672991236,1.4489886372254652,9.15875928457791,476.2554388990654,8.732413505517407,3
88.63847447949021,19.818851439968597,35.62367323651394,0.8503541849177589,7.664695320552422,420.1969464284358,20.600375355506237,0
75.43861242806634,30.23081945038952,20.926932188905365,0.54995726770163,7.512776290315863,425.15621681203845,34.21417531276191,0
39.700286174217716,32.527667288554895,23.091569525895007,1.1483963563565018,6.6626484853930545,318.481666942832,79.79315289008031,0
58.614006388078195,22.368189091643988,27.032759463957333,0.6413043886845499,6.720775337759811,405.70973297668104,19.067238129443524,0
73.09987052232023,18.355461709698993,29.91657267331204,0.6206963700852628,8.686168264118583,213.76381298311725,35.31739702443824,2
44.840418949145004,21.79253031357105,22.183841543549917,1.3550988516933418,7.296116982343748,531.0376626818281,7.427108531496583,0
68.43691101293325,18.960766743544873,29.812160115798125,0.49497498405228413,6.154104834432482,738.0136711388648,56.15333013783399,3
69.99602874279715,19.757713922710707,22.444676830732472,0.37727153575948363,5.878115056001983,803.5731584573878,61.51383792595185,3
39.76198462851396,25.33563803740992,16.387268026776518,0.6230237282060247,7.3916804674471175,774.2999912716069,86.68612988275453,1
63.905118747165375,21.908612304647754,15.063188745797724,1.0283344954058444,7.359820094470922,491.5204032965792,82.09248385169444,1
76.29761465871647,26.771079934932196,17.528776447960716,0.44770542408392466,8.113833112821585,711.2985368146993,29.25241751370417,0
59.933739872156515,22.30939380537224,34.806267504100454,0.8659136067321525,7.384269910980563,401.5235418666487,14.558415229796113,0
30.726187006566445,33.98913411875011,39.035782809583424,1.0528045325103836,6.073902816536859,238.89373090233255,16.45223503882997,3
30.54230814475753,33.4010474547465,25.67415498203048,1.3184843911118087,7.531211539194054,673.1800677738865,96.92743036100401,1
51.42176063820073,27.635703785177924,27.81709883624857,0.5758435094427052,9.1271576155441,654.1573153154842,67.64935558672838,3
85.57164410590693,24.025207863785564,18.671204226835652,1.2808155880593473,6.137765646480849,761.1405768240129,5.214507992520692,3
43.72060677621653,24.479496994590505,28.775783817003926,0.5818875133574863,8.259018563910995,631.2743446920159,14.541146249464363,0
68.06182133230124,25.001488813456447,18.61637255017442,1.1121198494875686,7.875437059862106,309.82413748174145,49.09420644499462,0
43.324552241599235,30.368848476294048,30.280358279970752,0.816808285778946,8.49434290684721,797.2136744351387,21.575051625018858,0
49.300199379572916,25.677862923820243,38.33146668952135,0.43761749085440416,6.102401093710371,639.0769516130906,80.56223951500186,3
80.88252537608903,32.56440909060026,19.89246348257599,1.1571161553862184,9.266421347623979,765.3267893245028,57.748494639367124,3
73.7316865361968,34.0496113608162,34.11409295142755,0.5613151422588214,7.983865711068635,741.8749842632285,61.65058857114054,0
35.723956638792636,23.711084607441876,15.587560570458102,0.5119481112295098,8.888284550764547,408.5051410575619,46.81972925687197,0
55.72212125918602,27.531806183386564,24.387431033040524,0.7299875143072598,6.486427054720942,252.18708239643667,26.350214767205234,3
31.750185818715867,19.615961126153596,17.768712695762726,1.0839482937113802,8.457651557591847,323.5530863627094,59.3509577070521,0
58.85340879618054,21.407973812028104,23.811886039892485,0.5807957745487533,8.624122817335676,265.0036340192755,71.98003456991245,2
69.74604070206408,25.02891803407272,19.338422990972088,0.5203938465382629,7.089741089548303,370.3887024560955,37.72385968538652,0
37.11015741588909,21.50544617033024,24.332624753072185,0.31194435085603717,7.035813811533688,521.6725911181951,50.98941943116569,0
47.333096334549936,32.9015283434082,25.438070152688258,0.8659717165220682,8.131185060102997,834.767423486898,84.12871307673129,1
53.87019753012942,20.690866353004665,22.51477806952296,0.8143746831782193,5.873630727040863,810.4131291444443,15.719494420423569,3
85.17186147936299,25.746233966402563,31.415548736828228,0.5806412923648515,8.442496600870037,703.0198705670095,54.977217508135936,0
89.59530092537784,28.296887087817886,37.97130128147274,0.3643825968116289,5.671547039357644,216.87865168347818,35.492853521093586,3
32.69467793973695,29.761686438734355,25.01488435263181,0.8151070495150043,6.2623612044833035,438.97244092438746,70.57668106350582,3
75.66047540972352,24.512179285350616,19.808578911875536,1.2458461332859574,8.156575028965468,677.6438985391638,2.8622140730770713,0
52.30344398414059,32.774684168320384,21.768068954899583,1.1583385575926124,5.893294668367855,290.32022778734785,67.37685668051569,3
53.547491173768805,27.661425568324734,36.350020587409226,1.3329538678322044,9.387368365907161,760.761495011136,11.186875667602553,3
75.25589840082137,25.47163226760838,29.290993081753697,0.3114992252557867,8.973584837847604,840.2015759913155,7.412007546372142,0
85.10558592872451,19.143090778884623,26.37527580767393,1.4597031801655183,8.005209329626947,447.8731126464778,72.73770679490268,0
87.0557156701529,25.899720963567805,18.74091803772317,0.7096947031529379,8.776229822677399,694.0901433046834,64.39387313750328,0
64.62735516229924,31.952509293867415,26.24318270809455,1.4884773553103576,9.050320194358271,303.7428928680994,89.59865715837321,3
51.42726955803017,28.447197309762362,21.962300083934664,0.6031433527221295,6.537902598287274,683.5715143791189,52.445840624263866,0
77.25294515152675,32.14676171339501,38.579078196333725,0.8658436650938937,8.897646351797277,215.0187886009303,53.47241812718954,2
45.060082995738014,26.398198400188196,37.10175273539328,0.7247132118903643,6.279175134550407,305.5400547677707,70.9947657220785,3
63.84444173001106,20.01384898660619,17.09756354570495,0.7269128579931632,7.1533690565952615,696.917012626069,33.01636005897186,0
51.51470769149239,18.23187737920998,27.916337231531074,1.310738518497859,7.733038524994397,698.2951560134143,4.654333086771323,0
69.39786442247257,23.15473229421605,20.6264586378668,1.1957027276848065,8.355563852296129,648.813894091624,23.774536746186726,0
44.42393477361041,29.865838015462472,25.269427238107266,1.4905817222760578,5.620565270890112,534.1548170689423,24.563327777740295,3
41.49557674408955,31.434418367008796,36.921199956286415,1.036217619261015,6.662037651112756,672.4356638203615,34.23022617754119,0
85.09434520052622,23.0277981885456,28.18786299721362,0.8559079252734032,7.934076392841561,741.6605588021517,94.40281057100583,1
36.10822097697221,26.4261166550152,23.355382334268995,0.40808863553626934,6.929474716596475,876.5371613257206,80.67943706765165,1
60.3574744640959,25.15902137537939,20.197208852624925,1.495873703416628,8.600100222517973,822.0487220840234,93.65966827531402,1
43.251166977780535,24.978887333974274,35.008121485162235,0.9618367835187394,8.106608644602865,756.1739417962872,99.86234942118705,1
32.335797799540046,21.932928124402558,30.61295038410868,1.14057296362817,6.437605814894943,686.3302617000611,43.944121404617405,3
32.161129097485585,20.318308785500793,26.70163651065578,0.7880908646295737,6.083715918369332,601.9088818026571,23.480258351350155,3
40.51330632634964,21.343705489930624,20.43710884657445,0.9572588498150829,8.016187974348203,284.4261763463414,56.440411964269664,2
82.00622127036002,18.940650581776882,23.356159353928284,1.4310932782714647,7.301869310819031,315.88978946887505,88.23230698086375,1
46.9487246386216,21.36822261100081,38.99608566846297,0.4997033255179233,6.175828164405274,774.1956924696296,47.10745424044324,3
87.02755023451775,18.15641525963145,28.00224844014586,0.6508471011963055,6.805496821273509,762.3190385450544,51.0345309546531,0
64.89733757935161,28.66339281081163,25.01748203108132,0.48247167333363883,6.712186993274346,630.1212481813541,14.309471486854845,0
56.196851386125964,23.37838192559061,28.035551058708098,1.2506590845657295,5.9325278893575,507.1880929013074,42.625093764208344,3
64.80533008016727,34.54346009425745,34.47471264749022,0.37445431250619543,7.687636077060912,218.22285487652397,39.31248617104924,2
61.00190311357606,21.293189863197064,23.50272341257172,0.39795797982160597,8.554594535650217,429.02385976998073,35.81716178367951,0
75.5265752254395,23.879085695263097,19.467653023315222,0.6581929353448424,7.801867555411948,494.4477602957225,88.84256832249578,1
46.949763958371136,24.083299696906064,29.623402958476195,0.9170258171052135,8.805165459749409,540.0714003213943,6.870841888020961,0
51.183023496018144,18.14367543306183,31.63010258702668,0.7875297606715038,6.010274188861725,850.5272189928464,97.24257110683735,3
83.64565815199504,32.266535201670806,32.81795007396374,0.3537795728049687,7.242447431288896,276.09657986009995,1.8164357020404667,2
86.78739078902433,18.54390582245352,37.04968976915324,1.4489898694451417,7.937660414632397,563.2068438458393,94.6138073810311,1
83.55349364918847,33.983057190397105,24.279353017227827,1.4434434244297005,8.20400624376763,457.5456078707958,55.25670278101581,0
55.16687963743881,33.16526396859155,16.883872405722293,0.6352275878889118,8.283145225693708,893.0686834512361,70.54207919561146,0
76.82193018041289,27.10387257346138,38.95871459077355,1.1778307383222977,8.415861708391525,803.3048113980337,19.526152119817198,0
58.58014399806593,27.241124773491965,25.875298185936877,0.9942904936598684,8.105719248784066,507.1500979672446,65.76694236264409,0
59.85239112876613,29.11422469025466,30.58143774182828,0.5849720340067488,5.876912355763471,899.7869265483323,88.31380918424553,3
42.28080654343704,24.579850202893077,31.657633078207308,0.6146058620899385,8.281222710409185,559.8442725300474,14.808533843531508,0
65.46781819551099,29.00277881776354,28.66284271753009,0.8893838091725406,8.39913062709755,316.9824576139805,13.581079615055705,0
41.16815386520088,18.761062607704275,20.131438243406752,0.8030843297968322,9.473919737334509,589.1122842787001,31.093813005797802,3
49.89388194403163,18.91880966494535,33.878576252903535,0.6494751938775171,8.273449746804504,358.3440360625526,17.010863355064416,0
81.3018120971961,25.772917133532253,35.09379935760204,1.2690139155661786,8.247321583006196,645.4189880533763,11.953938961241363,0
42.424548552651316,27.343579118802595,28.824389650435997,0.8777555011648619,7.559253160727888,856.208122418748,68.15358456254388,0
34.269497110405965,33.092899885708924,27.21402901462104,1.0858176748669535,8.971691634340456,750.3390037845198,22.16883477733659,0
34.14045555676898,19.779230776434236,17.848454578199632,0.5271282002014506,9.487339047844634,391.21458329333865,67.03447504079664,3
86.44707123018648,31.985014762296117,17.098791537494595,0.940209195019784,8.616179480789729,407.801037476205,86.33099348446582,1
60.415226277710076,21.570804733965183,23.48912113908822,0.6815712593359458,7.950001511431234,248.5017421632184,65.55045434988705,2
54.5647243090211,24.69942202467054,22.77115388793483,0.9316963324738539,5.815819307726272,400.1074849523942,12.81733992162469,3
78.6527148604751,23.38224139206602,38.84141127408178,1.2369910000931137,8.40695652691851,264.8373597744721,57.784179830697056,2
80.14955567463096,24.80263963871178,34.590568561085746,1.222695852109514,8.334246274327802,549.61410352795,39.969239736943535,0
49.93146198693628,20.558423467233954,31.498107381476498,0.7250648136411311,8.602272591237726,695.8429556487804,34.99372273552698,0
71.6170834484277,26.560691264860434,27.941202225440126,1.133132540495567,5.998221553597958,725.8268130494109,32.53461539435338,3
76.2673689511132,31.627924027133243,19.184188268166285,1.4295479404731324,8.114930000504573,241.67046257372536,93.0137901581449,2
69.27904121195726,25.50607817644125,39.4614168046071,1.0508031959098876,6.682895619806699,437.9691287667414,74.50823821109505,0
39.095704488005964,26.340430790269384,24.37601745600525,0.47809214805916456,8.541084973611335,401.7202365832036,14.251030168449205,0
82.55298501102342,32.42904894978234,17.67314006118112,1.1156503551349142,6.461495816125865,273.0102260911342,48.124542493513914,3
62.34567316416052,30.002987948846524,27.344972392893652,0.42588526361917356,8.235914707281642,453.72991765240397,32.50408445013804,0
46.94834558220022,26.33772494483634,36.84995029032708,1.3465324905516325,6.679971787935919,409.52407639746525,97.81589294204986,1
55.513691126261634,22.380826019216055,37.18227504443324,0.9199925949623282,5.5359771712697246,644.1494605374937,97.82486832236378,3
32.25426542393444,33.04375469636443,15.274147901411181,0.7621688835738953,8.033431647892382,818.311864613599,32.633912958970456,0
37.672008073345054,27.809346828739493,37.157393618784994,0.3684079135796308,5.953076332635689,518.3892046112511,35.85919849840002,3
75.93280503095164,21.759509371881787,21.787105437496464,0.7569404815105316,8.137165891152856,722.6656209367729,60.34200650651801,0
30.000698085321968,22.575035794846176,15.974309099210577,1.3838480014989474,9.20243779342775,302.207256977472,48.45139441842251,3
54.993949708937535,31.653262511916182,36.19475675907186,0.3251795955435638,9.37698373684436,826.4764650507052,22.0969863436857,3
61.35061086513531,18.750474555486743,36.59666889970521,0.8695777893381658,6.44369234931045,306.8163167505646,66.38080453187253,3
33.278065200058336,34.86556717948994,29.90577699605875,1.4173897093327468,8.737012910602619,334.4708264195725,34.07873574364861,0
88.38468977833998,20.21597855515146,29.36084393240896,0.7738091997180252,6.914213107489761,274.52466251137355,65.71793333488459,2
43.56751987498032,31.533164931747933,35.32800681553549,0.8138108249545803,9.101828290991929,416.77565106437555,38.98447071045217,3
48.25192317817685,24.71118038511861,34.65773881775699,0.9942720662389439,8.649958274517495,586.6873127008682,70.32077949177089,0
48.23655073530164,26.367675115886936,37.2526368360676,0.8555248002926201,5.795686866583054,891.5958779844287,67.1121476180754,3
43.824999727040996,32.97105981689782,28.818686189917585,0.5023220294850629,7.128547975509109,755.3576242602808,51.372462836179075,0
30.088429325178684,25.019490223016625,39.191177318320214,0.3222666468838325,6.849271304038696,466.3050620243874,70.76925908037225,0
73.76068764527977,27.137393812444987,39.90367077333346,1.031773989574442,8.640724082893108,603.0922405324993,46.63560194696951,0
88.01072998795712,18.838094260955888,17.913615249965815,1.4049679044093746,7.141142842612636,636.3156216574455,12.497691665362167,0
43.4576089971027,18.039907055746703,36.238593988853054,0.42763695963259873,8.238353590612334,775.909054873143,19.02851908039811,0
69.78283150820535,22.16159784102934,27.495556443714726,0.553143263103304,7.909741022361762,715.5162497938603,25.35332028239567,0
74.51377961752291,29.569912579619043,24.6891584574958,0.7442753829899682,9.402554876390536,598.5037888797983,7.259663894343962,3
80.90552274543148,20.061503187105323,30.326807747067875,1.2704906748253435,9.25113982720646,668.4281189277597,71.42674084243635,3
55.357751820816546,19.93395329967734,16.399138931550176,0.6231123797651731,7.210798058954875,722.1423276740297,37.37163245633022,0
48.17585433842575,24.986330336610358,27.661527969176998,1.3584652851345222,8.394312846564597,293.20084139338303,10.258806336372732,2
49.517708041381866,29.013229656339853,36.772264250666666,0.3659494495800797,8.817840375924888,340.318822913766,82.17585395183245,1
72.75727998591077,30.105223868214818,20.33653790347422,1.4291479455107219,9.09554301544858,682.0090022352617,68.68177416189391,3
79.00676799033816,21.03366145967237,25.659747369235628,0.9728964934485178,5.772537055105935,795.2978933913424,45.770199475642386,3
40.89683806539616,19.35299850532472,38.48702219287189,1.0905332141852453,6.708315197093987,486.4835978898375,25.49510817418069,0
52.25646048946591,33.98674957707425,25.714095945142432,0.7412274270436237,6.780920163874088,885.9232257298441,16.022843485491826,0
84.116411804949,22.43132850355573,23.95919080830996,1.2383931426132724,7.2377838048795144,351.250212871361,46.379044983751136,0
78.40161118168436,32.506890459348305,26.013416203084454,0.49987950010128723,6.177059002861676,491.6894974304072,88.63932855804568,3
89.09150416574855,32.67935465786791,27.98631916293891,0.3586941903341844,7.484823519800033,464.9661304242772,19.651137003925026,0
75.25489558092485,31.132884059963256,30.79978360328672,0.7746203317290685,8.152857309193823,851.2071585085004,57.2972636701573,0
53.59171206167534,20.870171313093692,35.01732002291828,1.3244348567772475,7.489455680866871,399.76496230077765,96.20691352700334,1
65.43827003967826,31.970624807321407,26.302555144107856,1.2059122039652335,8.163172380790463,529.553544629551,64.07454090169668,0
69.66085525483922,31.077259507106973,35.43702337725351,0.9205871645867496,5.765766527271602,331.06368773073063,44.556508285430965,3
34.70734897902744,28.14429083180569,28.343016533802015,0.9865652965984242,9.003949326829641,564.8863669937107,71.92092432095194,3
62.669817546231904,23.732434597872196,23.46201275919944,0.45587139155850653,9.256276768404273,800.1829186245137,82.63321398285194,3
72.55924970835657,22.46264627253125,31.448770702985353,1.3088178103410986,7.9716296964745945,412.82762332339496,59.46111349079737,0
40.039278240063624,20.0721166053661,32.943056368587285,1.2443516195570363,9.025563994547587,767.5544505139798,87.31140354030627,3
76.83790304553344,26.665870137314812,28.95122439073719,1.0877644726643312,6.02578406659285,837.9181075229383,51.94458417819803,3
65.0263668308467,27.94943488366739,16.415374328368085,0.8594292435947262,8.689795680305242,251.07052280019454,83.1728712184194,2
87.13330714185568,24.10876283876838,19.247071879020623,1.457351121935415,5.976592773890376,729.4971754234757,95.24990480016382,3
32.5453378924135,26.081104150574767,22.132443022255707,1.3548383662517653,7.132040925990147,378.7404053053436,50.62310323532819,0
45.919568253328016,24.17974577527753,22.065640148787327,1.0733165922175423,6.795274138233101,322.7293637756404,60.8951698429472,0
66.09323275798944,28.897102974451922,31.835520006171762,0.7461611972607455,7.842367300881817,620.7856744175252,61.33728675203366,0
47.79359473235584,33.32140653254157,15.458716541840815,1.0416267344178147,6.706058140958135,693.9218313600898,78.36205149623078,0
72.86544984427454,20.786644454798065,33.892044426238,0.9905291118367985,8.04925451866853,476.33269001464964,82.47361817756486,1
75.54031695131586,24.4839497683531,21.63356187017333,0.7730903854018996,6.969549156607831,227.42159495753342,3.695702304400012,2
36.150957843988465,20.39476626716464,22.75054615540256,0.6680087660256913,8.943161524121859,836.0931669377552,73.6025968449484,0
60.831267852406064,28.624044096933144,28.197745698598105,0.7884129506847868,8.035535360878447,711.5228417932465,78.59770921839353,0
60.53343333546336,30.39079866130613,20.39814002347394,0.9886936872400773,6.3611931892857845,390.16676467811027,70.34251450636545,3
52.156846212932464,33.84251645415675,37.111782839388184,0.8137618136533133,6.844517688112348,547.8046990213179,71.65587027298652,0
85.97549175418033,22.740822746436404,17.13421948316413,0.6162893858416606,8.889683550506623,219.45495297695462,5.0988830592426755,2
79.65037919239327,34.15359049971231,26.109559057526624,1.2131559813129704,7.0459189999498335,437.4979472641593,44.7618275329417,0
71.8325629145782,19.07546542095147,36.235556736372246,0.9377609951488954,7.643196262262581,565.7746649095827,81.99978532245233,1
72.85959814409986,28.251235677197997,30.396097360530895,0.3812101958707199,8.095767743809331,562.0565305813751,93.46670698821526,1
57.70296862878715,18.97125622883661,22.308237896065837,0.7419798067513506,6.8912385983436675,345.72941460597883,23.717324136621542,0
85.25967126579455,33.194161191953064,25.51900519441152,1.3618961486543923,6.675914523032273,743.7231563287235,58.34029909492671,0
71.67572563519713,27.00675397019092,32.66735950856287,1.2062838374399423,7.401019610432114,409.20351096865045,80.62869371550778,1
73.738863699349,29.37892196296753,39.33151858409748,0.6878961407328085,6.3595238883711565,606.2870162245808,75.48835664305939,3
81.70145422724072,32.13675674047769,37.328467959485835,1.425819782453411,6.636842347676254,390.0655578765824,62.27012158102783,0
46.444295360531456,20.555280582227468,23.56082020955942,0.39192349002985216,5.748313936128144,497.61751109073913,2.8504276379380222,3
78.42425423200217,18.656056552948275,39.95494698219644,1.4534816446706267,6.715881103884022,345.2602376751612,72.66469817104502,0
41.71443617738952,32.940979480518486,15.087616588276457,0.5948461109816108,6.782816373454278,643.1054547724268,77.55100782460268,0
50.72051713469327,23.353864866801853,15.690743895210378,0.3109130163629031,9.347332665165279,497.9090520989455,72.56210115593787,3
50.136627256190565,20.19264143476181,35.59601287927985,0.820569643821992,7.8589153018635205,211.282113141435,76.81510698750571,2
88.71152810334843,25.96384103048047,19.9865671708263,0.7307645156244104,8.649529701663223,219.71549581173628,43.66057437520717,2
81.39223342487561,28.17120328683232,16.519231709906023,0.9469068062481525,5.68150901112129,529.7940229299955,99.38146244661371,3
72.07019169541559,18.526500258182672,20.928701830912555,1.2561274326838145,5.926146774433487,328.25810683374806,77.30790467139323,3
73.62340569692341,22.673226190370492,25.652503849521505,1.3109169625805366,8.75814784345037,609.5294337013197,58.28932052271857,0
63.724367664154265,18.557597862707233,33.26415676083512,0.7814759995340301,7.994198197670543,485.7342472404149,93.48493570491577,1
86.82544002651115,25.145701616323482,30.608388163780138,0.8158148924476203,6.263928122160811,658.093884877806,90.91163560634381,3
59.77552517294169,33.21670049412615,20.94053043901051,0.4778132763953684,7.119181623446953,866.6766218447661,81.64213946809222,1
52.831062592193675,34.70509099539068,27.58176120251461,0.3570571306573962,7.654689999926491,570.1152943566775,56.805796979392866,0
39.78212021589546,28.829808409561668,38.15535263496422,1.0694579882820296,8.874439316549767,751.1650225130697,53.183000895524636,0
77.17233913566348,20.74784079433806,35.37519442459394,0.3773251506632307,5.741647966777977,727.128697421156,33.54208526547755,3
74.06663592453549,33.399439629988194,23.079744620794834,1.180596143305747,7.886889157469449,845.2537730267056,25.83691993129089,0
53.06130231144809,26.77621299440103,39.55661403389241,0.9469081740266969,8.368143686346736,349.8125070666043,51.723592180533565,0
31.51160483755376,20.613738305749607,32.715510010878276,0.5382995738713001,9.411567431641839,779.1288795494586,58.200394409485405,3
80.33983966308065,33.669353380678245,16.561233891669545,0.9474275322151795,8.728640313168738,833.8642649532808,25.20811671442571,0
30.68507900724442,30.87697386229275,15.879017832215967,0.5195972599225186,6.604909254261093,474.93408666330436,92.33752312169439,1
72.22198677774306,30.438989636293577,19.21019872525075,0.8264846490124944,8.33831677551306,419.6713362192777,56.17012567669754,0
88.21542658356341,30.05607196450488,33.19639670125367,1.2594723794906746,8.553111539707908,866.4251367748014,53.12402721283251,0
56.259679688892206,21.40577695863952,19.593473146060695,0.8543031520927649,8.418941999673581,639.3429754972076,44.12820044824788,0
44.09840429975716,21.587113759027943,27.78716923022084,0.47843918195705787,8.78057627180748,466.47353966902784,6.749058275969193,0
72.29226060260291,29.700980973263334,17.331503004520794,1.168594418187534,9.11491990485455,754.2794046521411,88.35773211152508,3
79.0276885209351,21.735286751876746,38.02215394575488,0.5241220995240106,5.8937194759573615,413.13173113100055,32.38242841785995,3
62.78581896467084,25.45741884565183,23.599015339589187,1.1862598492441312,5.919055430724475,323.48531024890343,64.60357311236115,3
88.02211651536877,31.294031035097003,37.70330141401577,0.8752227470589999,8.685599955082584,580.7787450583938,61.1359223380335,0
33.100123299477666,31.327192807663295,38.62189104776361,0.844490110913162,6.509489906085884,596.3484314374224,58.86419571306815,0
60.28773589827169,25.705450132939614,15.15321618284202,1.3217220454289698,5.734165687800312,778.0225375871366,53.04550799914682,3
73.107236839353,31.467228950679164,26.6033796799683,1.1503242292088025,7.104916723922424,519.919148514301,18.96254350970148,0
81.75842826895074,32.25657053536696,15.616401392672323,0.3394929563459271,8.779507647304312,770.210577653739,28.779968363748587,0
40.755336714467404,29.131187771832423,37.717319157572646,0.6554091775219228,6.0062600952559215,417.9258755438369,52.89461905575971,3
78.00020890582088,21.88323948924314,27.9601886183644,1.3451047930198783,8.18736788721787,602.7577415244543,79.14490270809567,0
63.162424543112714,22.65820026655431,16.87360031746242,0.32199140225423833,5.514463447086271,345.93094523050104,43.76690809439145,3
53.7932209193978,23.352299641948502,17.75691820691417,0.9543041355143644,5.9389497888498,469.81216564161747,21.188332751566954,3
37.90290171474561,19.985669831477185,24.587725612318476,1.1733908030087326,6.903401383073947,800.2777884829958,9.706498055737171,0
81.91774553453475,22.643713546289067,38.50585482182224,1.046227302581491,5.834409124097656,351.19173540502857,66.6380893459084,3
39.43639249078292,21.561826813313047,32.32272878920202,1.2126386425253237,8.883606669748453,767.1676240294875,42.910657091495295,0
48.58727155254596,25.740588746746237,36.69047165472831,1.1708302186976949,8.956282012581875,398.01016049318434,13.411718369641548,0
47.40273191774621,33.4434383138285,24.16141615849949,1.1304368341837359,8.522282812398096,224.14280377561758,67.77222111871139,2
82.28484205145125,19.776165384817286,16.08034248874996,1.2858478331107825,6.46991852558247,276.9541990397924,21.550294354582945,3
70.36217965253388,30.244554707105724,39.35794093011035,1.074828802139446,7.592988300959919,722.1156817245517,51.39258878206403,0
77.80088383148234,29.683811075023172,15.429324766559239,0.7829021931083784,6.236754102093485,383.44964855150374,31.312609532609187,3
45.02807392754994,19.62782137727708,38.69129132702723,0.866290931897505,6.625113800292443,657.9019145688906,93.23731637896604,1
67.49244597641993,33.6837308833986,24.216935596228616,1.1600697392177406,7.564021168695165,689.4392319300632,23.600518560845394,0
64.30475898862491,27.664027436665933,15.252260125547037,1.3515672356001527,8.440055233843191,441.5829251042794,42.571933632660816,0
79.96982260729627,24.183333859306632,32.22893079311271,0.6266625610077308,5.878617521574556,532.4432910477981,95.98986608597258,3
84.36522362887564,30.861155919420213,39.51350760078385,0.710492155165285,6.686786790512345,482.63696331906743,32.553792813893224,0
30.729406288643208,22.375212792827778,39.14064307093982,1.4168872756348951,9.20648539428769,863.1442974481738,64.81472313808902,3
70.44119514352755,29.789667229787447,19.02342528006046,0.9942141508913345,7.216493271127552,423.9642036461112,32.355977326926194,0
33.11014794718374,18.6750905287282,19.531195151653876,0.5147541805620013,9.255478695637258,328.32612955747254,11.95682293260765,3
62.931519904641355,32.269936639357624,29.1384728654915,1.0964341666948592,9.465602166208543,455.9149900129048,63.12717603574499,3
47.25796374262069,25.618904399362414,30.93262066070811,1.4889145866472555,7.606639304445664,668.6609953214086,91.6871219932487,1
48.40659597132847,28.82377954408501,33.48544784164664,1.28814427736448,6.652176039139402,688.1538832530257,45.80390205617509,0
51.177510207141395,21.761042936713622,19.52625901180369,1.1948893638616833,8.663107234290315,846.8401207520049,62.991477726554244,0
67.27754694297661,29.510253115193613,38.975177169110864,0.5496559851195231,6.13724294210006,817.2281394130664,61.280942912405685,3
50.042997940126156,31.128084690185702,30.968481407230946,1.3513677416208087,6.508187438688282,401.82436429209287,42.09388056015972,0
73.96194303541682,26.044624177034777,36.176172971763876,0.9309466122426557,8.639519637997129,518.6142742773175,61.874767237708326,0
54.27164313443218,28.501357709050502,28.501642882104296,1.3671480264863467,7.23458369892812,723.0882917284038,26.672490357478246,0
34.101192018597516,25.757540704980777,25.356921189747062,0.6957933953098552,6.306151747950667,841.5760964214176,38.425752555702154,3
77.02559054904643,33.19955327738337,39.4295726648749,0.37446126316251926,8.104502979809297,436.0155089998243,44.78956677987514,0
47.14549947556236,26.463776068743428,29.5530342704959,0.8711711623916953,8.431047445526731,511.10900392389715,86.53685967268557,1
55.96601277595576,32.31074805348992,36.67183956997947,0.6238051257814532,6.000284957802276,829.6347893175262,35.48495658849224,3
71.12663299331409,31.622984990594226,38.832309909157246,1.1582751477315578,6.607921039899736,450.93871121089586,63.87856776346681,0
49.94736942892272,24.97858196292206,31.88386567521648,1.448527863427239,6.385107021488933,536.359090334215,22.126979904470968,3
33.39513936880294,21.911436361577074,28.723466962966874,1.1291689813818766,7.019418515049809,833.1528988526552,26.004403176338744,0
52.43526282076881,24.903396253516107,15.087771272766265,1.3643207156510442,8.553779582304259,761.5702525928938,65.19445867053778,0
86.66691496165821,32.04569538817874,16.00049101847515,0.8436288163214476,8.354832409097297,370.401647506862,76.46868280929375,0
68.50406383791349,21.86975310892967,20.02128040127791,1.225968884634362,8.150095641534815,427.3565457883534,46.74960047610187,0
70.28874892003242,26.91541787958174,19.650210796399882,1.3116521240060441,5.525142183474365,447.07110922153737,34.174869980998885,3
67.9369292182584,31.703644715332707,21.368969879996133,1.1530507531002507,6.068573253521558,838.9169314017419,91.11688403729498,3
41.93952833756621,24.009117077182438,22.62336594244152,0.9093327432834775,6.393190196408267,899.2536159731774,14.444973689855228,3
55.10003184613681,28.917563829045854,24.001637338768205,1.0510393315384416,6.587823384155398,741.8030115088079,72.35070952728536,0
75.0563879017991,22.175736758829846,25.513442251721912,1.1406083948146564,6.0857061665956,539.0284117454546,69.32690422496319,3
36.08237385318955,19.85775057125872,17.471658461400366,0.6037012838657123,7.141262205895559,207.12167264723527,69.33427111005162,2
46.671166565382734,31.504531826578557,16.05904829881955,1.2714951130979817,5.800722340056104,688.2416396185702,93.6066239979289,3
46.579146507951215,19.682466597948014,31.848611226825586,1.4403894467607279,8.500088761551122,472.55281514844927,73.09083979709843,0
55.921135655670355,22.61348371635294,28.433370621076943,0.8582871782159232,8.65088314918442,643.0905291600238,30.854953751548827,0
88.8221244565311,32.536860173956484,26.10360505550299,1.1412806197318528,7.797066758403592,624.6857744237002,35.98751319899861,0
34.05015280102931,23.88997788033734,30.860998529208807,1.1844310869484247,5.858819508167871,536.5824396020712,39.71998634678953,3
61.1220596628357,34.54177094174074,35.69198518008851,1.0946970570257764,9.060332678187033,861.071178408426,4.0500587357125,3
40.76188092073263,34.65548369115562,25.692322727905115,0.9565381299943625,9.362543314832457,216.20244174873915,91.43752122541744,3
88.24059272458464,22.560692347710464,31.027986626299484,1.3579775454897727,6.309454241287158,698.4927391308117,8.281707782615584,3
36.798210283647855,18.696629778248138,38.83930559587897,0.8387120511226733,8.31855927776288,486.8879078096822,70.2796339276497,0
54.21606014169548,29.986075831491444,35.99061239653902,0.3733235477839243,8.867754522569943,699.6533153441279,73.28593947948787,0
74.27309909007637,25.666770545021844,25.650020262560236,1.3134676508545924,7.659374090170809,672.6537532777423,84.52779001242342,1
72.27326568164672,19.7127983473128,31.117920945368574,1.1087775267798607,6.7932923981069955,207.16660180319678,55.78286330395673,2
55.363718213635934,30.02788792262673,19.426773047898493,1.319110351799576,7.414234860321411,399.7369466222699,72.80117796179715,0
50.79145007716309,18.52997345490266,29.013054622377247,0.4662569309336332,7.549075003137808,332.3640643526463,30.969569522129156,0
53.85674271317224,32.793343738368115,39.53320727846107,0.33690352861165956,7.102548176752112,316.8904470597446,74.81281708036622,0
45.85657578951836,20.357092994926163,27.95787788006306,1.4212494484590017,9.219369974534825,709.9336788847929,34.99815798892671,3
42.31997632240799,20.164301938694326,38.19095747975368,0.47727396702068914,8.475532443770009,367.6859443651872,90.38100936424291,1
58.9823818535334,20.986429065465938,25.18337301258152,1.2715827984845423,6.4652065690198555,532.3163304911106,17.174798968871894,3
46.112025364056436,34.324528094365135,39.97112067961578,1.2878519306167628,7.842228749279474,372.89229669997565,32.259973756721394,0
47.247699893835005,29.783879124315384,29.480500880688943,1.1504462406588036,8.254756603724669,606.163676404731,50.378175703957936,0
69.40536380847342,31.623316102881823,16.056724855898363,0.45751465331144514,6.060625686808521,704.4016376419776,77.80920515766168,3
88.11223990199353,24.759794757456802,29.668869917284702,1.100878349472969,6.933702969520596,431.75231708872354,75.13111140520016,0
66.21823203356251,23.717316367584246,21.864317391989914,1.3669038999922387,9.122193126415663,622.1145938009854,21.860970558125846,3
34.61876802389798,21.98622811531389,15.812033050897368,0.8106379737610598,7.768692400740806,777.3983420896172,15.27933396456784,0
34.53501683124402,26.17101648131095,35.52133261736658,0.7962202252543187,6.367990984241267,265.9569996151441,31.092990825115727,3
87.08539325073396,27.381088470080865,21.8932409245189,0.8314299714953028,5.991139192476603,697.4694193288899,48.89166101591435,3
47.83744741844002,28.74017234209684,34.91371385116246,0.3987262688114477,7.572907573899511,426.20146110476617,54.36149943774931,0
35.52401916494853,22.371014567977806,22.205439573896676,1.370430682835968,7.690742892116576,285.854969567461,43.48462150457264,2
65.9426752290229,34.127119375350844,19.858158846844358,1.3430194367766124,6.837657805418449,581.9579453300441,66.64592154815269,0
67.41892669741597,20.88589446952131,39.34838935261068,1.4974911861483435,8.021664113676474,358.38362348741225,43.32833541612653,0
68.91028920712128,34.41610397102901,24.04113319387549,1.0022197697980961,5.7747387448775545,774.9532548684103,94.68657198394067,3
46.04412167145248,18.252554082627565,30.03440528607901,1.2014299637416628,6.0805587730645625,230.02713667175328,26.835915950172062,3
30.9066410528685,26.179136760886376,30.24953732036179,0.5432062875687655,7.685095284045037,269.0570273896282,63.10983994633938,2
87.9009221672683,23.667253247981566,29.011837054337544,1.1010345818690035,5.747262775377816,564.6972881900718,61.52641592735305,3
45.05358274146615,25.635098036814263,37.86739358803037,1.0796794185088687,9.023635059964402,612.2592488538697,28.87589746634612,3
70.56157728315284,27.701297842673412,31.861026784171713,1.381450483009935,6.068585481826068,710.9206651659229,41.757074826888704,3
72.39779219272258,25.405015686216053,25.093325102623254,1.2969512674068888,8.195679496338146,381.48250977653566,37.18188832455711,0
66.60044502476914,25.052396455127116,36.559509613106854,1.4261597551413157,7.064813766857701,789.2322857493042,18.077406942028443,0
48.77444365281889,30.456298062026214,19.52657247789911,1.342600167241929,7.099150990168994,867.1996378416482,48.25222605052285,0
46.265775225843946,29.6598966764699,28.605918940260437,1.3424326738786223,8.559558114444576,549.3275125164046,39.2795630491623,0
65.86009696216219,32.16561179460942,38.76375929859391,0.3764679920264619,7.497848536691656,732.3719554788609,18.653418646648777,0
81.9657380167015,22.249302681071423,30.63494074701032,1.3151543432351471,8.402621854575465,567.3938481806549,45.538124496358385,0
86.80402373540373,28.36198466581908,35.4242112618719,1.0289740734037418,7.5207649150110765,248.62692058854742,42.76255285761518,2
36.35434826422546,27.948311351678516,31.33901813862982,0.7565333421191534,7.871621365621054,428.2780589898348,14.005202088286513,0
39.28971675586319,24.28554278483571,35.98427158844726,0.3678175492656748,8.542858511478656,261.2406827389105,13.987566649883075,2
86.68417552698477,26.262978212345576,38.61219699613109,1.113208529721656,7.929234971685101,892.2153834785095,65.10323060472405,0
74.19211370008756,23.334296436197388,21.82304318831842,0.693842100645141,7.962460437555155,360.318138451364,70.95149966699329,0
82.97962948978639,20.41135475948875,19.241527031417974,0.8613315179832417,8.656878365710378,645.1302935910031,94.17686157098157,1
42.15795804812059,21.634620581266457,27.0997687583135,1.1180741244661612,9.296347263277493,399.04157136145614,9.613464355648881,3
65.25515226656411,19.79373198882042,32.546560670605395,1.3941294564289715,7.006864615741347,657.2723507491481,12.668287745447095,0
72.06837566504842,29.61218277823211,20.679781329555404,1.2905242987259982,7.808468628903805,347.28118360933775,6.129994718323189,0
70.80671312681835,29.232365682855576,15.102536260754176,0.8407165549243198,5.845092630934182,749.6890461370522,53.690614644936076,3
54.48910145200189,34.16030831685784,23.573377895917634,0.7653397889356547,6.935215522275468,277.56812198564484,62.65191481522742,2
30.92369350147851,30.4045330320031,39.221483386694715,0.5877356866128569,7.148196903557544,826.6052800631961,40.94882174128361,0
64.9755634082558,18.884779258854234,32.374186515146164,0.7469121014111619,8.840949267296203,788.2951847785562,79.99231987515213,0
45.186092350776526,33.03216795679222,25.033136098530598,0.433255664750278,7.553569608502707,675.1651405468699,68.98324416437622,0
57.01525476857342,32.66547777007734,19.81440243367101,1.4653266100377054,8.42426549319383,247.19023899999348,98.59820167373914,2
87.45486090502904,25.536445453135876,23.902241843868673,0.9887009327514946,5.576029600102686,345.9983198302498,14.651603346668185,3
53.94211905854608,27.959671858974666,19.245985832531197,0.4533670113542555,7.357970678513262,801.5531169837532,6.773250769907634,0
80.3880963998656,34.593331652032816,17.657645532823786,0.723367211119087,9.105270660654337,285.3821040118166,28.205566851369394,3
41.31243634495507,27.049174185418828,37.668559314313846,0.956446972344787,6.39725563722314,309.15246741561407,2.8859693363675603,3
70.34762988150173,33.390471082393525,39.94125845938684,0.9394627639690436,5.626088741228452,580.8023266288645,93.32853135878474,3
88.6204172663366,19.411658882773168,19.102860989894758,0.3426040424623588,7.233634934853906,391.92420777204063,31.091214210129365,0
36.113586052376206,21.24788176804761,16.363063971956993,1.4410092410749336,8.317727282590381,355.45298996075064,55.69058653017443,0
30.49919653363152,25.4928340385024,23.24327767865531,0.6304508177699335,7.317854027365878,603.0694022937264,32.48889365499545,0
56.014967557956865,27.94086574173418,26.541479519035384,0.3194216027182694,7.339913254045063,460.80367352062035,25.335053576893525,0
35.55752898308203,31.875873481667604,20.120531176896364,0.39173281074033894,8.179220164953279,298.3919277387681,16.084107673513117,2
74.90306098057388,34.80045595743418,22.535622794963963,0.9962338838975724,6.517555233132196,574.3976372818252,32.71622611258442,0
84.87291983091353,24.61047544005998,20.021768392291442,0.46534262481011623,8.50755916656791,470.90868229503593,61.926474110389485,0
56.041258362525525,18.806065814381444,34.356514210811284,0.35006975142420393,6.112454123622934,714.1617419916386,97.19049876906526,3
45.52269852932646,31.619915556020523,32.81444858118152,0.7555517596952537,7.08300242114395,271.92880962441245,56.251111996347795,2
56.06419914039658,28.274472224407738,30.873787894024545,1.0473134308082261,8.124032433883672,634.4292707621817,53.73819754380151,0
73.40686907100006,21.375228600759428,24.68044642698012,0.4342077658099348,8.81347602892079,505.5453288602734,4.49103879240954,0
30.543249694822258,26.412083762564144,37.7260235328559,0.6759933985815787,8.66612428466022,484.2433125366829,84.16980255110158,1
65.36723936908183,30.619274174073315,39.2383135383755,0.8013128059494505,8.38674239723079,362.6013816058388,5.439296124759751,0
66.79750109324274,31.097000380166946,19.3409828156353,0.4913521173441206,6.936385534145565,221.29821974189778,90.71699513624444,2
68.26129481375614,26.493513003978954,20.57531603529695,0.9072886781600522,5.989217265174895,793.3824360552519,54.32850081031508,3
44.52132479885263,23.188647012190607,28.140775700009243,0.40225690428212507,6.367336870771963,428.4870602240981,17.67819391816951,3
72.84316340268761,34.55362389465439,17.28126423205613,0.3558221956140824,8.95933525830594,676.763727810893,45.719031808639414,0
35.483489179906584,29.27716438626038,25.911209970577822,0.9238024405861618,8.929325480530638,863.3111798436952,99.50346358763663,1
41.95622018800805,24.94003782888708,29.54478161944275,0.5974763673010508,9.306243410156064,595.4932086574921,31.20320235236521,3
82.64820279926892,22.76787481147909,28.051839278433327,0.414448569477633,5.803954607582167,478.0028317639064,27.67651708630929,3
74.32338904359398,30.42875071106056,23.27271457695065,0.8086951049851587,7.647236341109824,387.79149644409256,12.682583609208086,0
30.824733240680715,22.11711857509405,28.56114515193017,1.3981688874208738,8.094732179616933,853.8306548532454,60.11709253029304,0
44.90257562218801,20.9190698125527,38.970023856471194,1.169030935984986,8.342629508267427,677.4537726358,9.83347290238233,0
42.864388979589876,27.007176112355197,20.1504351072844,1.278739098416433,8.075452940041721,665.6969752795917,76.83479831660364,0
46.248379682218356,22.929785674950413,31.37078395985009,1.3462967865103637,8.580045559609129,498.31082760169386,92.00312791872524,1
44.85358621679318,28.691387463701457,16.084917353901297,1.4671532896757027,6.937886305157367,791.5340990072015,93.25524001033443,1
33.751577744570746,20.004957472861967,16.660410112035873,1.2158958882170077,6.217731088541928,699.5705309066409,11.68370903486634,3
57.53643099580922,29.133998777644464,28.795705605589625,1.0300895063273756,6.318333488601754,398.22829024671125,56.26799713794391,3
73.9640084871699,22.816040975960938,17.623479508198738,0.7385110563626966,5.547914757880657,619.7050620175336,10.613875635314495,3
66.40390348304618,18.004129885386718,15.558669710671433,0.5179718838692593,6.90128748842489,501.13576822088595,57.62959800694543,0
70.37230011588478,20.157912980461,19.287824941200554,1.1239918487799532,5.86697620351991,204.6131139807991,81.68307793574853,3
34.86895071217435,33.8714614231966,29.12122927498936,1.4939399833463303,6.785954771160764,765.3364020512581,54.241226068025185,0
87.08944261060724,32.745028864961085,32.58352386297331,0.8608304215427027,8.012840308664991,285.98124424379057,87.33332878456143,2
80.30951003058149,21.971353544616026,20.0619641035345,1.1684152417113691,9.07791222234728,556.96815420183,80.36576113008839,3
78.30541910973976,31.23232237727335,31.706485930204362,0.8941109399917873,8.858421803962067,435.35833515937094,28.37828664405291,0
79.37902830250604,28.34571708395756,19.561908277480732,0.818320108036172,6.5106968478303076,439.46232884047424,63.380126005361724,0
85.96263048796568,34.505380094647776,30.33643566578143,0.7923667362718981,6.036332568792188,534.1554183896656,1.7338005211370118,3
62.655237966821865,24.351296212079006,25.29899199739497,0.905549619518037,6.272289095186926,897.9161728138215,40.208149676561575,3
42.016921072057556,29.58483041279191,31.344987733340417,0.74027479423845,9.383946607614428,485.86577644203305,24.558056610645224,3
67.00701647115247,19.080107281206615,39.87631881198118,1.1985279861861693,7.697897918741964,327.6304608716007,93.77451824840513,1
74.57288962007634,24.7362048958789,38.44542413081405,1.34912643190982,6.230008892002299,629.5244366345582,41.133512160592836,3
74.27504360124152,34.38490024019907,15.107043945902591,1.359462367974221,8.86298461874726,365.4013956276649,65.75237841382558,0
61.286941450012804,27.16267486565205,37.13596910905764,0.5732384561109911,7.08076497725022,273.8843956990653,73.46617931808711,2
34.10752316001468,22.893951556692357,16.662269879369163,1.375090966477789,9.09688860789891,235.12192044615037,77.54804132946924,3
52.26677630580767,20.044606373186316,38.82616465399612,0.7098614782261261,6.542708507337946,216.0168918137787,73.84174400973535,2
85.24599650780144,29.95998178308602,22.045641977492117,0.6711691985823571,7.072887035216945,501.8152538177446,29.62734103778574,0
65.06693458544555,28.962552738305355,24.550870760281775,1.172107268877883,7.519791051160338,498.70804591137556,68.92070197619299,0
62.29991659534281,24.356958131264168,17.290955129393197,0.6656356081035473,9.070461336356127,329.88178005456706,55.351938743966045,3
46.13121086293161,34.16600298171918,17.806818958222742,0.3635596867316521,8.975029726420223,748.8133376398465,60.13989381495436,0
52.10693519499473,18.377447820793456,33.16851413073299,0.7483413267723695,7.797420281215512,290.4894395439151,1.0806471135667324,2
83.72076534919016,23.16330547774104,38.60830589370729,1.1657587204300186,6.387102039123563,840.7220348475117,26.5675024943328,3
69.98778285161015,33.658181267092885,30.26871237385774,0.6923501043242117,7.1134278869515,611.3031843502906,93.1376859748499,1
77.24322160513998,23.455902451430486,32.89625038817027,1.0554708671941757,9.40253226146202,219.33146327345074,29.71753224726685,3
57.260725384059306,22.288298175537896,34.04924361492884,1.0921433331157564,7.931092895509608,874.0808380199016,44.36353670271461,0
67.81483316736947,27.081746968831204,21.57035686382354,1.1804832140716273,8.624391020496788,415.55888168209754,19.480724237378364,0
44.90301652459245,32.004629748649144,16.130740773005375,1.3765565595731237,7.299458781445679,514.9824717044974,14.721652638465285,0
72.32764981700917,19.75349493493214,15.046818597979215,0.8190773991221176,7.6280291018672255,398.9880850961865,21.658227895231803,0
55.65608002220024,34.031352063977515,23.766232073850468,0.49971849199494844,7.215816448930177,709.8949086236443,55.811085557830324,0
56.55273088888474,31.51623898007979,21.036605704980403,0.6827108585182673,8.311683992247872,539.976154503677,91.9838364876207,1
68.9593394746129,21.081254344376383,16.55794312622964,0.818600706208783,8.90588405554751,292.6610715817518,33.29371880972284,2
86.1768372881356,30.104135340368764,19.488207312341668,1.1566697631937357,7.529454172898254,272.94276665161766,33.01738726858913,2
33.84038079651725,24.544298284838472,18.112472456698697,0.3157465506739602,7.423469834544903,707.7627893272024,56.849918101799965,0
79.48459424082046,24.839009527297417,37.871959515434256,0.6789424601278546,6.861145868393588,365.95698345189004,36.31752905162039,0
47.54298662473158,31.31593157146073,18.506680336479224,1.2358110972231802,6.208386777176335,296.45536224693075,91.13118875041481,3
56.63516727038267,34.36734173567245,28.44121159969198,1.1050292439968343,9.256990891500436,549.59931789849,38.406956221583926,3
31.31479972650054,20.153149838402296,29.827648877804116,1.178087968302726,6.76431887471802,761.9357012754128,49.553782999427234,0
48.06276467005878,25.15071402693993,28.587236442715845,1.2741729233270336,8.702765854297141,395.1479221111913,53.80553911307067,0
60.15787455780783,26.176007337433163,17.4764108553997,1.2398828626535547,8.361388085149898,393.50212819056543,78.42471171791665,0
33.37056464084634,24.39730088823496,22.96995904376378,1.1186197993833336,8.663670401112515,783.7168821822638,56.82668800207348,0
59.46574376298991,24.174215103175825,16.28175831157883,0.8275938388447086,9.24707253348841,303.48365619814786,24.676354914585087,3
85.62663773150564,18.88856734854714,24.891747852407903,1.4803179946537848,7.993483040883589,631.709314250583,13.274733456010363,0
36.323593086468314,29.654156549564597,19.7149732817898,0.9828878347080885,9.091801373528178,868.5094380878098,93.83968012220744,3
75.86644368453025,25.415645091040773,29.040813332109494,0.5433230512426069,6.170789291649175,788.9122047041153,80.35473646927163,3
54.58026320255956,21.311494644946755,32.32020984622751,0.6513754261257412,8.00685030382715,243.27066364581043,3.273555818602658,2
69.31042287146028,31.872569539135164,28.30299650511766,1.132274947164564,8.589102451658452,423.9376135931378,82.33136944803121,1
45.614195879113765,31.643532718577674,25.855917415284893,1.4096874782393563,6.586564522976696,299.66212591483145,59.469181596572106,2
39.5695357524815,26.268657677511193,24.683335521417312,0.514464155047077,8.46301520516786,864.4684463809978,52.37052926845939,0
39.627756856273585,23.073661239511928,36.0422942024251,0.39881579489494356,8.613907316464948,890.1590963554568,2.210688723332332,0
34.22951673858868,28.84757633853969,20.48420162663175,1.3578372576504074,8.824751824065778,364.4951143780265,78.3055415820571,0
41.13880229407458,22.89858630821585,33.35545848822172,1.3983335746954013,6.751531650383731,668.7893313801268,20.608436409883762,0
69.8531630993381,22.012134815503103,33.937058118502975,0.6316552143790793,8.226426360673237,789.1422124329829,73.07014010621383,0
82.90143671061048,30.41874911844755,25.48000018176836,0.7527428692454878,6.717013133639048,363.57619909013357,2.5709564892159094,0
78.84754113546971,18.685529075256163,22.432514980640985,1.09222559699743,8.456161549993821,331.37644402468425,79.83901131695242,0
71.10805859246904,19.611064007588098,26.76353715114938,0.6959160250109697,7.351894660582849,207.8477162730962,3.280907367149015,2
36.62591180466616,18.115398958401027,17.330348147317462,1.3525904499240635,7.89017749810888,488.3737198590681,24.353397503179387,0
47.35124677775699,20.600034170082246,16.14825080572725,0.42909444325663526,7.1633599257222755,829.6062236763015,27.55954303875863,0
48.58841251934814,19.17283014807781,17.790079986297293,0.34557866515223423,6.147931707719297,832.0857543394442,16.593355172585714,3
44.997416783857275,34.92864025225862,19.678625786555653,0.5501834480913474,6.212118118421454,289.4201892563114,48.62476142334154,3
60.900339582583385,22.90976948921952,27.604420508451074,0.6433053338459628,5.8102756290485384,343.0467363698765,29.08510800205418,3
62.13322889278035,20.537556215377204,36.228415904028054,0.4355119095466501,7.972290718886647,485.6331316541735,99.3355095969984,1
51.41315851026661,22.096936385930604,20.891058299992174,0.37882851520877603,8.894553591812237,746.4371816145914,58.41691054317845,0
51.22734952418616,33.91413471618229,38.37905026866945,1.2067292562021579,5.583347305048324,628.2960384722101,57.08130468036981,3
79.71333587436487,26.842723791414727,38.87269772337508,0.49713187908270884,5.764958008353414,559.6948204641515,22.866093380539066,3
77.35757089918113,24.201907637233568,38.97261512113013,1.3967066388795648,7.329867969211641,614.3523189558222,41.460254432776225,0
48.46774990084474,32.84765478445673,35.939068366908096,0.7415995937377152,8.450882944672758,267.33978566160766,13.27382144164,2
84.82730663239556,24.71483459933355,24.095626019943015,1.1047269716656145,6.130830578847805,534.3645495784349,76.49039597278824,3
87.16890102015037,23.695145689280828,16.817097775065577,0.5704825377225602,6.586605278196775,894.4443026773898,33.78476536919421,0
49.60455252180245,21.523802883345503,29.220468294162373,0.5883873221902403,6.428024805127229,261.91230285736145,75.44461750592782,3
51.26549692758329,24.422546006459996,28.967036098430846,0.9896510434410903,7.0962048746846165,563.4726743444205,37.79790399301807,0
60.33804920531753,23.383634052287743,36.24939417773989,0.9727715101751833,6.399994708070285,406.9544831601622,98.88696677136971,3
86.46724875202041,29.514167308068398,39.899776273652634,1.2224750736144976,6.910394714179012,577.9393078033713,17.941040603207558,0
82.57916598853869,22.922905979402362,27.703932664003688,1.2093759668331192,8.414170394647776,601.6731320236227,1.1508654944497982,0
36.154077755015386,27.812395689183546,23.630100775994606,1.1048253175963934,7.9440369938167565,604.2310286836331,59.887728596460185,0
53.56384459628497,19.120166805543537,19.647542788906676,0.8389566790721892,5.824726821566772,796.5461497176207,95.34236680869597,3
63.20227138498631,21.251915663840744,15.119995620434269,1.3687684635367405,8.050982664982872,472.8231902715626,65.05835143569196,0
60.1879483530924,24.92588961739293,27.72784231222198,1.0470941882655584,7.408308686236854,561.4479138665472,9.486628752069915,0
41.63178407621356,33.928137316447824,28.887966667564896,1.4882381885548286,9.238262298828555,207.649879277424,54.50755786415632,3
81.52900627008928,24.413283757166823,35.62346199543494,1.2832437815212303,6.657217268416213,752.6854211058368,91.03920667763501,1
70.61644697981023,29.28926006039718,27.614424197320012,0.35317177348599144,8.40466567879664,381.64139516309706,1.6441007201212607,0
80.27450249110822,22.336482781163767,37.91170871665142,0.6847126884963812,8.42344329217828,771.5885168283614,17.524309070942078,0
81.52585676096834,20.15957079154494,30.702086914285886,0.986250859765142,6.386003124036749,385.94706646622205,81.64159405415901,3
74.90135121994439,18.995122201360854,36.00840595552708,1.1657634454457846,9.112894499883744,207.55194738374456,89.4968035511708,3
56.35263607498304,23.192029475226775,18.707543370193676,0.9604037973143298,7.464732801718412,308.38192273541273,71.00890146595881,0
66.63280530092547,20.680237455547434,36.383403257557866,1.2433565069546182,8.21553346755721,889.9780318005176,99.16445620034226,1
39.62192436718459,20.95817761627411,31.87859636109621,0.6391867833088135,6.083422235534018,423.860872163592,9.931377029070363,3
70.41872504849445,30.93290824257815,19.255825810958264,0.52069446147939,6.531215667967877,276.17673140892305,55.02197506781947,2
40.75519534435685,18.26924720606286,19.74408895365027,0.3647000205477241,7.844428471748891,283.13116253802536,68.81447754211104,2
71.63697543060941,27.482772137502387,38.16251547610553,0.9879764934858264,6.776109073493398,417.23989984005664,70.5618273165397,0
43.775889645238124,24.450843470088902,15.805384011259322,1.1263194248105943,7.498771674283894,226.35152878173412,79.55497691907408,2
37.0530780090132,26.611349998445302,26.56337358239265,0.6913796605432339,6.996020797493157,558.0420116853677,91.84497846483893,1
39.91706940857745,27.56811403264825,22.836882248352538,1.0363010218270519,8.062215186576193,349.6186408425241,36.80250311609435,0
30.119528113144217,23.32725080577373,31.6269359999607,0.36258867702399505,7.4485814511232356,563.5174489778105,5.253375887955948,0
73.12437707121182,23.01685062313285,35.990734689224794,0.4191520155561643,5.518439743892673,298.5349530894541,36.88174953361487,3
73.94406294350274,30.467831438693395,24.009453038914238,1.142105726710198,8.098723351781537,500.90006031224465,67.48986157533626,0
60.89600099479557,32.81170879805967,25.67255218307093,0.7416836462607586,7.188486228200727,618.5418008808712,22.132152646030708,0
39.68176806332302,21.273887751794973,39.54794461253535,1.1056008373236066,6.866793361960891,243.3999568366756,81.18732220431232,2
35.01326025064139,19.659518929097533,34.59791274198007,1.2980653443359016,5.876587009132894,479.124516475741,22.75668131456025,3
31.14773798623722,33.26252870866444,37.43010327329479,1.3231469249713403,6.381478762265965,411.7666746927814,1.9962768356371603,3
39.944890617913245,23.948222882005776,25.969055516290744,0.5066011745573411,6.395089166323414,368.25187154204383,51.29999664813435,3
83.45133209898881,27.37239564126784,20.85190509960288,0.8835426868216159,9.241477997618915,623.1742382591476,72.91969556895837,3
44.4922105021009,24.11223345684006,25.296586634661292,1.1807120683589838,7.230051898986187,611.9793900357852,35.615878713146564,0
51.25627963303294,20.13863971788287,32.902297945787836,1.2287767155202924,5.66826338886068,641.4898646743854,75.1406841541419,3
36.32072906887999,28.018637964111377,17.735760120899485,1.241611176874653,6.055266728973283,311.21786930276494,44.40202907797981,3
43.34167828489022,26.927394480083706,21.761727640412722,0.5738008012567013,5.816130702931648,399.9964714036294,17.99974711336681,3
61.15347424681231,21.450890506250353,16.16589751153976,0.531041781268528,7.855477560828845,346.7751445965551,9.965280986096538,0
66.46516098573915,25.681773759088724,25.80869345845329,1.008014961928435,6.246485966267307,578.3525234984893,71.3481293258274,3
44.72113884997266,31.54810756826598,35.686143399490334,1.1893029572858635,7.494230561127104,522.7459824467314,39.1857639726849,0
33.46392955350703,28.03724375283415,15.61659220745027,0.6829674186410319,6.980248251479902,431.205616314925,91.36460302445326,1
53.46197214764392,19.647594560138913,31.88308817017915,0.42564618823490585,8.715505508576797,750.2103662079032,54.48525079882102,0
44.05220225558005,27.316365452895297,38.312396862843485,1.160095659492093,6.781958549061449,265.781621085868,35.49480940384956,2
43.17323539378812,29.946551087922977,20.923196537779557,0.6596373976560054,7.333061929587233,882.4276821289495,35.55010177198259,0
87.59176816280731,31.475957898272775,32.34087101819121,0.4996352691740662,8.385142194391303,281.5808544707231,14.012348580812267,2
66.97802915554345,28.694998836782535,39.37754752750501,0.47726823407655794,7.233404827722557,741.1495687978586,59.785126205326506,0
63.412706590325755,20.595188797193323,39.056951503811575,0.6778914570320596,8.672862144052756,457.7611324125823,58.6345464056219,0
54.94650621139932,30.072945532032733,20.873229825728583,1.0112136790964945,8.146737424946659,805.683560392264,80.19937550171285,1
55.73666000580866,29.514811383385776,17.50827633030172,0.7300826864325799,7.142116455786864,251.91896414891343,20.918499284240532,2
62.45430023028485,18.415257009990764,18.7070634473979,0.3247942219121179,7.515927702745451,462.30519713463644,29.78817460510691,0
71.78578842216643,24.99971034903413,32.550891712053556,0.41629012161337325,9.368813823368773,434.8103845501654,10.626558940462587,3
72.12876577090977,23.660154198360345,33.14397188633189,0.648603896638343,8.14644598603357,895.2099267578748,30.238878024621766,0
40.30163446232697,29.38000509231194,31.855914040704974,1.0916453785765101,9.1199809038893,889.8842964227379,43.38210945968567,3
60.00676512459762,21.67430880928565,23.401959693555952,0.4182180881622406,6.2150340138842575,332.8627710664716,96.43881218944439,3
54.71748570204612,28.044822690562395,19.244423493953054,0.9727882242008181,7.432944624980608,640.9628724888372,65.65353428461643,0
82.23161797616305,33.52450135084093,29.51902729880633,0.44386304498880513,9.134646679380202,574.8635939376582,78.50451904814035,3
67.88513527310258,31.562640327546333,27.092011143946664,0.5539383928192578,6.7904482457656705,308.06144386851713,33.22547863682853,0
61.95024398495891,33.664781515681014,33.22085367805759,0.5066262330669153,9.370656792585683,317.4457942730961,15.30676846800155,3
36.923678530735046,34.63460143785573,26.034001967140536,0.38067436268497257,5.888309961894629,892.4762099356883,26.41527424941965,3
66.3382733594047,18.181392159104767,23.46599236716171,1.1055957808639083,9.110684681100148,516.9109955346529,26.39030140893279,3
37.03223434081401,28.58660169841712,22.33696443397536,0.8560842568632414,7.280848488263435,288.06090440005147,58.728417501049286,2
50.232394533945126,25.018269761901408,20.286758001243662,1.2972641290768059,5.794976660564643,350.353027117478,34.80564211304784,3
38.57051788885991,32.61752633569707,21.643659404666536,0.4186690079787803,9.01808637034435,387.84364707398476,85.8824875689946,3
71.52441882146213,22.28084993415524,17.370760971102534,0.4736795200056867,6.507760849636454,557.6420843230335,98.8659074044133,1
42.37512683016916,34.677501314956295,23.67142527322224,0.6677492776205407,5.589000501980901,434.8836906544165,34.9865421210814,3
53.51156239128156,28.433035482243703,15.914245309073955,1.2190391843265698,6.043228422276769,518.5082501229447,70.80096709501406,3
83.74048665712672,31.490135837890126,19.660346179158168,0.6669105877868385,8.136458967599047,316.5496857709539,66.0911716101165,0
42.25898300393822,19.455192397987062,33.669261115485725,0.7901024489984311,9.41124595655278,428.71008341125435,20.251786285495864,3
60.46830383752675,21.118784040900707,23.136724716915566,0.6619242795565974,5.945848558334067,249.22161490242783,91.88285088724277,3
55.15629966996132,30.892862441581457,31.705925424433595,0.39626915016123593,7.347792192499048,822.7971914330941,20.744816131651724,0
31.087442462743784,18.3737708746685,32.92210438993193,1.4273203474754248,6.22254620379013,339.12673401800475,73.95875603530018,3
77.56548681436877,31.88692576019431,29.529633568302838,0.9582467904854266,8.480146136406368,729.8300948001172,35.41335458515693,0
34.142754378875985,18.237133317762495,38.96744353413496,1.245399825822596,5.972235599047257,444.68625174234217,37.34107513388816,3
58.45530125861721,29.171020264041644,15.535996665577832,1.0900285106223553,6.459366993923558,532.0781232578554,46.089456236007074,3
63.640697696337,24.2065966439407,33.46631626470355,0.91710513487437,6.285623870596286,403.8827276228588,86.58628982745881,3
67.70558739687522,28.395412496226385,38.9696660985102,0.40761390799125613,7.710079121467912,687.5088897751589,14.88494220961,0
71.31789775847253,29.83253391881493,36.556793233823484,1.0712802543243651,8.992736368002529,791.1824934922952,6.402388205640637,0
45.196343011362906,23.82207872616717,19.197317295125334,0.48644442712419855,7.544360804625674,400.38912931771165,40.80204107246436,0
30.59872659950696,19.835361617884203,23.170507656293303,0.797259803227532,5.732973811085885,369.5523505645147,6.502924815066721,3
73.40661974129472,19.183979751720514,19.311295996911635,1.0549357721765165,7.7535557223873255,677.0081858247279,69.0724874226866,0
62.13939596085471,28.011912383563313,30.0327090953676,1.238674800566548,8.690083997272037,336.6071423974046,76.2721824276941,0
80.16706219243493,26.851141013479896,32.80469954948731,1.1220542108503435,6.028624789217291,647.8878359268406,85.61652708057262,3
79.28330177404166,30.61741715505925,22.926844234076455,1.1058402348655545,5.790844857378367,266.0996557855449,74.64038230287609,3
80.59957006727299,26.665503670066933,28.487664349607385,0.478850651010249,6.251231110230276,634.096011972481,91.71878797557524,3
59.10567959877241,25.181578430524944,32.27301425177988,0.7153542480859054,8.484345291286509,559.3847138073031,75.08181114959899,0
50.017703750211936,24.767482030015923,25.533495415276207,0.35149472719223296,7.866721678128006,279.73400090341585,93.67148834796176,2
77.4934921554822,18.449597344160345,36.350388261386485,1.1633722718117574,7.662378615846995,654.3725444052199,20.117968626726952,0
57.07764678175529,23.70447242884317,34.28874838219543,1.443103177580903,6.497919578527073,512.5900099238531,50.48645015390529,3
41.006531784206075,34.592342677916406,16.616638596264266,0.6169324682148909,6.828946380987437,351.98053557196,99.39912937078596,1
81.29844117368846,32.85044479586051,30.528132477270724,0.40523605099477117,9.36354005177337,447.3689089915241,68.47624007172885,3
82.95359260634083,23.5994271395817,20.88313877399374,0.8706840921043844,6.462500906917542,544.4714739472507,87.98547068093647,3
57.97858536841021,27.992521886128326,28.93795661668188,1.3280378677530826,9.106581693020354,264.0879590850674,4.008985589452668,3
34.54198363858725,32.404044674103396,38.92221106582416,0.9623690343261355,7.822126017830946,870.3266381898479,87.30403195827529,1
53.269565395015874,25.501663724751168,36.976550113806255,0.35613258022813593,5.993185865484991,665.8935093484849,70.07361022263767,3
78.2122595677562,18.305283683752567,25.112910077878293,1.4691266886335352,7.3692495126202715,271.7744869013872,17.904787964783353,2
84.10644171277372,19.26667785091688,22.287846458608833,1.2943798919551208,9.294194869443503,776.0035290299217,3.5424146859360612,3
42.20836454985575,26.676676262928012,20.860143610206475,0.4579128924618122,7.174262392549434,425.7884516623018,26.732731234439637,0
34.01841672151629,34.48046938648993,28.312871743913,1.4061573078042107,8.953546259157449,617.7596756992286,91.66156254028425,1
82.64102718797032,29.784562217720755,17.85621133145141,0.8408259463262262,6.525714778606831,393.9999891057013,67.14516093132836,0
53.364296338732515,19.20557525445568,28.731875203206215,0.7462775886899294,7.783688607201492,713.3841614402251,92.02744132404911,1
62.505657856053794,21.219134888461667,15.033340987269801,0.8532639966326259,8.875408232807896,706.1062825000715,45.168927466931684,0
88.08394872304554,31.11249343468645,23.09624076864612,1.3014863482451366,9.182753764678782,586.4304198106926,93.72608242828886,3
33.99388367485337,32.30447591925616,20.49835784576453,1.0913756139441428,7.443293468605203,368.6479147301046,46.83302172905556,0
68.89908044712573,28.500807965206043,39.28046974901955,0.371098142879673,8.058752408581716,377.5926652585018,21.22121771741511,0
34.446325354492025,28.955193883706883,33.181057989249474,1.449125245339405,5.511920523129324,468.00395768646007,15.987952954260285,3
52.52813570799002,18.48173665651754,23.74133451155594,0.4773409601739813,6.5128932300535585,301.5085171773997,99.38736949046938,1
78.22887271160681,32.08501441288564,17.321127163265512,1.1946815420824213,6.614848414987783,436.3589992336465,34.052403485982516,0
56.00833396533807,31.400678538904103,27.9200148672656,1.0633638365137572,5.873972046617723,679.0482208738188,16.84524950644118,3
89.83094123417703,22.4035974497569,20.33619703315106,0.5250336575358729,6.618780053427907,781.5916960415949,1.832434658184464,0
63.54355709679613,30.04750423941362,28.410738647458945,0.5048784913356595,6.784488132232557,432.80760334535296,29.271387086432618,0
49.269729158157205,21.65252830922497,35.884058854472315,1.3443931124456305,9.375064158272773,363.5131807780548,89.02249821665136,3
43.20667955428519,18.685612737875722,30.394813802534635,0.8036339081995165,8.174409522243351,782.849804834594,53.86692274705287,0
51.03123205716971,21.419321224036413,30.844710488625054,1.0854918170089662,7.2040203176653765,823.4928191701449,63.61107010097054,0
52.35199642557305,21.036690904823093,28.525757226570285,0.9048852046280078,9.452217842782037,487.015066318445,92.31671928516276,3
34.12282066343766,23.7417159444924,38.18164081578523,1.1728242204911514,6.112929280938445,218.8329076947437,51.771151892595896,3
52.174451965606394,25.113641451982787,38.29756711051508,0.8750908500471966,7.404204775721938,686.4731346259064,83.98970473940885,1
57.85431118435349,26.645161155461032,27.818080026838807,0.6448558983066821,8.088248828196198,748.8232653281906,33.05949452955901,0
73.36426513432828,26.104815883641578,22.64398717858761,0.7360600451957957,5.722322537936308,212.61697721510816,97.73308442128076,3
69.40376908329648,22.60146830140992,26.489675146986098,1.330893233340411,8.367995432332474,616.5215973390592,8.802573477732787,0
72.52593931374926,18.495901365759266,19.66394780489039,0.8616416315072724,5.89946941168796,611.8581307709226,72.7581230258132,3
30.501820912611425,28.28672757803156,30.908607882952232,0.5561391986935311,6.061129234398708,465.09553612353983,66.39606238926915,3
43.06004397483216,24.727662107405024,27.502308394555833,1.4215264656927038,6.138758049848336,724.8371280955864,19.975479079230876,3
69.70105730399139,23.077426675588345,17.582511945331998,1.2559205477980524,9.21555930662207,499.72532668005243,39.495555885807065,3
59.03936209078483,32.737997728118714,19.941194527990383,0.36679937526743894,8.232942180552671,673.7431662539548,31.970082560923636,0
30.318808540100758,30.694636232568715,26.990798904988168,1.4987315543766213,8.121710004412417,561.9821132446064,10.354793964917041,0
78.26967854590934,32.58201432233152,37.189724767971455,1.1339120357281227,7.721973985859968,373.92522329199073,58.894014272133276,0
76.36857439742025,26.41470751011184,29.159768015777438,0.4923199188487043,6.671223994780411,624.5506041070922,99.37331471095138,1
62.90514977961376,20.225831286155216,32.03837500521177,0.5846012175583157,7.983558818397405,715.8359463920891,56.39922596428554,0
33.987799546576326,29.83576441406163,23.475713743597744,1.1309345774898563,7.14059887955456,881.7339714059026,54.980730781056835,0
75.99090297195508,21.503254258931978,29.28528482610586,1.2357132663349464,6.081664600370459,466.0762627616894,4.991057028100283,3
65.02281526388184,25.500904374559184,26.184495565951686,0.5868431317797673,8.258389161310932,245.13078126644578,14.782802113005355,2
76.91759862947755,19.105013412131104,31.478247815579017,0.6083626246791249,6.018328671719691,891.5798548549462,51.808689821123835,3
75.10481954375042,32.0302428411907,16.26438915197526,0.668544833846473,6.262674324084693,636.6646615978755,98.53267785422307,3
78.18012431747023,20.14099089780751,27.33250540597398,1.017622037803964,8.770797247390423,862.5153207125385,87.78416581072403,1
61.08048398427749,33.35265761983827,22.399815628599175,0.5061794139615323,8.140468384500616,272.6789602077835,34.680703015943585,2
38.4194710916109,32.69192023844647,23.15462653194773,0.425091838661733,8.02396461685457,439.4236879093204,54.75742116858462,0
70.26944840278132,25.89790699546718,39.022935788951536,1.1146369069026163,7.172811137370896,293.755689210907,55.71752000315953,2
67.22842710311824,30.65425947316784,19.56737031778457,1.234917527751804,7.085122072957485,784.8571082074416,68.85070066345614,0
74.53519123194523,28.530566254908607,22.781131314464922,0.9011152852998066,8.261050436741606,816.2399190005212,69.09042208267472,0
40.19286036304412,31.652285919741665,27.747314393271793,0.7365992523220624,8.460022154436183,550.9181899125143,79.1894563502114,0
41.69851199401735,25.340686713360505,36.57567370374059,0.8184512562317716,7.540852809457242,330.6243523634213,3.4721314591285566,0
83.42457103315971,31.358744232153953,25.416752080159263,0.7660894006463422,9.377076977394104,288.983278327796,94.42433887310713,3
74.99866790712426,25.861765890107513,33.596632022204275,1.4519818898852104,9.322798235675489,611.7148770561447,7.936142552935412,3
84.49370932201938,33.996418393327495,36.409352455370055,1.2217078862629682,7.149717960051035,554.4634272097104,48.13985103621705,0
75.52291926983524,26.268325714027508,22.750408895546222,0.5497046578201323,8.782489017132615,686.3523716573673,92.03834835954522,1
65.82931835941811,25.864527622873403,24.818754588467748,0.7610269824647761,7.673071366393661,413.64508383399385,49.2792140938769,0
69.24796422167242,31.346221646579714,23.913905592208906,0.9528147496357318,7.5470235502286975,481.6575965170536,7.300046589078566,0
83.3476754364006,31.966820759934244,35.82139521544803,1.035583034476426,5.719856245514608,214.95275169581015,23.69476196138198,3
64.72840527071642,27.426314943459904,16.10867154884003,0.8618206752345206,7.795898841873241,627.1001315528703,58.28800878147385,0
67.94347945970324,21.056562829416283,22.710527220717,1.2721519620143509,9.102311722252658,496.2004649425345,9.698300171997937,3
39.38860296021603,25.951889926278852,31.985213939878246,1.221127223349878,8.620535396780369,843.8352436694136,42.94411517071235,0
58.43527320696616,34.457232549464536,29.136087489133565,0.9061895023538,8.645268578797047,649.2504083933634,33.58023335294909,0
72.98382671748594,30.800765281666145,25.907233982342355,1.3253152641380765,6.139716154305357,479.0861440147857,81.70555515459971,3
46.25656189898193,31.789764265945248,28.49870568053461,1.2013074365308631,6.933797788534255,384.5124266113453,11.903061895209472,0
42.13525083147209,18.558033479927083,19.939614645707955,1.234298218464772,6.432819666600944,833.6994598253472,68.59704656571984,3
48.82960849346493,25.953610864780718,25.76791554020026,1.4476809353201,6.763661129822544,211.38555188221028,41.252318016715,2
44.49003767957001,28.99255927217844,27.542574604408728,0.6197603294510432,7.818157373974902,428.83872707667456,59.18731736676053,0
42.894758222183754,32.11055562167727,37.52972804886504,0.6211777948402191,6.959135253480992,860.4539086516245,21.34764542013393,0
55.491050572085214,18.837652110907115,21.520879070099408,1.366742706828768,7.742791269857064,657.8231048871019,61.36066479140093,0
84.47031083301204,32.49146105591184,36.69571255412332,1.2266716480628153,7.254004993098308,572.9033498983094,67.72379501419516,0
60.4235788043231,27.3228159246125,31.106035020649546,1.4118546497227529,6.6464622337989105,342.47430254429923,7.952924901446705,0
41.275222848919384,21.35433749979302,15.508520776690025,0.37575619238934366,5.8816137368206345,783.362341978071,82.61008249071077,3
34.61830016285244,23.3933386796449,33.11578342248484,1.0533084927139158,9.06735382937913,342.9393438149433,86.26415717593589,3
71.76936870827552,22.792802379776532,15.888796938726378,0.4735540057481369,5.545493464018595,373.777472064875,7.291851512596676,3
52.967925866183265,27.02460358290409,39.93452817034533,0.9046766379510991,5.506609952567885,334.29580001029865,60.715561321631284,3
79.30985679512156,18.87865655848924,36.81591719227995,0.48689631822413304,8.807190959054184,310.7046223986654,59.80713820025047,0
69.5706461184462,20.6951146944987,22.43359368850114,0.4536942107818551,9.48724376130316,867.318747185162,2.2333827749758886,3
77.77448703248211,31.8157817373883,21.435280754917635,0.31460201445843977,8.408411310854625,621.422117298916,34.89229498163918,0
46.316762365106925,20.25426784269579,24.53602705264022,1.0562865748594852,5.561095352251539,646.4859924070659,96.92365248866102,3
71.54153534766348,21.96773658078816,23.904174132861076,0.7308271400281032,6.406760906674053,868.0278259751484,55.989624474605556,3
45.84371908162313,25.707300295270674,24.308445459634527,0.42622594185476603,9.387290801047845,361.40253858789384,93.387968471409,3
86.3441087670175,26.791055097926616,22.956913652987012,0.6874053332775718,8.734417008695338,204.14227701838445,67.88881895186101,2
68.18245689200246,30.981378153440694,30.528335171208283,0.502732909741902,7.767199375218844,619.2185546992039,3.810661304104366,0
49.470708010520525,25.604651253325194,19.1065915930156,1.4300337978019912,6.447442837761436,555.4913972569111,8.693606606790812,3
46.17071173753636,31.42769855760416,36.149532311150324,0.6840058629136176,5.557480823706996,534.3552641788058,72.49571658137486,3
41.45559510429861,28.511887219772778,35.310062100782886,0.7007442279472678,5.583445890549636,243.3161478723394,55.90221124653292,3
71.67845753362366,19.922695570204983,26.91208019638176,1.3078296040795028,7.9479234541209065,518.1044066023492,13.588014795387695,0
43.12293677987564,20.657634452678256,36.31824913196369,1.077306913543205,5.587327505409693,401.29169556348927,61.79220515700801,3
65.71819595564935,25.429573332646104,21.17862675075733,1.1522059288836015,9.474520567701491,392.19527405701916,81.21844869625141,3
45.878101615521445,24.747119682513674,15.439136392599174,1.0632021647867527,6.233535333974952,355.66710612536497,75.5452605831286,3
69.71813668763212,30.640252583834005,30.480198125745574,1.4354355407382784,8.34282944747711,432.76985182819953,25.370083543174633,0
78.89638371243235,27.87253137655498,26.447735174117884,0.5484009978696542,6.120238885649654,447.19315260038866,26.56130169894835,3
76.68151458867919,24.59826237703824,29.179113657396766,1.4868470901069548,7.6603736843908585,416.14304345339826,96.81594270510925,1
75.6510798558469,20.902924818656555,37.48348522546007,1.2971474130678158,5.82244515386487,885.1269010036563,88.8530754131189,3
41.263344341535124,21.856230739533416,39.24813933914859,1.0067671066516106,8.567113698132973,852.911759856641,32.515394128656325,0
35.30309681907112,27.783517313974002,30.861328493890078,1.0948459492754987,7.839684378899319,602.1570696674036,82.58139447723183,1
71.93692970924315,25.19845968329647,34.10138974631096,1.0785910518007369,5.84466677360566,886.7383868872168,17.012114443521998,3
52.10083282766108,26.753767650631424,17.095210837179106,0.37007546887098464,8.894344756800022,893.8386072234331,20.487269031329877,0
55.94077358420084,20.90151640013797,19.01788962228764,0.5616197982383263,7.688074459106808,449.15779701211176,18.938409330689186,0
31.868945567603465,29.26940628985762,33.330120123824415,1.453765061429699,9.186369240053272,511.63128201782115,9.684356726338,3
45.574586956502955,32.49315859455144,25.784136409700046,0.9412373146312552,9.166493494712451,871.3432438892659,85.61313349997418,3
32.02058423246784,22.38497161537731,26.149131760110144,0.7540243239142944,9.18203115794633,626.0383395090805,58.30188292225296,3
82.75114635607486,26.355741839141054,22.715192040885917,1.21444615606689,5.811140800801872,349.0503579860908,26.63665315689992,3
44.60380099311183,34.58396459335533,30.183909586943592,0.9294227311869714,5.983831047018094,682.5664678355503,85.01684824003182,3
63.44023017438048,23.66510958936237,19.629126135405066,0.3157953257182771,9.450823238864793,344.02232743226125,80.4620291798892,3
32.33875923966782,28.11578786370394,30.67290698284739,1.1834851160581414,7.450403285594824,437.5504205702921,10.994200294647804,0
70.01084347833948,19.533326903404156,19.344971428380994,1.1786610720634336,6.452856211316591,359.29211416674605,64.76979799976222,3
49.38164074524563,28.302255042150534,16.59565086774284,0.4981784545319693,8.578657953994632,371.48615115368955,72.46152655105129,0
83.87515121745994,19.523740146178504,23.258942217476523,1.447992106109056,6.557140884849928,203.25890709674758,71.86690636161043,2
83.28709133604215,34.30700240050497,20.778508550246194,0.5686897578493372,8.408862752074569,816.4961825396163,72.59112807753982,0
49.51743710170487,30.16626508522929,37.224790963908305,0.8492992408586391,8.849143111399044,407.1933466930557,17.776320779254696,0
84.05765374142808,31.39871639830701,16.373836346715663,0.4376831535130976,8.637053509181122,260.4620656659561,32.193558972608166,2
89.76946040992672,29.969774133117827,19.415342314353072,1.023938783340706,6.596191232791742,260.89118397676197,84.57367234194177,2
79.52493984743688,28.02539361329992,28.717990139576237,0.750541344068655,7.106474296316948,589.2127935226665,89.94078327252741,1
80.69228086531373,25.64851727845359,27.026679771186842,0.7238081546516466,7.153004012933105,895.044385373756,28.63969976992216,0
44.940524166545394,32.59234745593806,16.146300459367538,1.2923722526651367,7.465091672417888,301.51572708913415,3.2789321015974915,0
64.60214393146538,34.266206348232075,15.181310700378612,0.3114740554205739,6.169491406160544,269.73524666476163,86.1169277694447,3
34.03535483804207,26.48361493936938,39.70169854902875,1.257536125070907,7.30988020165737,506.81271628146345,38.33209194468318,0
35.69507620930018,33.836095835639455,31.470867508970954,0.9857382788976943,7.543131962061919,594.3318776885568,33.616892040033704,0
89.93355672199743,27.9166594698048,24.135153272538922,1.4833182161762388,7.62683598632421,406.0662512145583,35.352968289173944,0
49.598354965554655,27.152531177239364,26.760806191581032,1.0073318647250988,8.779601719937833,411.7654647597065,42.15394597279651,0
74.89103472293078,25.726206460241063,21.663753011357173,0.3664549609775495,7.569337993917981,497.13355129426463,38.44839554383719,0
78.39990318160899,21.557891946012038,23.621844592330245,0.36077439173247156,6.423135690054701,419.90193060542424,57.07665901422248,3
81.48139626043375,18.063234233907007,31.226111681705348,1.3597835836461982,8.152514952976748,840.7321084979617,8.815087571320827,0
89.85769784412939,22.10560585655304,37.07029497168427,1.3094569746132638,8.689256576346502,229.36819990344028,97.182479236543,2
44.48978911541207,26.665293917260605,19.60325057702962,0.7150680906984279,6.777486665753047,364.19911190919225,93.70865241274396,1
32.421049611581985,24.459319188415794,36.00903763463297,1.0416389810173645,8.08122371607042,765.9869573591949,93.50625801493442,1
54.67149107967516,25.624248876044774,18.038915737956728,0.8875096284667203,6.087751983784051,783.7706872654697,88.04848478410943,3
37.804840189736815,34.671019732588846,20.37480558970978,1.4605968661632627,6.867705218312256,278.0885552749408,66.37230391599124,2
31.345553349723307,23.954630301378568,15.92938220124115,1.4399530810522698,9.136895718198536,881.6344150089017,22.889747712094806,3
51.625609628489165,25.687109969121835,18.520296552324986,1.4806068102489294,9.145232652650282,685.3483949293762,5.898865227490857,3
77.02429506451418,20.269764372997933,37.932578636601264,1.339738536761117,7.801298314972255,390.8151391885169,10.832785413394895,0
63.97084147350425,18.81528145142879,26.485968665459467,1.3914619089301214,8.309405843460427,519.2265053701182,33.07525754609495,0
48.76667935262124,31.18196174807241,16.941646544458838,0.5607345345205637,8.916061660823765,407.997033697577,50.88441952408276,0
69.26052032956318,27.701613976223637,38.99317095097403,1.2972081467877294,9.334212741250507,305.0155748980936,99.3320540472946,3
43.92109081852864,30.931981702746214,36.974807693966255,1.1506285358451296,7.459545761159077,403.8246453242406,44.10890568766532,0
30.8628867643251,20.547667581071376,33.86706302170353,1.4553438105936842,7.746302946504137,606.0643562427329,52.939962958646305,0
75.86120318618563,27.721089110105744,38.33681979868895,0.9855141941311432,7.1625662665913215,778.1787863848281,69.82056747161998,0
67.42458509184056,22.311922063803383,20.503235520894105,0.4022006000526676,5.787927748225715,454.470352422704,18.892663074331832,3
75.7381574700576,21.87705088730034,35.90923232525216,1.0168786694245835,7.191213889795273,443.5310783834892,93.34987315466331,1
32.336281001259934,18.19594223890075,32.249779908857654,1.1238971136255453,8.662509357532308,527.6004907569259,53.374425978430686,0
80.22717766983914,20.215792300674224,36.74398123919221,0.564385234454914,8.719541991966114,651.1889199750424,28.34937821457509,0
67.17157200217821,23.25755789549482,34.922789143565744,0.7729360602152741,9.0695084583732,726.1313837026165,93.57578964754521,3
63.80372104275841,19.986938930045962,23.662376579420624,1.0182040968620159,5.705866820703877,428.75965335963167,62.91961123733606,3
67.47684288687189,34.759593486985935,34.35996342543139,0.7489268847798066,7.608618358322536,610.4467274775973,48.885283393671834,0
81.86599481210185,23.24675502490716,21.561407574622258,0.7499372606863968,5.929697951748305,472.5525888966177,58.43543508611664,3
65.21619039353442,20.21550709393958,23.214804075701373,0.45970396700735683,6.302968732662974,701.4798952543701,75.08191967161744,3
64.85702279329075,21.384399318075282,17.697642930574403,1.4288960676931992,9.100866009522425,315.27244436191455,16.29926236560238,3
89.44074942394595,27.990954881805102,38.37691539951172,1.2005932613941157,7.487165033718783,379.8474055359072,86.6182126396193,1
75.40381002411408,19.088739905701406,22.275084085007038,0.3014921266393224,8.534179683586455,498.24229388992484,95.99117421952307,1
56.53762832706812,32.66138021239966,28.015561629286296,1.2187359408265983,5.757536423714724,822.5903529449574,57.132965523257376,3
72.44382000197567,34.34549454703151,24.78332091165482,1.1877539911894304,7.167306015699408,601.3280525454832,68.5448138329622,0
53.353828301507306,22.194706151345475,38.99820301458754,0.31167715218662756,8.19696112265735,875.7772832869881,86.12351460377783,1
43.73252774900994,25.65161956604461,23.37622927346206,0.7435251571365175,6.033625925112853,272.2943796967587,38.10625251023355,3
65.81111261326556,18.37628566750145,34.463645535567224,1.0280972283906367,6.803271516422733,522.1227895556544,99.29034769335743,1
85.69092588683708,28.892073820362768,36.3854038657795,0.843300782229643,5.758191220095533,493.35497103176897,68.36963556138286,3
85.74837120092776,25.036742986894012,25.89016243702415,1.2335833424646088,8.105359763478042,620.1443234841779,42.97587113744023,0
50.51431668632942,22.590993923726447,24.454295361323283,0.8105499991613208,9.383565036232474,768.3752260953048,68.05645952516109,3
61.6606479733017,21.516230880482343,33.693645523315695,0.48463556334460445,8.808181964571318,789.0136179081421,52.646323218830204,0
42.69815391419167,29.11839232019893,37.82239950765585,1.4716987491285942,9.398492467230263,669.1362260938558,12.052515582298152,3
89.737866569933,25.075689527549343,33.87329332680596,0.5904479913312559,8.882419180393587,649.0754549718874,79.79066517216253,0
88.86707447207614,21.054207913508506,20.67815913979664,1.1612307726495987,8.920783224787915,864.3206794313652,56.87318244504028,0
68.97053578244683,29.71485438527601,37.20769368594263,0.4717875739968863,7.80870878148537,468.5811811468972,79.78871022951498,0
78.2648435806484,27.606228811623794,24.68954168592083,0.6948151365407191,7.573009245652839,782.9483199319418,16.336282096379115,0
72.906009677022,32.597424933801435,29.405735294448355,0.8304331301165084,7.12501706571131,845.0526089646058,54.29735852327679,0
65.5894931423681,19.99709028090038,35.785890482317775,0.5306784054324767,8.77237958018352,544.0774709856378,76.89580294907837,0
33.20087981933386,31.356332233055753,19.709869185012305,0.8399514916423314,6.228270449112099,710.3718050223101,98.84215219148903,3
57.285860553159665,29.449785375893406,34.612753391938824,0.4885953875901,5.724899663296773,463.91389966963425,88.55533036214061,3
70.48717813004464,19.955185926077665,29.904069947766935,0.9708078467830681,9.2915752907387,311.21530993678283,86.5706130790033,3
70.65189683302108,29.811952407819252,37.333541045690204,1.0964559030242327,5.515112740813908,610.5527170306977,25.4985536764934,3
52.387357105343014,25.506303910957115,19.299260046088573,0.3749211408336129,9.407317287503407,337.53015559467235,83.9604755691957,3
86.50151919948183,34.06474135444933,25.51705592602321,1.3453585452986017,8.415413479495063,520.3193915627083,17.758846476753344,0
40.04142193420686,20.40739296050429,35.82107732167094,0.5221690620504427,6.8139956787913105,811.0155193298333,20.61265879029492,0
60.02156677293364,28.928167643867546,15.480792586419005,0.5704349103843885,8.29127937234524,260.2127312945764,11.90155763060373,2
71.45303859304937,24.49366077287008,17.80503416914107,1.0936198080996755,8.77150062874051,221.29997496525476,85.90205654066493,2
71.82814835350855,34.26584940004492,39.76413031891837,0.8625012725212968,6.481448223945744,624.5344931673213,11.717195148680549,3
68.91833740612893,23.6095732199347,22.009854464758764,0.8992747190052788,8.583582733118327,431.7429286164265,14.673036494755994,0
46.51729280711161,34.35716046136061,39.38857984309884,0.4537859814757592,8.71747850003296,492.55639484814066,25.342827858156195,0
39.37239412119732,33.32525946871273,19.563288775216847,1.26688298625169,6.497418520501382,483.99741206083206,57.69357850294346,3
68.15641960960265,22.59651500028116,24.027361075183393,1.040465095325052,5.667705417511934,260.6341603066945,88.1378383447399,3
65.95812696836626,31.66021020604927,33.821736112589264,0.4624584519713472,6.316489138232391,202.4965028757162,42.40458737030124,3
40.761360617354455,34.925271430659606,31.44446018095446,0.7487992404307151,6.302585635557578,828.896270004985,55.082308969986734,3
72.3083487342338,22.2952710369118,29.52805999822639,1.272491919282036,5.760961816701933,352.4589926326225,17.482450595768046,3
57.31031950401939,25.425211878496434,28.24747939512519,0.9820260551839448,8.404029538620783,498.2552943050018,27.32863973388137,0
70.06563549618917,26.843072521634916,36.0860110916185,0.43037853495951656,7.019899697833633,880.348057669755,14.258650486091717,0
80.24202478620904,23.01382930866569,20.87371407083482,0.7473324549471441,9.037544669815434,778.7338073885566,41.58196564184188,3
40.183705714615385,18.259502273982505,26.06177317483796,0.5912332781468814,6.508684422660744,275.55159868389154,59.44323020914104,2
31.1486920798102,21.742197151357953,18.886307303911433,0.9209586643844716,7.3129286603997095,555.96332212881,29.11793347331196,0
76.7461551837472,22.792927033809896,29.89853989326761,1.3120333546463874,8.056069715707052,711.0553185465112,84.75358970190447,1
66.58184550915695,25.541194922409183,21.263610606783004,0.8235205617653036,9.009859798687112,688.8749494994487,98.1425967496568,3
71.97837417732731,20.908742133027832,23.346051608584645,0.8200104364419876,7.5984844064775,732.5892966831292,12.89533037914352,0
80.28929849931856,32.84532406375843,26.781267915588202,1.3864210827924444,6.994098511249531,520.2182584216247,2.7681455455170902,0
78.16865608947003,29.983489256432712,15.669264642578197,0.9914224950087269,8.968060313888035,323.1460505311975,79.1879138320836,0
87.65520881572948,19.448408118514255,17.29844839802094,0.9794293048768883,6.740985698750443,525.4107107435609,19.873625102531143,0
62.156104731127094,29.051571669378834,32.148230517705485,0.6142918702504672,5.817694798530306,653.5210744213043,35.96151267342504,3
59.30973795959432,29.112160098895547,25.72424951793768,1.0292672974045516,7.28016843004096,626.0144606236175,40.02889060930522,0
54.113231993443804,34.25575995194167,36.619755549997386,0.9910925609008756,8.640373225991969,249.3654376520252,91.7433395011935,2
39.22146257065227,18.05135481305474,32.36680009110499,0.7762217644102367,5.623123327014092,245.46670385753424,66.22498336085003,3
64.35643397292134,22.214851646698722,15.20252354118306,1.4888346790790166,7.843528979958368,875.6804818086483,5.020339539986183,0
46.620751459558726,33.77245514938036,30.417808269178373,1.358269157937704,7.877856194108944,306.2638185278397,2.4662138307013053,0
85.27845073277854,33.846276561770814,17.34312165149291,1.1995035480921785,9.214167053709527,406.12372480820534,20.757241655497737,3
64.99144825662586,30.249969129300837,34.52332949476236,0.9448147060956005,6.645859268580088,737.3441375093158,32.49902214639843,0
65.57041083048661,31.01797645780818,39.78769220696255,0.8544717622735563,6.615346452842784,486.7739530762224,48.967859574573296,0
51.2954796526206,19.555210284804,28.279969856037788,0.5218768742678392,7.261934605358713,327.0253972820229,83.9461018185767,1
33.11936111866245,26.735889191229973,32.06948750485326,0.6668849688175484,6.927659605886061,527.062667616847,32.16695784744119,0
31.904625922379317,21.93691085191299,20.932854022368787,1.2287529597878522,8.445383450757307,598.2649795343561,38.27718470789387,0
55.40010864919185,21.08070674143149,25.939943593844838,0.8444987447250616,8.067008308526198,516.936626494653,33.60445507095611,0
35.07392268583427,31.775156085096654,36.402383305909595,1.3587234198834017,8.535684151625066,843.2622528304763,1.8875682672576557,0
66.41081733240836,20.295648323569306,19.18557369365628,0.4774933636146345,8.780167164794756,399.289506569653,95.56495237269385,1
82.85838033837945,25.96707782893855,21.63839014034405,0.9100165152163637,9.191924530936591,662.9325124897696,14.760592529510905,3
82.97488899112332,33.95583007296256,26.135841882150753,1.0763588208255703,7.22374692713859,278.6063049869284,29.479080342121453,2
69.54272460793393,21.159144944610823,32.806222296100344,0.920218147569511,9.438789557886198,474.5998203648186,13.801026907547739,3
42.67390988837586,34.62588820354999,24.397098869891845,1.3670722699019846,6.3626432536146105,718.6952761094816,49.56377245951554,3
81.77980988153232,34.902895757938005,38.193306994575096,1.4874759381949678,8.357460647789313,357.3718584126258,93.28444537930741,1
83.16560611879248,27.445491629600852,17.36142628171798,0.43900159000964367,7.636037269228757,612.8397319580888,10.969371044923141,0
41.79921509717752,20.892426583011684,24.270104938621188,0.4559458848923052,8.767602378739534,307.40592044634224,44.648795435261114,0
74.24556514624064,23.373783094995225,32.723853085710545,0.4563889362721453,7.407082082425704,271.89118395295975,3.215109731386266,2
47.19117293562738,25.216378155501097,20.64966914153731,1.117412515284633,8.635754541449725,566.2629242475299,77.31892391722867,0
78.15841874117578,23.25851181408979,31.410328355741825,0.7472113145950054,9.220674858590712,672.5076972602201,64.48138821188807,3
89.83427399421616,22.770804857900767,19.105423955683648,1.1799775935190873,8.42917706456035,279.3569463641384,70.27016770700787,2
31.801560319763567,34.52790505667808,16.39950712154216,0.7865657674643745,8.604377144873297,842.4433766610406,47.76129972867754,0
83.84195194745593,20.607202066067675,18.02539291871622,1.0531280655984763,5.7687017250634245,358.0405838882268,90.85566992608418,3
67.35783201591948,30.46657444818666,38.24961957835337,1.2238296068146721,6.3198306489291225,283.98271571151,41.546187636388346,3
88.40295714988926,18.00697492046597,28.793772073488782,0.9578590927859048,9.397214962014374,341.88923584514737,51.89442240392062,3
57.90057105158566,28.135105379840407,34.90864438699123,0.9474043085400072,8.272748015149578,318.70071957228936,69.8336330047923,0
80.84327583428242,33.57103106721889,23.316362522626278,0.4058811903427613,7.745796069244019,263.4722554290643,52.535503468450536,2
33.743644115896636,22.894879599584723,29.816466197136165,0.7929380914913218,6.9679054935858,758.4874643450952,19.744229143716467,0
50.11674300469774,21.153941579381225,27.37380334262479,0.954932583869925,5.677556004827672,546.8764423208777,32.38999118644629,3
34.0209922650726,29.07855651293326,38.64344898505735,0.8543769907996919,6.97654363185654,471.96360826507794,10.137152345741722,0
88.52058800874423,30.114223924072682,33.68936590135276,1.3809384002261105,7.495651493158304,865.4395488888932,43.82873622451248,0
79.0184344363102,29.696518822183684,33.26356578741448,1.3878367585433873,6.345838037547547,459.7058709453535,61.32981721554648,3
81.15284527475822,23.42838696036336,16.15883173585699,1.286300856706514,6.1925471650953305,316.8809082330326,12.734464482644924,3
86.27791388603364,22.287440836708626,28.741741725092275,0.750357690447744,7.533666205430068,391.83002434861737,63.42812502554277,0
35.10620916718712,34.25061959935475,26.67478634754537,1.1607589820250412,7.843616942510176,367.27657351201753,89.39434183545882,1
53.1358555508,33.696091640588804,38.19605666515486,0.7743461532835317,6.459671675418099,549.1188956943133,34.43464956556644,3
34.26209334264013,25.774382368177946,21.433549704738304,0.5791123187709108,7.849557897824852,404.05358676820174,22.981276525663162,0
42.64758609300172,32.38529572462435,21.745836332277356,0.711483172261058,9.10135985549718,561.2428205304533,89.40760032034841,3
43.76194662226034,25.689499119783033,25.28365622203751,0.38515755994264256,7.392693032085415,668.5053974627522,69.50257835385732,0
58.14643266285472,25.214613307232675,21.0842428351594,0.6981330108055765,8.929560678348725,744.1091499992805,11.434091937598831,0
46.11373004721855,20.66497010918801,18.229597945218735,0.8528906607134059,9.209085778133273,697.1104468870616,41.403083254111515,3
36.058686409065665,25.248902960363537,36.435371166270016,1.446577073736996,5.869576115748343,343.91350151945267,67.73487037570032,3
40.04946534564646,27.136087956196718,28.956913110097894,0.6760927034635499,5.883246318627188,281.12980346992765,57.86400362257002,3
38.836533813125456,18.382573566287668,36.53406797391417,1.3829442470466247,7.404176731550406,579.7151113708757,62.23616481563743,0
88.3846078747379,25.549921087981907,35.7783691350924,0.5746299309881964,7.852409777270811,339.2382538457016,57.146382223418684,0
75.55755041510841,31.283055712718404,22.051058869741777,0.5291626773110993,7.203533857860117,259.4536052400593,80.00807516518414,2
88.06568791617372,29.560782958362587,28.693436108106848,0.9227945477185979,6.805803081670012,568.966040085592,32.722268722900886,0
56.38442919047451,28.797668810686893,17.080442568501763,1.107013643156887,8.063976464504623,428.7559295754568,71.13777244203693,0
46.702108899759395,33.462442283432445,37.88129710076896,0.3531987009627377,5.508326049399681,729.3043083569527,99.11686480693415,3
77.8975918325512,18.30654416702891,25.10656787662883,0.56527903805666,9.37229312345497,419.9341413838926,39.605926920336856,3
49.57523508246881,27.46980896526798,24.841904597225536,0.8468203998015797,6.428316352752089,885.1019959390696,79.31378314092451,3
47.9630024223209,31.38493042296502,22.56888426544883,0.6972052031798177,9.168395074332029,730.9662338824957,25.364814476480934,3
43.950359532469875,27.202701505921542,26.516593617767597,1.1551452952179861,5.936058978138024,240.38525504220348,28.907774516120885,3
37.78073869345412,23.506224393866447,21.293984663636202,0.9133927152495802,6.45234872817829,556.2109182493933,93.55152354417076,3
45.387783661005955,20.316259606563623,24.371306819920115,0.49243092672468025,6.4394948043500015,593.8343508498772,3.56789726862019,3
51.31918490843326,33.08857222087525,34.99867621462205,1.3733584551781086,9.484611616802585,686.7118974771183,22.525307141222097,3
70.43965248874383,26.00296067058925,35.85638758962929,0.6514868105800314,5.518402182903538,548.4577579236308,48.809149083388306,3
33.753890533167095,32.927958348756924,22.604561940712905,1.1773573307573082,8.058552837213984,538.4105188902013,40.78291454871446,0
42.630416379920575,27.959486081363863,26.725360763819697,1.2358989349264917,8.978746324243412,457.55702817432893,63.287803392268096,0
78.54141841750058,29.46126598245501,36.84549440700131,1.4557892403073225,8.189094616098947,390.0229687294216,20.07948298567781,0
38.81531541502625,31.67243962443365,16.316833295742427,0.8982089598289216,6.950935272867777,862.3401483837141,7.984153432484603,0
50.55870879135129,29.205644258202284,37.228624049894634,1.0390026185573185,9.33323745081174,422.31766874406037,37.56400638267095,3
81.87953531148841,24.76693229154194,20.479608641308293,0.7018515521754405,9.074083018356164,244.39492720623147,52.91116897227391,3
39.29551866860656,26.731767526787067,31.963481105359396,1.1138151520944797,7.2358196809980715,317.09931750538857,56.638181871406225,0
34.96421013709139,31.65177391948996,29.563792409615004,0.8560601830395835,7.793313970444654,800.0936452289028,60.54785883070421,0
59.07227970480065,24.35205503834073,28.823518704731303,0.8251828376693067,9.370076751220964,610.6434213863688,55.31753758039394,3
48.14517067671218,24.59806476506445,36.48400561882053,1.3265610349393266,9.43024144770588,745.146384563946,25.329445126147576,3
63.80450186903125,19.62673197298602,17.539303591116532,0.36020261219842636,7.299293102871809,766.147082297786,76.69042386093118,0
78.22829342900852,33.54793539876971,23.6757006331409,1.3583549133982422,8.889400112572353,776.2655074477512,9.690245912200458,0
38.22890928916459,19.54761735407251,28.45631865861914,1.3224838053942682,6.707920907815746,585.4295954212262,20.637034075666115,0
64.84194507325711,29.01955601662545,35.28222134865099,0.907639504274147,6.987251491722659,323.9844169893734,74.1984228928923,0
60.330525623391836,25.02430613964756,20.411077085291787,0.8882434250467539,6.159287531960905,303.7629265652992,28.69288727641992,3
38.64472716079197,24.89552963434252,35.073246034356906,0.7341688416425882,6.336738371106922,601.7890942625787,49.85387071933111,3
67.43990913173894,29.552381221735626,24.990962062348395,1.4930085500180812,8.127493209037436,456.5600475799735,33.39257634470033,0
46.4184250716463,19.14059345470794,19.722846410842386,0.43340319930460947,7.543126472028323,590.6337688720371,51.19113994998431,0
59.27005911264075,28.092998310174387,33.974661011087065,1.0082582827543283,6.424527442502411,548.9344909665053,35.31892419478914,3
34.93633945662371,31.12454036153003,17.272472536863695,1.1180179081349004,7.11163846544661,621.5386557882839,99.42659100069899,1
57.57504343281738,32.0796168840721,27.869184351886073,1.4211960098603333,6.992733839454727,222.47825351559572,36.39028134645652,2
48.38780808256922,20.89901661969418,16.59689459654721,1.2362441962281137,9.449440818141337,222.98567644108635,63.07789232236689,3
79.34287267112126,33.25612385132895,23.91044637894469,1.0726166433738562,8.914263348845518,705.1166195939561,88.94597854743687,1
33.4187236198421,29.15448356140652,30.026919975159817,0.4401747801745472,7.0518653335352965,335.18907067590385,64.15556444211029,0
55.1164364950998,32.99153161395161,28.902888537180328,0.7484802201977608,9.155666315584131,656.5389235344394,57.01986825585125,3
57.50588544788628,26.249772190873372,25.116385447616665,0.4666099710575823,6.870541566512685,582.6031375540181,57.35371602086462,0
73.50036457794712,27.214566866652433,25.726199849302894,1.3574552789586165,8.171606050939438,887.2561299832364,50.149610381415165,0
64.45725450541266,33.62365070948741,20.669238833769164,1.1995453866763715,9.366599986728449,784.7841152181436,80.95045973904105,3
70.03274023165086,33.29846223702942,26.39706471060257,1.209044144156675,7.061115455954209,489.1941649319446,5.991983757776814,0
76.62295713910537,25.618734847273032,38.83137139302086,1.0827078213282528,8.219539860419735,631.4889740652155,88.62786088500344,1
81.73217841949133,22.66501473780659,36.26132294459476,0.9084522443240515,6.683695244250533,282.1026200578304,59.04292980431863,2
48.83252980334823,24.68389738759249,18.630821726908597,0.4799652713561966,6.565249262391898,470.4702300736667,85.03844890431908,1
62.28136232183418,24.591993585005746,15.744519683023023,0.6956338640460621,7.796626665726208,713.721418762912,2.0288775518766458,0
80.40648470635199,22.876736874707497,38.33810781791577,0.4642989509722687,9.417058392132873,635.8701088900575,87.05836399220014,3
89.36706785790338,22.56585327366043,28.16874374701869,1.1698957714228118,7.31253539488068,539.1299270641505,12.89361439815342,0
83.37115866262579,32.63806992015523,28.445945578732694,0.492274531226406,9.250547881266323,323.5703728368684,72.40058263284752,3
52.28803575746261,19.187652651639247,34.517949892663054,1.1425362602060225,9.157454080979047,762.2021483102812,42.23561789589653,3
41.709991033119024,29.5193900956931,22.867224346783164,1.1307064675150855,6.515050449379979,391.2166230881038,68.42616671869452,0
59.36355224439532,20.93794087475969,27.047689220900054,0.8511653747895467,7.107277628337309,774.3353571633367,63.190784030059056,0
74.49848711016253,23.856600187699076,39.21657282866844,0.46227438494166273,8.073209913976733,628.1263439564955,17.17625815965694,0
59.554144245197854,19.046231580292226,31.80371717331018,0.677760991360844,7.572183537645566,460.9119995641512,51.94676268030763,0
58.99085179882011,22.589551826542856,18.84362579989465,0.6841117308906617,5.883834119452697,228.42365537199404,28.445816846259532,3
80.29382526490804,31.063158208993116,18.330668699608832,1.140462159771952,9.474792120508633,362.6931910410638,56.48324744195323,3
51.68422674403118,33.0452605173034,20.106618958325136,0.4364916232964692,8.51061600484512,822.3496478417147,74.06232502223156,0
81.58768048869874,21.76596158234024,34.16779186051794,1.2948823754593088,7.2507761528988475,772.5820407270022,9.044583043601953,0
54.40828805710341,25.88031326740167,22.384425096015402,1.2132087482230967,7.972674198665166,602.3973190538686,52.06047992957151,0
49.69398634070036,25.995508814932506,15.534721166876995,0.5235683018091287,5.85029126906492,526.4257247734888,62.14535225546359,3
57.23939467198194,32.85078019791548,38.60435908764155,1.1629972581346673,7.48120661475844,652.9998755310764,30.24137790612417,0
75.7468175204921,30.96758389888869,19.242835409872768,1.102215817761386,9.22332966326995,526.3736894903111,95.3473447968047,3
37.56012167183965,26.722312712256848,15.238954653701715,1.1977449601331116,9.086403832219913,651.0133885033982,52.50997972517612,3
41.78515295232104,29.402702408020147,20.928290059583077,0.5267142665384333,6.849523381932583,415.1828697621105,19.06919189474734,0
87.08668953978551,32.405035916459234,20.87571967795334,0.48910838658776234,7.625471455285355,786.9480525380326,11.671037918129118,0
40.52949764288144,18.162162218434265,25.550131271143076,0.583780783107305,8.289534096350588,691.3425254256867,54.62429536737119,0
64.06363907586328,24.849130527850825,38.00974578750092,0.7390460437787707,6.860037067631621,430.9829398993843,38.148599731565966,0
64.75886799971627,33.42313384371034,36.97962294447745,1.2523979772429614,5.7595168723757535,781.4662803764088,20.062162679070077,3
59.37746772301469,30.585321524347172,26.4223638745607,1.18550872497462,7.521766626871219,541.1397715972253,4.039150191791684,0
68.68471491460912,27.228303363679267,25.272497624795164,1.4105419107342398,7.906542943293346,322.247205316223,57.09340792375012,0
43.789603547857105,27.003956959597268,28.87522716187128,0.37035547091833854,5.523366400486041,254.39872340246865,60.26142344653253,3
63.15973606660489,23.912091659275443,21.086350299294143,0.3138675372170227,5.882301494154122,689.7240233460543,15.03845751696538,3
52.33039531481383,26.848849071905747,16.304624799159072,1.138966595640959,6.329162574376609,805.5845629456074,60.572066927260124,3
69.70003557775135,29.141514390878704,38.48060340428017,0.6351449949529988,6.892209147963737,765.2093920161806,95.24530271605225,1
38.47341260238897,25.112171653289483,19.66747462192932,0.7008946746405811,7.6642048913223215,658.9557211555064,97.8512653889842,1
64.25264501036858,30.140603488666958,19.96001823114291,0.9561624310974146,6.675371675038662,298.96253892333766,88.96080071914349,2
41.11622132299942,32.64094786342656,26.81150822134869,0.4228957477521582,6.6047352576260145,265.8308531836575,80.90077950273832,2
46.71858378690219,20.62964241914264,27.290333621008266,1.0712332998576597,8.977397375252327,441.52073610820776,21.727415834619794,0
43.12258801941499,25.676299387896215,15.460855242518548,0.6901769354773802,6.080202563205705,798.4376232791382,16.487083067097082,3
40.970266792129024,24.93634155184638,18.698868469349268,1.0592581491611899,7.481840532689441,873.2153892146649,45.049812626250095,0
79.54265709364002,29.68690166884538,24.453870464018543,1.3008082956880629,9.311298867744544,368.9525983929499,62.34354338053669,3
47.14245405965342,22.247746909384798,32.09326733776348,0.5053336000049156,8.000052996464184,733.466969407204,85.21718971682942,1
85.62742691186696,28.884265554188694,20.710461420798396,1.4170477114974243,8.368821919577755,601.708451835044,23.964341072543352,0
88.19559152071145,32.917317109435295,25.575361156044067,0.9368257692749324,7.2249479655624285,222.26515695455993,48.485142151512925,2
64.27562819622584,25.108237196491586,28.93362661791167,1.407513318208762,5.579728668478879,580.0414449530579,65.09658395372774,3
38.580067359943584,33.48726689964674,37.214812365582304,0.5492760986421337,8.084521473468822,764.1582820925487,45.1137915989075,0
52.47289460277487,34.88378356186914,23.151762558178085,1.025475197525085,8.027697125712496,393.28594834081855,45.96517403084914,0
77.86393580089285,19.803564849115187,18.33895664658709,0.7846645407883257,5.941710545853333,828.1531367793226,23.286598941799628,3
52.04344372182423,21.961904195742598,27.231805647440204,1.229066629387216,7.348638854498526,365.3822848122458,98.67942958619652,1
35.221033098167325,34.15645577519558,33.66804004210155,1.0270907318559557,9.161315778662601,253.531192850838,48.044135057336895,3
63.407094655691274,34.291570670183575,17.746493926318337,0.8934185483499821,6.3203393278879005,311.9575166076948,53.7414525951437,3
80.70725108976208,19.661023681574896,25.61708729242401,1.3955824877172105,7.344395018536441,785.9020081046428,22.637369837396076,0
77.75558322861013,18.254974506411322,15.444628531562085,0.7525404770060162,7.344412740802081,492.1141433276698,51.899535114850046,0
40.507388407821196,20.738700395359178,15.838979541181278,0.5639762458778177,8.743045872590553,757.8618945351603,26.279606294896368,0
70.365876864748,34.93221731749822,27.07383408041664,1.02972142422251,8.798303481317777,571.8631426927166,21.03128888696318,0
43.23025580613883,21.059993482381678,22.454932453773235,1.0488341246073765,8.537077678653567,536.391387356102,28.29650284335051,0
43.09245207313033,26.543309314274396,36.1276824751353,0.8269135458862504,6.961816636753095,764.8392060447258,1.2732052020228177,0
82.44430639831111,32.423101349318685,30.05385765316136,0.8839320524272587,5.788147700074081,496.44132819866314,57.4449600881667,3
44.98013716441381,18.34682738169951,26.34832404357476,1.45146409715988,6.897931908896057,761.4229117464578,39.36052054676148,0
45.794840791080674,28.27631269839381,25.19838427635741,1.1792228296761615,8.21916480508536,270.4635154744119,89.9702129001991,2
30.039203445677973,22.709432630783613,27.43113700473908,0.4327221017790924,8.310986297956305,645.4175708774795,5.030010187639597,0
82.24014204753107,32.65969357947544,16.010970780316534,0.5545560850447331,9.360000837906876,691.8109395863893,5.2768297847192605,3
77.55568879254808,22.818839537489346,37.31983391051649,1.4706919613226708,7.3145649257748335,829.3681772992198,88.70147821394576,1
67.63973610544068,29.674847244792453,39.95757889334896,1.1717586645522375,8.029742331761161,357.0267431013365,13.537819578229783,0
75.01594583633053,29.46173375160575,19.537178121467466,1.3980541513735838,7.656763482890127,622.9539160649961,1.2138503082761787,0
39.12291404546951,21.76539033061388,18.009574119365492,0.6646337567864664,6.102474240452949,503.2795945824561,18.712472507588362,3
57.499415675254525,18.59158639776195,18.58943658621488,1.1902402321039107,7.344809888528545,467.9401588808203,82.56374133466281,1
51.07316324092685,24.957242754351753,31.525676455859177,1.1568032502282137,7.679340618755977,274.6994886483702,80.46869419325013,2
35.62659157542099,22.916283583419784,31.53602096126937,0.6536279825272501,9.302998424169035,293.9633314164596,34.67308887350165,3
59.16782911289545,31.752621743433046,36.198104056960275,0.9609795905408465,6.966156217635824,785.8919230133524,67.13506080872534,0
85.24437902055811,31.60619120374087,33.79565971065633,1.0528981335243544,9.420396412431911,724.8274026278934,51.21772102624695,3
32.40354714304167,25.769407187274634,26.242241834233493,0.877358172992958,7.669200296096338,467.6387912037704,90.5687639947447,1
47.48765480962763,28.31070783049472,30.321384039132973,1.2926144479896153,6.46987697321223,779.9406069727415,6.58592406632481,3
42.45245617234221,28.272411771777726,32.2071167592002,1.2994428501575874,6.266657548063231,256.5363293765049,81.50473374492654,3
44.28879921994178,32.061688523269595,27.81841175713063,1.320720657961868,6.066779669040927,637.341741923218,17.889268273318546,3
84.50607311276252,25.225041040094357,26.891274611290918,1.2641082829177954,7.311731482293812,807.7232369000018,39.77046884574417,0
58.08414325405741,22.682593556438654,31.127436141066333,0.8857001726365734,5.587705719155693,787.2049617218746,20.003757992041823,3
57.97796477638913,22.505593608389308,28.936863724391344,0.7577259577788087,7.280181133259461,460.94793195930185,70.55882654981976,0
75.63453854731694,27.115268747797472,31.09855763339776,1.2976515404572446,9.453618768623786,721.6636971398924,68.15429179557252,3
39.26953224029555,25.635519446447613,30.321369349084094,0.8882417502675202,8.180427182889066,499.22770186391426,55.241862568203665,0
59.235921246003045,25.482053106743916,32.97991401284136,0.5956456783535782,8.539144484801618,788.0967150729646,70.11814064356187,0
55.799112847263586,19.54933476452502,31.0700877195719,0.9088122387866595,5.976021562873051,571.5333651085161,64.31691327986272,3
65.81464143279936,30.216263591733323,27.99356216093168,0.4702197863030905,7.392403445960364,735.3999343735288,77.86776351274254,0
89.97346219502631,21.63352369569248,32.04492028210966,1.1299553887185585,6.644892404102856,255.0001076041702,24.701258477764323,2
76.16693364492284,21.348211713548263,26.2370491296357,0.7031055379486876,9.076390111956117,613.018180126204,43.46234887913133,3
53.87194218104563,25.01689144471569,21.041780649315026,0.6127905581369452,6.22516988805565,585.1989242285371,16.011026406068645,3
79.65318313644282,21.872231807502622,15.035455503347887,1.447810495481694,7.334933308546968,626.9837052146121,43.529762857799206,0
40.24250179874881,27.92559054423626,28.99910367864608,1.232257194909969,7.8521908733825505,686.9491255409131,70.46748339061378,0
31.827821178537608,24.314876768686016,29.766380665216026,1.244483403268718,7.55616436631413,842.6762790238994,69.4477249176508,0
42.26690234785639,25.63149928407743,39.301224119392856,1.0484663631350202,8.820974111881629,749.9774572432217,71.23326342619934,0
50.42469336685558,27.131878467268493,24.03695835235689,1.3070073726123566,6.4258126852785615,353.7465940044333,31.567985335791295,3
60.634845447573596,21.460103882190683,24.853331070707796,1.2109949773960575,7.009564441694765,778.1273885044673,66.55918340530145,0
66.90774843247199,20.647777588714007,20.044989533554755,1.0185284449603398,8.66833718629581,285.45577433056695,37.37916563930488,2
84.63634303286531,32.96717234885128,16.763357380933048,1.4533492822220608,7.612285646947219,635.5390099725487,94.50471256439994,1
60.59124057302746,25.373302948134157,34.32011232154352,0.5299139396213076,7.108469542591829,817.9276657721603,34.993270222153534,0
60.076538677543766,25.005591363753165,21.242026608483126,1.4320556627937013,5.6177700589793265,270.78543795043277,60.698805170394415,3
33.01458058937893,18.605406554638304,30.22262152575095,0.781725794398638,8.513541696062438,794.7848573171824,75.26442570502543,0
32.09469315937343,26.465597143985683,32.19432588863704,0.9340787800817838,9.388728311867041,759.0345139611719,90.73433547360777,3
63.06959771498232,27.420885267387,26.78091718229119,0.44728718345317076,7.98114803795404,552.6428036873494,44.354931741937186,0
56.290716794900675,27.50029480622933,36.908802825679786,0.948128926706149,8.926164882755177,416.22832160678286,36.688025712618526,0
80.35082369881792,30.019529878489035,26.09487102449322,1.033448102229832,7.567502972779705,483.80675965008066,43.57278935634231,0
39.64077508271071,21.0171911948472,22.12271557604413,1.4972418501702287,6.426723861693459,878.0606949901482,33.0459388034283,3
31.498299727022975,22.28779328192052,37.40038807404056,1.470230893285832,5.557768416940582,341.18828930629246,65.73852451666409,3
56.94232607580756,31.782417908917015,36.53910710624891,1.4596767502491448,8.113593070359958,605.7230014809267,93.33895963684982,1
44.24871340513545,34.1019004863377,19.100998676910326,0.7180656721224687,7.4724353929929785,258.2685235150787,13.481029642447309,2
32.97686240033025,20.31085670524445,15.649025458848024,1.4895197984940522,8.628392588350406,352.5251449324205,56.53128441224554,0
73.47589721085774,26.460042426588707,17.24963890874052,0.846573781914133,8.278729669741217,734.3214716521644,89.86722381067277,1
36.69557999743485,21.640996296572975,22.163684963845427,1.3222035105142806,9.451809472826259,411.819328252369,10.911339920945737,3
66.49917000046631,19.0212438620347,39.30649504354277,0.5595839628227663,7.5412503336481596,890.0362493939142,49.89267566586181,0
46.86298501001335,23.533556748144303,28.962903829020625,0.9069998155879229,7.2086991586920375,550.571930165688,86.65772999018417,1
40.40976302130132,20.442689628131617,24.33154330073172,1.4592145153531264,6.646958757757179,561.57752771542,90.14476895949615,1
52.78509137515905,30.06886224838219,37.21790236531866,1.436437676308113,7.407445167165098,225.42031753501468,51.92086395413873,2
78.08674657337721,27.073332032414555,26.328408286962492,1.120481853385712,8.991485912491688,869.5687247040862,3.470236562304028,0
53.52561461427436,20.445186006835286,22.880965710025528,1.2573771870636719,5.669758903166965,321.96340861909255,11.458278664354346,3
75.04617895266334,18.157107002893746,38.53048821864144,0.5117120359228817,9.411600189144755,576.8384191673099,59.08495777888214,3
37.52917780794904,31.738669833411617,36.23794165481695,1.1659902593809888,9.473228777231192,476.97222697111215,13.262002040168149,3
76.36628517990475,20.995304904792206,36.09170938548603,1.0416609700024466,7.8912855143516065,490.909290521224,15.792359914215808,0
44.215999494398915,28.30568291775302,27.807118576255327,0.4098620829014953,6.826176814781606,650.3101162252758,77.43959268042927,0
70.64358779333236,23.727672522304672,34.735959970386375,0.4357908079076115,6.392195873288095,663.4620739647341,75.31851379897454,3
63.94689329045978,27.953260951355603,19.4838339816138,0.43013234130151423,6.605961582739515,308.0020304006678,84.43450318312172,1
85.74868303270124,23.36611165869951,29.33057393890609,1.1692283217958028,5.700421706019887,549.7106571853245,11.467778514104461,3
53.23935107851884,19.47797253176832,39.596148071188644,0.4700582498970869,7.400443833933435,753.3342143992999,20.616343228584952,0
33.969911330066424,21.79015014548181,22.27396076294904,0.8612787253373646,5.729297083457624,510.3005384865607,83.46318155600642,3
31.149329133075174,21.196995630144286,34.85880823119188,0.7283781670533093,8.3738968591037,316.0631295786061,72.38767326108142,0
79.6115136583652,25.276328991473946,27.261960180201683,0.9606049689242613,6.987717822131416,419.2518602096835,80.78965665497597,1
61.484138259685935,29.190824318244672,15.995142080552183,1.1477717846632833,6.297458926988653,348.6656948735491,98.98482181588429,3
76.51464311009696,22.484703274088076,34.075484945391686,1.1216670446655983,7.679414231344154,288.07222754038594,86.57872900941452,2
44.065536000690884,18.205188900110507,19.21422860980282,0.918623899097252,9.395037228972054,464.30678920474764,52.52586183412627,3
50.70502473079402,26.821935192500867,30.786839178318754,0.8572018483324626,8.280524196073673,578.6553702386525,31.766050294928487,0
31.806232332679137,28.297911319102525,17.14160485117432,0.7773787141467104,7.466987400416641,250.92606769364224,57.39798207089541,2
87.68953947444673,34.36879839803076,38.67168493739912,1.3342919379652554,8.607657197018025,622.6763605597284,64.22006847321079,0
70.0720744020488,28.021003652585197,22.293097179509022,0.697022165847174,8.449905887595955,895.1171081187252,34.19590198470247,0
85.99230526555837,26.00993350942841,20.661617291934874,0.6112389854009939,9.066941844231174,874.8874524140585,77.32276671098316,3
45.92978444574434,27.747827640260965,18.22841010165836,1.1919785923863255,6.31867579037579,780.4214373994112,10.182625473130788,3
66.68781667353966,33.77431070765446,38.65005483347619,0.7317161540360717,8.935510305034928,386.43877896168215,78.15989221748929,0
70.70999809755827,32.082428475227985,32.79759356103263,1.3163983197087221,6.704104348166796,215.68531753555712,4.167853349512899,2
49.05298201545531,23.490638467184738,33.54152221795222,0.6934664623645737,9.263995711300389,783.4791920179957,50.29864001142753,3
80.8865541009378,22.033324182171334,27.485114034506115,1.1423337894895058,6.624260595786941,239.00416238509928,86.28220988484337,2
86.82968777401487,22.46477141022325,26.868194631762087,0.3541308075424033,9.207394172650705,343.93965702953926,9.563032128118358,3
83.09130706176026,26.57515767515862,17.750531074786917,0.7626754561323841,9.355162857856321,581.117250812749,52.2561547129228,3
74.34401855636236,30.648840670885825,28.996027389599796,0.7118762099610618,6.081965429828057,324.8646274005505,16.779752457170318,3
46.64788078349724,26.554726522110357,21.17291237771976,1.280014487131108,9.397999533051133,783.6518319090494,89.5867592560326,3
46.8969625263379,19.152538729077914,39.42863332001015,1.460466483873972,5.842891873717129,744.0117873818804,83.40220717632938,3
87.80161922676228,30.300871907479674,34.914523500378685,0.8530575320315537,6.374271146450088,729.0386540160748,93.45780708605528,3
30.61706975614152,31.701492187406217,25.32480150482219,1.2898035325845096,7.276675123491218,771.2893311283036,87.62325181147926,1
72.96299839452867,22.921463707035233,18.783531467288327,1.1396336411488381,9.47438946284684,353.7912461852285,73.91877767673307,3
72.37476975331573,29.290137567816956,34.6332922784696,1.4608631851964318,7.454252204661517,710.2246633048246,19.304030363261777,0
67.36137245698785,25.252062317924686,18.0513441770329,1.2733302172113896,7.701637772713943,448.6970518142353,30.947758951221168,0
89.40653076521195,33.11502904736653,19.733343837426762,0.39297367915647663,8.277699798094595,666.7913316978796,50.18866067249274,0
48.712766145823515,32.368834488732574,20.288012943605686,1.1559380668586834,9.373174233091806,285.4152100418223,59.30078136995765,3
50.398311827594895,26.93234397126392,28.92226595682736,0.9425996585068483,8.633405600496978,693.9106060451604,78.43615613600778,0
34.73636417679333,29.755594278831104,34.67641634975916,0.3197232695187926,6.396616017694795,880.4754095305457,23.469003190519032,3
56.567888192624245,33.01694491737577,22.857871968117305,0.6015755504705325,6.711963722657419,230.52025572310137,13.699462020549364,2
45.662911574090884,26.42718917133068,17.116745356882234,1.4061062940322715,5.890512958434098,265.68023081695935,48.77840688876997,3
50.60320213065865,23.325262588309975,26.613461588110482,1.4112736473441034,8.07780945665896,286.5457371366097,16.626299676419137,2
80.07430741533766,30.81232434446288,33.70275602899839,1.2586205522407612,6.222961226156887,501.3947334589109,69.67994343062765,3
86.12907081164974,21.74112633133976,20.541596077184707,1.4781355239335874,6.529619553917463,403.5461294531376,57.98745811908001,0
41.143984320311134,24.605029516102714,20.498113700984355,1.2678542695490458,9.052454620721509,764.8441074784856,74.36967190486959,3
52.35053589320795,32.71736303081549,38.68067568366777,0.3122450247422942,6.80702270132806,531.6510674406732,7.280219405855733,0
85.71783372692364,30.315179784578355,38.85384317797944,0.6454012083618141,7.766586873416668,539.1761398819867,96.50505848397619,1
33.70850764135336,24.86478708920749,39.76164330153941,0.3367490186853154,7.090264035156708,701.9266709277476,1.0005481308980615,0
35.54163168668271,21.650656540942077,35.1914900393695,0.4129295624850713,5.796125149623654,453.37828777502205,33.21879908633994,3
39.76745935237376,24.05146264414802,19.704604229198637,0.5626089803409313,6.95145531958682,447.24507319432445,68.28384454325774,0
65.71277004761248,22.829770536866363,20.299538019981533,0.9042702555906268,7.132272812143723,729.8484713392363,5.46906531234977,0
39.02833626035985,20.993517895045517,23.5056310380598,1.3170384041544212,9.082804407646073,746.0292220857353,9.251608554403088,3
88.08458288704401,30.636659530616164,22.953313283337273,1.3343601073885296,6.797802614585358,210.07914077297366,8.59146228559381,2
56.802871635511224,22.285188076452915,38.913193726950226,1.0394422302687558,7.016964479048271,300.65333308851314,58.569462945376955,0
60.09107762100999,25.720846992851985,34.72684957204234,1.413811126879482,8.631587074689339,349.16872680393584,89.69660618881527,1
44.79951694832439,24.559610596213854,33.100219804038844,0.9000747919082497,8.535826604846392,446.1203281305134,55.98826079351394,0
58.25761514608401,34.69531543680573,19.649080601453296,1.366843252959842,8.693141106593963,404.0136584023671,60.75356387568749,0
69.71481795822069,24.64856815051975,37.73813898405824,0.8448783075984145,9.315082960304016,667.9640338717936,35.25416346959096,3
75.07062821724256,19.35970220754483,35.69675948765435,0.6326700089062587,8.682229993579137,779.6946636620708,2.8553747068976953,0
75.23208496259478,19.527037793725427,19.091046033198094,1.3996955017205133,7.130432812871564,334.46088764921694,3.139857057370421,0
64.6734667616453,28.042813263002103,36.77925829902431,0.7655220908146432,8.786034067592368,594.0860424213638,88.94268668161023,1
84.26158649963143,28.189180379550514,21.806188409261782,0.9040849306133538,7.534698528359753,457.4713757567252,11.154671433245024,0
79.04447083836656,25.118902838205134,17.02174364580265,0.6946327590368127,6.610856130074261,554.0445125322433,99.97914780944693,1
75.42288688191752,25.341342769304504,31.420557662855252,1.0954051203488757,6.711668272524049,634.5304892483757,17.277838539616535,0
33.33633130082764,18.91685390829481,31.345116484608265,1.4940374700072425,6.395369554253593,825.5198730774077,67.78880995156375,3
30.41267773317896,26.78129067661746,17.373300239140452,0.33061625863772354,6.079971831279014,334.60486747909647,94.94659174590967,3
42.74683663172838,26.580571081465976,22.971295223414558,1.3798176072085218,6.237961647414601,260.9046109392423,36.866638486560596,3
69.81141563480713,20.54233841546806,39.82036155638846,0.3047112683871185,5.752712199815278,639.0483433317468,73.70888568605095,3
54.671849332952746,19.76526956388577,31.960666675218423,0.7370734573754533,9.053803459729545,475.89159414083855,35.73480770079118,3
54.1443755579587,20.10073234019134,33.251879165083224,0.5023281675474172,9.224031238596492,314.031885305092,31.18916461938309,3
83.07521329377683,19.717480190351395,20.322932140107643,1.2088101368070616,7.8470815699755825,281.9610171483913,20.978604174968453,2
83.73377088791032,28.365039324124915,16.96955177509786,0.36073300890860815,8.86195822643474,591.2368508118209,82.27255578298758,1
84.55051584321515,21.340205090849615,21.92254224352344,0.9641819443011934,6.234284410612588,410.3294161697369,26.48131929730564,3
48.832684590901636,22.274312587186877,21.2224596298298,0.6539113606143752,9.10669530090794,898.1984657101846,29.032658127679902,3
71.46334876435571,20.950726450574475,20.863602518701327,0.46040429863764254,7.525446238522033,484.1305735314998,99.89800447767897,1
46.29799087646218,34.28320017562455,19.81885804717599,1.2261818545231689,5.76865997042222,348.60062613562786,33.40373310908666,3
41.43658998446699,32.528496873581204,29.36889226638511,0.560900201106308,6.065250977976641,640.1943315820945,42.85467439437284,3
41.07794744084215,21.918412234975854,23.202586896045545,0.5684102544659266,6.735905843147268,370.97842278335486,99.01549031970865,1
50.52645725181564,23.56862699667614,35.50862537618826,0.6300921421655076,5.674230321419006,545.8602302618128,37.5607341963252,3
55.7974571867893,21.568178319184952,19.5986854461846,1.0041201165936329,6.737173512069774,537.8033286047053,37.24904871635083,0
79.8569502633041,26.361891310834004,26.615676771713613,1.091599118028898,5.739721732475568,517.490340801016,82.94373215517217,3
37.19346560836273,18.333379052062313,15.341445910652,0.32112302844161394,6.444110420771301,757.2599873887025,31.881106480281513,3
74.09555084369364,29.413256151245527,27.0420580613798,0.5902435633365484,6.562679023425766,351.6291010263287,24.14482426059831,0
61.88729485135832,26.89368854689991,16.39595552191186,0.8171650110063393,9.477475905467175,833.015113549329,42.89781526235691,3
47.27672056055955,33.276861781118754,39.44308779681609,0.6983723425934798,6.442186695054658,753.9383522494741,70.36343925704308,3
59.569175071969475,20.79467563358304,34.76480321626032,1.3610047902130633,6.456745795754321,433.1856549703266,5.28105947294727,3
47.99652418662136,31.669857183039237,27.252786915911386,1.2452504770637025,8.24715587343354,326.42175439609696,38.01768669463811,0
65.76491731429836,31.46333724593417,17.164683954483756,1.051068258646593,8.937429914065808,395.6745171547189,35.278245292638196,0
56.03063537131465,20.162080216687077,29.811136019760355,0.7056508991964476,7.048221650408346,432.84537283635484,25.237016378941224,0
39.86433174473272,24.775506810450167,33.96909376754694,1.1408068138153917,9.00247207976277,589.8532181649327,65.77444625453015,3
36.9949844733418,20.89259489945679,19.76793132511863,1.3123656154149532,6.860568082991028,232.4577181695551,29.709017960954057,2
62.80174092432781,22.330248507778332,29.205208519687268,1.013796452830784,6.288063518460078,840.0513908964372,61.0664243417923,3
84.1447819971662,22.475184972119255,35.3552724595717,1.241353760272055,6.818555297310894,269.0723996627777,50.92934730400807,2
50.637461193461135,27.456018698438136,34.206194441157905,1.1989259536796972,7.937425495711969,395.4913758700244,22.50179721176396,0
73.9800064333574,24.993985839927912,35.07480044667882,0.9860847733923865,6.968572637248295,276.5012065670766,27.39003964717598,2
69.51968129638601,34.11145766810719,36.983085621742994,0.6746198601858131,8.191575215957155,379.6709785679621,17.889405277349827,0
85.89329485856885,20.148292413099085,38.442052553986755,1.194938589601526,6.447743517689929,786.3716730261659,6.606292270244826,3
79.25886103794845,34.552766292453384,25.1380288800884,0.5481556396291277,8.303971575956595,630.6230679682697,62.29965784738625,0
63.99631553432778,21.920856883642486,29.219227563071932,1.2353860157658405,6.889753452993867,359.12625756263645,67.6060806975191,0
69.42182989404644,31.138856918491502,34.76648815114027,1.2654560305710396,7.323473486407738,810.2309708595363,17.43399936725832,0
83.90318799504209,23.762488744937965,32.428495348644574,1.2865738554844477,7.730980561771584,760.4984414529393,61.923846083921255,0
53.97112707521609,20.432383722094336,39.88800570660947,0.867499165174149,8.244900012743974,727.5544976251064,98.22638926570023,1
49.60768235146664,32.58411614918608,15.341941277616103,0.5309769213245059,6.454854767394934,793.342888869999,8.36580739884439,3
30.64866501811178,23.250635287019875,23.878330382894767,0.41966832007928245,8.843782149643243,633.7547770628206,49.546716377387504,0
79.59306445148786,29.200541871856316,22.025698156755062,1.192033500585509,8.387370999020959,551.0061521478626,73.57078315074152,0
78.0588420242019,27.62954264647265,21.557896254138363,1.363513661435776,6.436391676095997,461.7545183199726,5.554910585142963,3
36.26727108600908,26.019857259644866,20.563244562472143,1.081006030604288,9.399898250411642,356.63481428538887,78.04907590576396,3
64.61144286796201,26.428931035025165,32.728096020380725,0.47299207246604347,8.159187964121834,590.1881603528263,97.9716124721957,1
57.83890189001325,30.44804453956889,17.118986831883046,1.421875738221089,7.309707545866822,822.6446419998618,9.760298489742564,0
37.12254573054669,19.49213954009849,33.54022084858346,1.4869224174471836,6.130109302214065,615.7872522946275,82.40076064112661,3
88.83409362364341,29.359071253284387,32.33564605040684,0.8200543319219062,7.632884009232526,843.7248032044457,38.47957290669733,0
42.88175324780133,33.228805723775835,21.27010331252241,1.0137903471285254,6.159103547308472,449.8421587152145,15.267504040967168,3
34.034050805433665,18.98239934933769,21.32084457912903,1.2326742240019892,7.217966714791375,686.5965807692484,49.826127710438435,0
65.69084277011457,20.391106766972335,30.721514633612554,1.1836677480600535,7.134850090958075,654.0658307238489,8.080354842340356,0
74.33200062798196,30.182742923934534,34.05427763709194,1.461344630320139,8.37975857738984,669.3036908439193,52.688039408551234,0
31.946606762831216,25.4337880201585,36.91214032718413,0.43785970929454665,6.269532724896999,651.5294085685548,2.916322012400911,3
69.52305832362133,24.860326553832703,36.30348909636189,0.9968698393713669,8.787485419483383,355.1582724559818,73.13253272560029,0
61.93751255708727,20.32843278725201,39.122074854096326,1.1303177036077106,6.804529308064663,300.5136287982043,49.30899889534727,0
36.195900532502904,26.615090692202397,29.53462238341278,1.3681181090252041,7.275954507875101,885.039779362441,46.43502643258287,0
40.35143261678172,20.151270290338413,37.71638903350899,1.348931553261781,8.58936390221537,231.70659018975084,20.42295788046628,2
64.07845783896482,26.102547757279186,35.21283183151027,1.473599752273548,8.00156959885406,527.4155409197892,36.76505242368181,0
47.7814568107973,30.981460082348164,37.366690607850344,0.9144941447252148,6.732101407207749,497.5562219993033,19.005073809744964,0
86.29894371907896,22.39049408408178,15.290665032134166,1.296913040175872,7.0448116981835245,452.0132707505534,73.8036199530382,0
79.12441376904304,26.173364859055365,39.14757479664527,0.8127380497527932,6.723147255958441,747.3886975036967,20.7035046438697,0
89.01403239081978,34.86427147974621,26.838254071161955,0.8067766534272387,7.879080669108628,721.7452018187612,62.05857937811979,0
45.580250337024836,29.673057197018633,34.95457473937107,0.6040180373674309,6.830498132827358,833.6574464709582,28.68114260570746,0
88.18341796787863,32.30306511218838,18.18010298344452,1.2818847444230757,8.402790779132562,476.84126833084554,66.04123739640939,0
55.87403218749347,25.052409311529278,24.89852739534935,1.4829781269762188,7.819148634334905,594.9256695506217,54.50504093321289,0
50.85112771882528,31.05363569313954,21.78651657552477,0.6076100740167094,6.082826446990036,824.6149331394845,42.92042453361928,3
33.0209716181612,18.68865594000247,22.291469262523425,0.36735790562528675,6.74107447471953,895.6936439987691,67.62708250763667,0
33.165915471576156,20.089490103218164,18.081390498772045,1.2786509249028088,6.385789767640623,878.5060536557485,42.156485089214684,3
71.52067535679927,21.452200079641056,35.14409581357518,1.0442760630417074,7.061252850205941,702.490709888114,82.31568965492825,1
57.475739666041676,24.833182718458733,15.231057864526955,1.4516385606612052,7.563936344837453,300.2592904671257,73.23024736529132,0
43.591297562166346,32.37766293153798,22.812636424630064,0.6026870628923426,7.527051429136439,216.2302082551186,54.523260456795036,2
66.83821837951396,23.886522863394816,19.360263580410376,0.3852331896015373,8.518094706253155,777.6528494820593,87.82900757601371,1
45.17148709500667,29.12856028976287,29.725973515208512,0.8909307130398019,6.256687454406837,788.6594171442778,83.0573203253375,3
64.65790526066536,30.05834301165922,21.356310065363594,0.40255922755817697,9.285891317189787,722.4526357844287,53.65210006742942,3
51.552524818961416,27.965100019501804,21.474961363202492,0.614148001323249,6.871380427528674,395.94644019945406,7.776321676378953,0
79.41313359670914,24.073113458892315,27.20845359988297,0.45117343298300194,6.700995387664554,647.8725017189686,57.03363886772516,0
79.24176964600676,27.809906809130254,31.317225983523144,0.5689586155920945,8.240714312720879,421.37390927069197,36.17044196646827,0
58.641023887344076,23.818515077425687,18.03261761412909,0.4273735833856702,8.72206651473225,515.4537722706473,54.471181337569675,0
51.04914656010094,19.425853555384204,19.387786311637406,1.4446871993127424,7.013887059254614,467.70455948635737,65.06591558926175,0
51.75358779354568,34.87766762916225,21.17936861486294,0.6342752561396825,8.487387899575909,839.548060753039,64.83901891021333,0
78.34287154009307,20.162101711752687,39.343705352949016,0.8326771031910785,9.034943824544218,363.91013152071287,67.67888030828215,3
49.69076896785672,19.229922525212974,24.92881249857301,1.3783341691610669,8.56721466082783,604.3276332016251,68.24759387945647,0
42.54356242241076,32.93502273652165,29.974752265775663,1.1127859055537692,5.636785942283332,452.6870703237014,11.818860452636912,3
35.08130051251841,23.131189235179217,21.03857031789945,1.0416449766741291,8.809475645464753,664.149778339958,19.97952071527207,0
58.0015872530645,29.055048559249627,27.2614881289372,1.1466758284330045,8.59792383381747,595.1941988242324,63.423559449692746,0
58.927925935190515,23.59309740425796,16.852979359648952,1.2945867085264582,8.177160952612745,846.7843769561583,41.40906648437263,0
80.45452262417443,24.65472260350601,15.868553648058173,1.3532031214221132,8.540089676351613,271.12850619084924,76.5223128852706,2
43.274321786763835,22.45592052428554,26.718338170536505,1.0711676047980316,9.417701583327755,354.4485878297344,13.366018944020384,3
52.859476420103995,23.831748098481174,24.966482187960302,1.3680087296328693,7.224451551273399,736.443574681739,19.960776447633393,0
78.50434433362145,24.981906809971232,18.422007992295693,0.9424770329105723,5.768892939818391,458.15078792639036,56.28799960121083,3
79.41741664493841,30.247073174569827,32.19003572301834,0.6327490275221082,7.343559878510867,316.04865036010676,50.57405390752197,0
53.076664558726094,26.696115301991462,39.82258727248161,1.3560920506606133,5.685734621564192,552.3248814717714,27.373318243692307,3
57.547441397200856,34.04060869166861,24.89117052991781,0.9497673928957044,6.677001632353845,656.4994431279704,41.42598110701069,0
48.197153450956975,18.711966695259182,30.61396589793486,1.3873651050806812,7.847519167187036,231.378699907449,4.463146527608655,2
85.95329270515873,26.55216148474448,39.07439855911214,0.34820137674069745,6.738491571704625,404.1353225572113,4.666772691443038,0
37.118625944494816,27.931821410139207,35.78837431117188,0.7770189018494826,8.241580983638155,766.59577638723,10.397773279662294,0
86.0249653800882,33.64334876326266,26.588805582567144,1.4373660220349618,8.787945310742884,564.1711966271359,58.10245286685549,0
71.0319871101206,18.83569490156427,33.437237111497986,0.5995801113099632,7.181756717118148,224.765450621324,86.50792504670221,2
61.89432916120387,27.749492943898673,18.2033760062631,1.4298434952461911,9.100551805172014,397.3657036922906,26.76210563669793,3
31.95954364706975,32.51170878497527,27.80259638659498,1.4446829533551,5.819355725401601,647.3984591855949,4.360043142618604,3
58.5357715093205,22.11277137802702,21.976506929498413,1.3585707770710331,8.8604526568018,339.5516287046173,71.15408310317893,0
54.46488630016394,32.89696992490694,19.029092197404026,0.9764016541119585,8.814292581757195,779.1739843535901,85.67987166150158,1
39.67312871850736,18.32373795766296,25.657022656363374,1.0763273388967662,6.787975585307059,673.603134958565,14.67910574104707,0
69.38457621003941,30.451728695273406,18.27536386084036,1.343540398139843,6.69486074849846,529.9653426634552,39.18902189809962,0
88.26905444209714,33.8629247598671,32.474627704362135,1.2310764988670213,6.7203799246140505,840.9366467467494,16.71494721843027,0
63.73132866387151,29.17236024788106,26.406001101333388,1.0561126193464938,8.745574849377643,474.2605396472632,11.529385630327155,0
72.88519658663675,25.463497147667617,28.278615814116595,1.478711289444843,8.82661395044078,364.5513873948597,65.16868530896308,0
34.107027153961006,18.762977280036207,18.659398466703927,1.122811963600433,6.818889835310671,662.9820947686906,96.786111141635,1
55.06001974901969,33.641934826484686,18.49429152733736,1.4705783909373134,7.870361389777847,601.3066312291039,68.13839693645546,0
36.981509109869755,25.99503578575677,29.5853858815031,0.36886616952850887,6.0557329177618175,434.6735306518576,98.4966516179542,3
66.76775013219063,18.492944653711117,39.62524369573616,0.4667524448906549,7.375114953124088,440.565192926784,44.005132330958844,0
86.30892949284927,29.726958212588954,17.40626458094314,0.8417506152005887,9.495171403422153,478.7472160438713,89.88910909390866,3
69.70666394829831,26.191233310796388,22.143285714144533,0.7618553530611781,6.135356590824987,403.7969972355585,21.303338241964155,3
34.608182898865294,20.113870396520984,36.73647791344719,1.2392818096284333,9.290250559840235,697.1689844526458,12.672532334068517,3
51.27997229910497,21.64262075827441,16.806800306380925,0.4927368317630445,8.79701888786003,655.9508835358438,70.54948504033119,0
63.03980276645109,19.096341567749388,36.89714303417378,1.4713142149337863,9.38885860378508,508.5443567824749,37.76942475540095,3
54.19246536799513,27.76299017504575,28.107149584368777,0.6780790503130968,6.218315042442132,478.498273045466,32.45107267196306,3
80.01864062851034,28.57450114728416,25.206669348160645,0.8147084492881913,6.354073961773457,455.5358885517936,67.45677722176815,3
78.88026028259935,26.597619072042555,22.742014108786396,0.6296940389280274,5.567468726939435,398.42782497457745,34.014920135179324,3
66.7098612061933,31.890736261044452,22.427928953196048,0.9952363407918567,8.398807251662422,259.98766420994156,57.68325905260361,2
52.40747670796232,32.63714996223623,22.64506456123697,0.3703544405071007,8.076378773744743,387.74327986575037,30.64605551986913,0
45.32018242579465,28.465614743613152,37.1200770240049,0.47961300668453855,6.212261753298929,424.84094408514557,78.59200123291389,3
36.35245909278776,18.216860155026318,33.09488075436964,1.194957244102469,8.664579862168289,583.3788043857403,31.926445709036223,0
51.29386100919324,29.818904147711507,31.743075195778765,0.5238007000857647,6.696782024526902,741.6519563546349,53.9644203051258,0
54.79035103246317,25.105986687645977,34.96872872380002,0.5826173418679954,6.03998227732254,476.99150138382214,3.294432286004162,3
70.54937550624442,27.614477214848577,21.427866575103625,1.2515786828698052,7.1902506600773926,861.3298340964643,79.38134755248089,0
69.48958945785441,29.034370234321035,30.451070302043895,0.4119614140287043,5.863879393707425,779.1449744088137,62.41343970737563,3
34.20648837847541,23.954022443560305,26.501655973948772,0.824968587325009,6.552974625092986,889.3612935186216,20.03146963229667,0
53.715558925869466,33.5906745879205,34.56104088000484,0.32767606439667235,6.985333433709385,813.3421287290372,22.32196423301149,0
40.90673203304171,20.27757273474628,22.731402761832136,0.7161688791814846,8.907456698056599,631.7081645165654,26.986798931977383,0
39.40876231900834,29.415700723777636,31.079465421747393,1.1387776831329053,8.670194965172886,618.9355014717032,58.07648035496062,0
79.63812898423475,18.074112859261867,37.05531029543283,0.40812393566067395,7.271017143002473,290.6682887279519,55.28331697620927,2
32.514913002975455,33.71906879188808,25.05376190487322,1.3660015521345121,8.39830023100955,705.6794742240975,28.112508244547048,0
55.15097255412728,19.912570265047556,16.665552184186538,1.3913988515288593,7.77459854471602,620.1448003148699,69.71216690572336,0
40.09221934599109,19.61303191250877,27.90127055854482,0.42598845015016207,6.863367420312272,554.8524723771893,89.01507542743938,1
82.75981294070844,23.66112976188815,23.649312195175646,1.488878923650932,8.40349737398114,685.3008107901021,5.308032287700309,0
63.422430796502105,24.35062686266437,31.805634513679372,0.6570354640745867,8.233996617865511,510.83348998659557,42.302467144445465,0
43.88283818261088,21.643101229488938,38.77582311871515,0.4009220053579272,7.976377768774408,566.7017636858004,59.75849173593618,0
60.14563722998258,27.947068235761122,27.140207949921177,0.3060805373967147,7.971822084173002,478.8466133622794,59.05708515016294,0
73.88918158218695,25.529539666713383,26.654755753888345,0.7902274749166351,8.231927969307907,702.1596253594829,2.9339993519615652,0
87.48708053516603,18.580985013698488,31.364620004786506,1.055771982847341,7.038182050570153,813.6276793835217,21.8460405190119,0
43.226760254725136,23.43408505834011,17.58743758983919,0.698615099883976,8.976303260270809,788.5914573928218,7.121241409900032,0
83.1709063277607,31.777359530743897,21.337654723125368,1.3040608385695474,6.149231381985843,750.2176904346281,57.32754218244348,3
86.05824685004941,29.724926092651764,37.974483137509964,1.15992753067806,9.035541852956616,209.65139318118565,64.89359887927725,3
84.98523267192397,30.322804510857967,31.748565334094156,0.7201938383616392,6.869127372127977,838.3163247142215,16.81447417892428,0
68.12486141171459,29.8679877094199,15.336101099585406,1.1811715999303256,6.0001264624344905,392.4130045063757,33.96810081486519,3
67.78923926608246,23.286541363511567,20.115636813975495,1.4285852843630997,7.90010961071652,821.5817600743632,33.65057059422608,0
54.192637991029365,19.69428667530519,32.07093165072247,0.4117151982516205,7.003946676281621,337.87767216256356,82.16043082738857,1
75.14387293822728,22.63194212856263,34.10998006406436,0.6673247521891402,8.761998908414077,507.7520259973161,20.2712810483842,0
61.877641101055914,32.14035010314771,35.99648931685105,0.855991126940032,7.223141874115069,724.5791560288396,55.28309801124019,0
70.64628427369766,34.66800356231221,22.304420084551122,0.8975881533057222,8.17425010224844,648.1952616940207,78.51061573758754,0
55.70747423092773,26.395399250606545,38.275714906939065,0.9506347738632883,6.733031958019302,491.1453566206009,83.12824109680773,1
73.88978784258833,18.164906033691718,28.82367233944731,0.6607522878463783,6.33780950010136,675.0366997181949,66.99004333418857,3
79.46829105627295,20.380761806281892,32.41347555969732,1.1007115751788188,7.052196123795295,584.2646570326476,30.653247473926406,0
38.78617539616897,23.475369780376518,29.918471569497697,1.0741014042357957,7.927231338409734,393.01541464487264,82.48161090805677,1
79.97578293445369,27.835950926080145,18.06850136686551,0.9933858075259365,8.127786956845407,652.4306118479979,74.47443668291253,0
62.41779190741843,19.276591978690337,39.07786648462199,0.43651406605305193,7.812826661192073,342.9729604411664,70.74244424909766,0
80.67995454541347,34.03707407806799,18.071889497353816,0.8723614693151334,9.452222874496435,685.7917989814158,7.66620448961571,3
55.878102380460874,24.20642244583481,21.372048910279588,0.7274722649872507,8.26436074598066,202.17761433626995,5.283223184503405,2
52.7424291229821,33.51393170472199,35.340697005574505,0.8892461638057472,9.226078510387671,584.1407596332388,69.84116447245637,3
84.90364395103335,31.26887064686937,30.46492403752754,1.4062397226180312,5.971732779580698,480.7473392892987,94.53468532215913,3
45.07015605290408,30.84243363276488,35.953729134408924,0.8766376117900898,5.745491719253915,412.1726416613631,77.59866887823891,3
80.65273951716858,28.314232856297945,27.893404709351124,0.3167769502074142,6.743978808047815,560.9955770642463,83.31608108287517,1
59.041234350564245,28.655324889881356,24.42483088416587,0.8266040857009571,6.046355753505695,651.7181427751216,54.953245804129246,3
60.84572655307558,28.846054998676216,38.046137488694626,1.2847778160592584,7.603474112913071,875.7185863494254,31.15402826471932,0
48.50809688936904,28.688263579434896,15.90630793786987,1.236073107861802,7.575925014093115,783.1451429216684,68.09595277992153,0
64.38253203714095,27.41337993377214,36.40325550882615,0.9160680882338172,7.800188665775801,702.0049181586676,71.48511667377656,0
49.512671776572674,34.76903831420911,20.77044462969454,0.5997228154311783,8.480911523324291,535.2768381754024,67.86043919770668,0
32.35616485449914,30.448939646236834,36.2184081938492,0.8581063954974542,9.38531880084928,474.500883765048,94.72419661521273,3
46.31991632066136,31.20808860267286,18.47991533542214,0.9764426633018299,9.013034765756586,222.77075821019804,37.35072429319109,3
30.38274260439544,32.83186785642246,29.505474092263512,1.4998457259289606,5.973468958302327,451.36783214133374,4.926096356622566,3
88.7012872234114,21.665875966339435,37.202697975286796,1.0730137082032527,6.854054755082629,793.8639970708316,90.93599092298354,1
87.94483258918484,19.424670704616034,26.83849117247226,1.1331179160751361,6.523292100192167,468.817207383403,16.88941276655405,0
53.7093178483383,26.209205422176176,33.66416684508482,0.8897449722816624,6.207269431119171,523.1094993435025,70.03451559935581,3
73.70225126037876,26.739371825527645,35.11679044638896,0.7253874609390358,7.678899506623138,390.28409681743335,87.44723953749575,1
50.7483659046255,32.0960902591486,33.41235521791948,1.2755435803766473,7.713057608130923,391.89293116935676,31.703998403448878,0
70.26558942515857,25.544320847799707,38.13324342186496,0.8939187892070835,6.408979311552246,243.3102326242239,83.21110884463772,3
78.32580258275874,27.704501434253316,26.170855762998215,1.49362815595743,8.347589001226742,629.6627479338606,33.87375450087297,0
86.80537468153445,26.960205954728792,19.328135979128895,0.8485446891216528,8.431657196678021,513.6485821317424,79.63153489538873,0
54.01273655098032,18.64944732387565,16.195276592561996,0.38160034037709284,5.583919979335733,624.1725652435562,7.913156434398847,3
76.99787897736286,28.458653242147538,21.16149674093763,1.1190937645080992,7.083030814889266,582.8208300201969,65.86905686842185,0
45.95570703792713,32.07673585816229,18.57993759700605,0.3559697411109733,9.060562564806485,759.1912111080223,68.03666997730082,3
89.4199382276189,20.677509317288667,28.948718535862014,0.6006019162616439,7.581274432975353,725.7083386180309,49.651157178014685,0
31.546175925861068,28.10363947675213,19.6236334302933,0.7244859033358839,6.890511205755978,740.0176971965155,69.02199552240837,0
66.21172839006726,28.091379255589047,15.973342682234279,1.1873803027455931,6.514704606380521,549.4673048591728,92.39518338483026,1
69.57035889907962,20.7911443889581,15.899745721716696,0.8930831116891353,6.473418079673129,447.71694594775136,73.65162767185457,3
71.28273342444773,20.098880753422513,35.78923745912154,0.3343751175723079,5.899072135403225,853.405613373067,96.16830686948133,3
37.22325472734534,34.660883030600246,29.78624828607562,1.0402198215311065,8.768905676372368,237.98884160158775,45.41261907135511,2
86.31178700838782,24.693225884101636,23.952132547334454,0.7937234849119947,5.846629621576685,306.8349154951612,53.300782438691755,3
40.870996743004966,21.866169388299998,37.35570106850617,1.4062014119605286,6.669179063447263,493.7193645236478,27.110131026532976,0
67.36520419439046,20.912517255724374,16.75491528519284,0.8994747733682824,5.682702954265412,629.7703567976077,98.57456511228598,3
43.3605647473851,29.349229130914996,39.508051818195646,1.1507701751272068,8.625546278894802,205.74026236470516,6.458536780965965,2
48.43298502127625,28.360570054563738,30.407294756361523,0.5626421907954562,5.657134728907161,703.5259735177993,36.50342134406422,3
62.78751250368746,28.9403860907861,19.586606349221213,1.2131682774379837,6.733204415472834,591.1085799529403,30.472019312092673,0
55.03160511387459,19.496102467694687,31.976727474424212,1.1651463725804068,7.793189480346657,539.2919310738476,39.264659599677486,0
39.61353605859038,33.19008791947343,34.084531494589065,1.3848980502495698,7.138245441173775,496.44652717950777,91.8540681914667,1
40.2561841452509,24.61752874575382,25.73356958426936,0.34058597006303903,6.629084268996402,563.6409222184371,37.43574953278297,0
55.088687289767975,23.327279909316083,36.540815156138684,0.8370008371409414,6.600756289710167,313.25001413722333,91.78068861730004,1
75.43697869653005,25.860144603211566,18.768310182411756,1.1149864832875562,8.691161224024997,276.0982174938878,42.910547304657065,2
83.87787881086732,24.63112311770968,21.97093958944021,0.414196680096258,9.39591238034898,402.74623512628693,85.62210815280062,3
35.04765973556297,32.68080905336548,17.337309039599745,0.7927248805786948,6.892164281795173,696.6533543897273,52.65325975156621,0
53.58623445356406,33.79743657836416,20.271946015183804,1.4305759236794344,5.6565820544360665,611.8015186848475,31.823931499403177,3
36.014733823372595,23.158704679643307,20.968220297778625,0.8231213890693538,5.646263111636434,536.0861123333088,45.485630097820845,3
30.995548837955873,32.68690872681923,37.94082977304275,1.4824857401767577,8.536853660842873,600.0646761271722,43.01372681884214,0
69.7031209586374,31.28589320206214,16.952742218778905,0.3682068732957835,7.709479286436508,591.4806091275402,26.731492146469538,0
66.14696651799527,33.82373042986095,25.685378004692737,1.1613957313690695,8.634370629669322,414.9293478429478,29.67423426919877,0
39.78114682889317,22.177755307160094,28.309967180672825,0.9972194834979233,8.289988041154299,268.2191630713081,19.45893820979439,2
44.02876998558385,27.808305552056645,37.46732634505402,0.9006476125585505,9.130025397061587,827.7476580641354,34.26405516355322,3
31.422465218671103,22.66725794058756,39.94240546653034,1.4650168817820113,9.043297164186495,619.9378838367402,62.81617452166793,3
80.09683234166422,32.00960633823436,33.83470287299589,0.45558048058935435,8.65330958248471,688.4235997765961,39.26925870225349,0
88.4814357629131,18.090511239708093,39.26977476422574,1.3751987420170961,7.400756640168575,524.7980570568686,71.51999788170293,0
38.127572207681446,27.601925769068735,34.67752831339685,1.1294884933639322,6.73250563041541,729.5364059835938,98.71083879910736,1
43.888512825917886,23.766458331622605,39.080066024285415,0.6107952879595593,7.52810714977856,609.1480847850671,38.33300686896401,0
82.10457143681604,23.485623020322944,32.68176814861138,1.3820029747587521,7.508286429279295,237.66078546803317,46.80128219487208,2
85.5878278773711,28.96340750570359,16.994085636276775,0.8151539014332159,7.941102195557351,823.0679247755838,17.246905537861664,0
55.17764296840862,32.47523563833789,25.048004674816912,1.277072793687685,6.244390271131616,413.87530275152085,39.82931329215229,3
33.03734833614445,28.356321653686546,31.16493209506176,0.7666038204568799,8.122479521779955,296.52354419493486,72.95641262827726,2
32.36351002156916,32.50394063699428,23.767962736356274,1.3211169929198892,7.326403696823263,261.62870539302105,22.523075174503823,2
64.43699196414062,22.49815090197751,21.834597952844465,1.0639549421340584,7.980819327763436,704.3082196894776,19.023350816867694,0
53.57370653359074,26.83153153100468,29.434981678327276,0.46925596030047256,6.458419291678183,692.7778567630519,38.261112491269984,3
31.719145654659272,25.65912116414029,38.33754691756087,1.079595796163433,7.23757957550942,690.1134873692895,82.04629908605541,1
64.99514353875341,18.197963291552636,15.87454683790384,0.5296137152422471,6.340804857810081,841.0269408770962,62.74206178143686,3
30.678152195341347,27.465806433392583,34.230780088535944,0.7943071534729952,9.001220627027207,444.26011539835605,95.80035838107403,3
77.24231748895639,29.245913510484975,33.068181951115676,0.5043547011024405,7.45184418016615,592.7931394512462,90.54950305783493,1
48.385969362202296,28.06254487512419,39.09883563470718,0.3264193388005423,6.3999256622952485,633.6469080960446,15.962582485500992,3
32.41548018055393,30.516758279318164,38.26778055831359,0.554263847339949,5.664834782966185,885.6372799965238,5.212724686114248,3
65.3011332589892,27.71277198370231,34.05581405110482,0.9436464284689507,8.202954658614168,418.6423006030143,40.51037868528066,0
53.86106486598328,19.13475433246287,28.010219117064967,0.8778731613328152,6.358578855959022,869.4318399327583,52.68586840304532,3
88.42802480142896,19.979573909440095,20.106688830837996,0.9017965146432765,9.458328769275113,304.114033157667,52.04149090665273,3
62.651919750222135,28.14006781824719,28.63089295813936,0.5972242541359216,7.634801493660687,734.8010192194894,14.276619509334475,0
46.514350862220496,22.674646263551885,34.13379984799134,1.1221934407370233,6.655907984992128,643.020130014289,13.356925783306428,0
72.56633187803848,19.353967193591018,37.39173031594733,1.145115944184415,8.130709735170521,771.8272260903913,5.639214822141164,0
46.28952015256268,25.303246638625296,34.742800230263725,0.7295613906715986,6.600879693752342,220.079901547893,85.23513267948464,2
84.25459748445391,27.42348416742214,19.88167337977635,1.3574041061690092,8.781097175638987,254.69173005733907,94.8266696687497,2
52.483318230442585,23.58868180194331,29.992157855701485,1.0728278599626573,6.732944203719768,248.7870456984021,12.452817001579195,2
62.99211376657232,30.247372937838225,23.304336488283926,1.1556471303103582,9.452990929583637,615.0716188481015,22.099114486362048,3
33.03438622945373,28.94410033772116,15.230141684766075,0.6328079015267273,7.920579141781174,622.0552473028765,9.896425588756124,0
55.56727427713385,23.657912138558423,20.00552339471665,0.30073396218670445,8.877644595770654,834.2734225484834,87.87271494294266,1
79.9418123796597,30.832832991445528,17.83051624833623,1.3384507345225314,5.791261878313689,527.3224601629115,95.91216462008785,3
78.33892832180052,29.0278157230616,36.06797808848671,1.2869092614957702,6.893197669544753,247.63433850347477,26.917861095368117,2
43.45911353121157,28.836571438204338,21.462656303695297,0.4478302656513963,8.449948344664598,346.6705811357608,31.054799163602116,0
43.56474426063376,27.408270913380157,22.11744922218889,0.7489261619475678,8.120236069362331,205.65116637249002,36.90429875688102,2
79.03831873279421,18.1936243575054,38.99841429497211,1.093607170066299,6.2769724857350315,743.7001675898834,50.7439121786924,3
85.82390521015952,29.840622119107117,24.477168076221304,1.0825330286624737,6.924811722038839,770.9196058165421,68.56363688584776,0
35.72165527638021,24.39271044885566,15.239641003609863,1.3324204017702679,6.553773629950164,898.5582913988952,50.93466774220779,0
57.00351836557351,34.024365072697144,22.096153708653414,0.4683217939625143,7.953480679047372,488.53611433716605,95.14915658594788,1
50.24725673785374,31.90574110831249,17.982489515045312,0.8159276973421425,6.878272917835099,213.50886278111477,10.889452393628368,2
82.24130732744635,27.990805982032306,17.570214043396348,0.4166693015117097,6.736216968001399,364.3109170432606,80.06194571523125,1
35.01149488080112,22.28709369092758,16.937182253393736,0.7675142981263537,6.329511921745366,611.4382073643071,34.113825990533634,3
42.66755655348224,21.463195685720333,29.831486754384432,0.3181289347052452,7.136108483658593,873.3600769369154,38.37722112056821,0
75.14810025518966,23.786542240518337,19.733693090746467,1.3779276781321523,6.282010360786215,272.504986029556,71.17411492731232,3
33.077630938872936,26.101655040860315,24.03106985102526,0.9324527961944173,9.350278349510528,285.10111411251995,93.00833387756352,3
59.55212284285736,23.0331136706621,36.55044290325042,1.3197627129628244,6.118007245981214,691.2312896952601,71.90387707680411,3
56.5264220807832,26.753801421672208,25.60845349490689,0.3718856412040365,9.153218859835105,667.0449385150846,77.81019696256027,3
50.06407073932492,20.81129723372416,37.89228375129094,0.5729497325675048,7.213892392626327,375.35444871828315,75.32714497372109,0
53.67433891913542,34.6211178180335,27.44845133489016,0.6112559942654168,7.011463966246888,769.2013537101633,32.77688199238876,0
61.79643521581397,19.834717434404897,24.970915370993893,0.7640297935665457,6.425279203619395,290.14512883422424,75.93611288504253,3
39.68204150330298,33.843050374124324,33.75972317726754,1.2634396468770552,8.043025337470077,848.0192913437319,78.66755526176037,0
64.31975269701556,33.53082619384581,16.829377469200054,0.7638694484777911,8.242112060043345,340.72235123269496,53.80663174440077,0
78.32593975799918,26.931128190931467,17.236959574560434,0.5455842355755924,7.37028384900967,256.9466609061035,54.138867628014815,2
75.60965578740954,30.323474621213435,31.299342848074016,0.3779883124065221,5.7228275827736965,437.6654605316983,76.2123595031859,3
39.23399428162642,25.412821065533993,27.173517830981204,0.39539009802322495,9.1740406027542,331.48890197418143,81.88605536021633,3
38.954968184488436,28.71058781822145,34.76038125798026,1.2120566471531729,9.421316531505525,568.858857525223,34.38234876103637,3
46.0904620646948,23.78979093615902,37.90677093358829,0.8337635892439597,7.22417366084734,680.7925761602082,80.35465953995377,1
51.66448358046223,23.119703336352572,24.70917194178869,1.1714173464000184,7.954643229637309,543.6451049348038,81.6066916608657,1
54.50733488450896,27.829906364881733,29.910250664616157,1.118744546116437,7.301194504974987,662.4251322676844,24.178438450939357,0
70.78183301000072,26.468204461127666,27.517415694882747,0.46243495411230934,6.787518603544482,455.4443600799891,71.97812378635489,0
33.40082592995012,27.852118275549678,39.540266391060825,0.4714655210307206,5.8092751714312305,219.545818067048,19.466858261779677,3
32.08036225356398,22.87322988187939,35.77711018391488,1.2064104185209608,7.3242709215891955,881.8448869576043,10.211862185824794,0
53.51463377663454,24.238283140888917,37.79344270693384,1.1655219521825007,8.773538225437806,773.5894531779968,57.87975819297253,0
71.82982152827883,19.426265330691457,21.358502189440102,0.7536369202491724,5.568125844352014,251.39317685923965,90.9565676795565,3
41.60612057738895,18.8886983286275,34.313160579064856,0.3929067159994081,7.828430732720889,514.423477309434,4.5104433290505614,0
68.49026887537511,22.30877120444128,21.636830624941222,0.31451762603814265,9.023088434906755,644.5133490503122,82.82366212189724,3
45.58968827641797,19.262196608619277,20.218563335709746,0.6457883393540937,6.370197720057432,333.4159894008465,51.140649859647155,3
83.16516652881097,19.764170046790593,38.60665399138877,0.3110667283046723,6.233023458756248,604.59202795394,86.22864942340176,3
83.741396655997,31.81978289169693,15.482610417946667,0.576087145324444,8.589106502807773,573.5540326823809,84.50421658193363,1
47.83723225687959,18.660852849283717,39.13471759158574,0.8034008882536061,6.520345724477173,345.7856319742933,87.65339367681257,1
43.79962523779443,29.20202749689063,18.731547424720155,0.44569891837434505,6.267937070242594,298.84721649421726,77.11852152586066,3
54.67823832397387,22.63348172986181,35.485952044831706,0.4251333093978555,7.01195700227694,731.2736027330462,84.4562431001525,1
44.431895110808924,32.81627657203815,21.898063826702575,1.375724922862484,7.070008049080872,425.8105123047436,18.42649551291916,0
70.34303059750222,26.244868837817492,23.767558185768184,1.0025640348274671,8.996404252066263,370.8283736895703,31.081461738619222,0
79.56388107289713,23.194799808573038,20.418942783049623,1.4213468241153377,7.9737738877347075,716.5148469641921,25.006130909922344,0
70.38552785467303,26.799861906720388,29.63785106202699,0.714991396542815,7.123845825358357,715.2480844160874,74.50040206907798,0
79.46102683496096,24.49328632376957,23.702388687696853,1.1125739247949957,7.637551857143068,393.4811594353604,16.21066881734646,0
53.819529732448444,27.593118099387112,31.43482598736658,0.5456300095461484,9.315860933301096,810.7979228762977,19.04055124740107,3
39.37901824253165,19.947058761547922,15.391182948551648,1.0420083807359295,5.9528587064395815,681.7751155506396,88.01750735147232,3
74.27705684385552,34.94883854781337,16.60937208787599,0.45550287601198125,6.330862086898765,442.0349524750767,70.88233709837098,3
51.628470308493235,25.2344499208442,17.491528818281218,0.3024967670115429,9.350114826346221,499.24275512926124,87.66261781398958,3
70.27624951374796,23.91992087502527,25.474842132755775,1.4178381616914948,9.329299394108816,708.6967801514324,14.79617056780836,3
46.23863651890594,30.073567421376502,35.3699043164994,0.965873251410251,6.2086616850590906,348.1086830268444,40.49906005156893,3
34.87377808840036,24.18628991042065,37.20444775945957,1.4123287953384474,6.080435268501192,528.1325547326569,29.031965837555447,3
89.5549077292658,32.16566318548888,21.120268501522517,0.7005978284424864,7.18434053735448,657.4908395806697,1.9584274426853008,0
39.37209047583596,25.72260231412723,29.359243105975352,0.6933432829941082,5.698873169951876,577.6489836060993,29.167773083431978,3
89.30525963780886,30.232493025512394,34.209124817315015,0.780786002127638,8.11961412914056,625.8298421331453,38.578741945810066,0
88.63679595398685,19.826704679512073,22.22073574799022,1.147249180749802,5.809984086646969,582.3487496337457,10.129744087028476,3
77.62908623448237,32.3840261544369,25.225193418406832,0.9789703610234091,5.732118508377123,339.4592106530141,57.08226822485516,3
69.56537772491986,30.507205775227867,28.09935506714285,1.4104258885189416,7.440747744835397,487.143741480835,38.93409358479068,0
64.66842301506509,21.599185233853415,18.37187116020119,0.3305290813589272,9.331146544440406,572.389846834282,5.5997045654769995,3
81.96609272267008,20.46986216567837,15.649557343144508,1.1498351255670436,7.207183744252639,746.0439196421622,70.6939076219297,0
47.36637129716928,23.376969928335615,18.82014523295708,0.6963932272398652,6.925924634642204,657.7329660186798,73.19870355026924,0
58.060872749092624,34.59319996254237,30.671340531338334,0.5162803821821534,9.491826862009145,498.61366163015435,83.61267285397406,3
67.16339816199012,22.366136767639997,16.840456538342043,0.9124747470241188,7.627875843116733,882.0798825114018,49.06851938683128,0
54.671428552169466,25.754162552092765,19.742409121253207,0.9060765410159952,7.000965627560994,275.4568651758076,96.89722093611647,2
55.64918724541608,18.510343837194718,23.446347142382592,0.46441323442611404,7.043443253366407,344.76340798847787,91.49235030871318,1
49.817080050125064,24.752868002625952,16.94675160765916,0.5422752673594677,6.279837984134042,438.9188270221648,55.58381088491303,3
63.85390900107216,27.712440262362747,19.792481779040862,0.7897975978818659,7.548892229790155,360.0004538915371,45.0502411758723,0
81.03447168090696,34.203118412635405,37.78174472458778,0.7905736948707784,7.255420112672024,637.8093977642079,1.3004083623893625,0
42.09170268037877,26.784512763981095,15.482478305674618,0.6810697675436217,6.583181185389654,227.68551053537868,71.38845864218415,2
86.06598232520648,31.92482454502069,31.335798104359053,0.4782541818119771,6.142160346407039,324.20574899139115,56.93049590091941,3
71.34525922489378,27.30116992367131,24.610223272879622,0.30524841492117544,6.744955474670215,405.34306636102303,93.81687040312198,1
79.3963927608018,18.693345228403807,31.81621848580928,1.4642820749136247,7.534733310750918,678.3420425555215,59.82898039888317,0
63.3714415578007,23.355140678226157,29.717293009085115,1.4321990756447123,5.733333089139206,813.1054178067897,99.29275329538027,3
76.77100208544381,27.784341633128754,20.587468858866107,0.8803804550113621,6.114976114335824,758.944239387138,85.52810791446575,3
30.97202384036803,34.16009742082912,36.18023718933472,1.4940621039300068,9.290629067876381,327.4566532751784,95.40619564568036,3
79.1028254867721,32.605216115770965,27.298509565233918,1.1083851969386918,7.671421404125356,595.7840309087484,33.43861435721886,0
32.40833154512199,21.88204544104041,35.56340047283679,0.3826290451290498,5.7537972146401515,221.01585174128107,15.784263481959378,3
83.39480258177176,21.741867110325778,25.15031340470548,0.4412618388991528,8.272351035078291,417.37574274700285,79.89033926571742,0
89.5177648343186,21.419940440936312,39.61713884788098,1.3993330126435652,5.747211480316139,764.1886563798287,78.83351319394411,3
47.64404773060667,33.682481237142554,34.262233962532406,1.056062642579554,8.455496908185491,519.6659996203377,21.933445001150755,0
42.61911337714762,32.495324602729255,39.14875512781434,1.3118203519888214,8.499850886880107,304.9589255930842,76.70972075935636,0
75.92180183148244,31.17301834830013,27.858161972746473,1.377923579560613,8.10431590299701,506.98736704181886,58.61536244609921,0
45.1815804552152,24.67649694181187,26.842278307267513,0.8375304135388633,8.4288181784774,338.6230478235598,11.842989345265625,0
81.9337429903322,26.574471973079035,33.88634523313145,0.35823114189203165,5.851863124052231,475.234020504774,50.67657615945067,3
36.170555529448606,25.893639661517597,37.00728157533575,0.5259364186767864,8.40712220942107,541.4834309234903,93.18266208302917,1
37.557311782761495,22.307767828509334,39.103644896638954,0.3798863367629221,6.046753278895531,444.69067875771987,51.13929699907765,3
88.74909330603694,26.58547678452904,23.113797650812494,0.5264878148382088,6.858023629087375,855.8782653037026,79.08119996579373,0
70.43033389620028,18.518441313496826,34.96761434606597,0.7926395117470522,9.270981014002531,593.7712082894674,3.8620886775536976,3
80.81323346573717,20.240776349456805,20.26613994088842,0.44183617261798247,7.511501910636561,790.0248717628277,73.08005987339678,0
49.45976264109108,33.07202313487209,28.63935866863613,0.5000798973664119,9.369705728332056,732.5099829389062,94.73690122761025,3
70.58902497123626,30.778556039534195,19.496203710229977,0.8349861384860151,5.855689835546951,662.8164164874436,50.453250704400645,3
65.65450963851583,25.18876295400448,23.68493404375847,0.7082051404661874,7.41022639825272,547.8221238118076,34.43328138953305,0
66.18900720737682,26.791556158825912,38.28395918016148,0.861189749025649,5.749609281107483,201.52164864711125,65.01839998380282,3
70.9519475722633,24.289981061319615,18.652267494327152,0.8150064333108744,8.02084104959714,629.4273203864586,91.70986029422872,1
64.52155038774592,30.59325774173143,30.810022378379912,1.0733736311758602,5.814828005474066,449.1702171017484,18.500195402800948,3
55.74374215815996,31.33118204694535,29.823856823185082,1.4246274586510255,6.201471210161509,282.43351676092317,40.96572679224827,3
46.55536166283281,30.975848233453704,18.018458817724664,0.429437206133091,6.535321240277122,511.2383845284544,16.472737817202276,0
76.11487985479212,30.284399322185642,23.149476094220304,0.4191121791710339,8.494975406657932,714.8873255983133,50.16876898976939,0
43.57634580019117,21.47657375777753,29.07453761288164,1.3233673333090823,6.155848475272299,873.1744562890927,54.50177929002535,3
71.54125836926485,23.74548964708814,19.679465224712256,0.9076760455829509,8.886528213172271,461.8734237854574,94.47615785744435,1
43.999969358959596,25.987372394722474,35.01559141032038,1.2196860282821307,6.027615755323204,579.9063090934837,41.83900022299511,3
67.51981019726723,23.623480854270145,39.30391273836875,0.5585062843287376,5.640977796280625,795.8710683545095,57.12870474043013,3
74.82469602774174,30.833983402691594,20.3689849990618,1.294635087801062,7.080181675878672,433.79959396501033,88.64099483136108,1
43.122833334392354,23.59900991224923,19.6727991197644,1.408615949031235,9.417766567885181,299.58007147957073,32.81909501743971,3
33.5965980516785,20.349945475350733,26.373376794936114,1.0625796186557859,5.941368911155109,397.31728186288234,67.74222302779141,3
37.858424579650446,24.783687684821167,33.69413192850081,0.4270548257685627,5.906873776158516,829.3859808658716,75.95902303338755,3
66.35981803626153,34.65854535730047,22.040015255881286,1.3743537769876066,8.504666043182496,311.57517592328645,33.722295234013934,0
80.96678437354413,21.83998401987079,15.49699771743201,1.2509852728440856,6.748646775974262,430.45474270474745,17.269777367533802,0
32.699809274125464,28.406697202034895,28.53051570082235,1.2010533318173877,8.369126468902868,525.2482173502384,50.78804464832506,0
74.04907554249877,25.36054184727501,38.91501419418269,0.3440738266870987,6.300042357773453,792.979256443644,36.32337128319686,3
50.47911875700313,19.207417650038554,24.78192138517364,1.2587550303083654,7.340287976792652,856.3992985570823,27.379780747429184,0
58.711702195171355,26.29390230196701,25.50336385457751,0.4655412125620284,6.5611595109956715,498.0672167432784,97.36870975871639,1
85.73157299073394,29.936793587021313,39.22254292785095,0.5668634114362661,7.306112859516348,852.3678338474609,50.713148851451784,0
49.91829028415073,26.724739589072918,32.36519029066821,0.992561801843109,8.576388370341215,313.0213664004282,85.79129169049895,1
57.92021603636916,32.82580308369188,32.97929807105313,0.6179769275002596,8.548039761910648,309.79660432745925,20.336423643792557,0
30.820944885640866,22.911929283178907,29.06755013427669,1.0936178475743037,7.5630891506948945,864.4755737443585,94.00483372501392,1
34.8959232002903,19.466235912167402,39.36523027158104,1.0296845372388979,9.213487374884204,556.7760934698318,79.64871202233316,3
45.51549546808704,33.921615398186105,32.2216621106389,0.42977951761591515,6.555136409793096,330.13548474776775,81.0605234627251,1
31.671134449264464,24.429337941979725,37.37581879012924,1.0872174955098075,6.461245404476932,541.5932594028933,39.586722644396936,3
67.88251956289506,27.798894374711768,32.48447164333053,1.408745891789916,7.9552256047017345,748.247808765336,49.07806231469094,0
55.58390140809735,31.46405314421333,33.3778956210099,0.4933318862229997,7.985188136867157,778.8442560064666,59.742078263969326,0
62.88871216368132,23.51333228588487,22.260273053556162,1.0164744251314648,5.686160158259896,804.7784796544696,79.18678808430141,3
40.47883115377977,30.17479714901939,22.586967450345476,0.7102384463240329,7.93111084954759,598.699632161193,85.05661845398332,1
47.75592176619696,20.302120446903075,34.574616239400726,0.8515340061283247,6.997744629396058,806.8622100575162,8.726485625841509,0
69.82946849116351,22.95199370249359,22.41765722924749,0.6444002148947638,8.489770101282236,557.0211461622782,90.50217636578428,1
87.91816341782399,20.46008081432084,29.069251770038292,0.7249567636172343,8.732422658181092,624.9419316737542,93.81216859792184,1
33.025006416132555,31.790919492823082,21.23380777266755,0.3346941879198687,7.708615278188146,731.1038615901517,59.69585303132177,0
83.42305925131596,21.78503699885535,35.42458452022673,1.4778620855006648,5.50682012600906,497.804704897356,19.488310712235688,3
64.61287207867251,30.195860441888577,17.76253378069225,1.0497599064872978,8.045463240666567,251.50704099714233,82.02306843764546,2
63.83517400533742,34.03607275317609,35.73616599404161,0.9008467085926624,8.495525118663737,445.1164498003883,55.31017384041029,0
60.01671211246562,26.97212755417091,30.068245012690046,0.760458419400392,6.4959330649260565,636.7609517571723,81.90244891792157,3
34.163645154251,27.18049626843169,19.67273837067693,0.947249470588833,7.358584004563156,334.6326587476338,81.66600453234234,1
35.39261110416964,25.837570657662805,28.550884637652956,0.7561271984589648,9.362906493647152,303.86975444974803,9.586202252893452,3
66.05472033954516,23.540132437691927,22.06247092118351,0.7318895129924079,6.692462213576414,405.15638121400633,61.095121408695746,0
50.4575142861335,26.08613552572359,23.086683368262413,0.8567358500664157,6.392613004166963,222.47802359447496,48.83128562760341,3
85.03608399466084,28.24772804853491,23.788201039922008,0.631179640405429,6.34341916191204,720.3960286608439,94.66582752995225,3
54.39543224156834,34.76185672690121,16.582981174308024,0.5160598799601426,7.735203337415985,381.1009215318371,30.36748790061424,0
38.59688752215847,33.94199750840981,39.64904211003544,0.9679270778163522,9.299148405232026,286.96687764561966,21.394010512901577,3
72.88313001012216,32.65660029098307,15.788365703280602,1.3113185233803613,7.934760516801418,689.3905911744047,89.81159874589632,1
47.60120528646059,33.11521910698259,31.56242182960696,0.4833938132710708,6.71329248095064,790.0496087803015,15.72284132111037,0
61.52821844135359,25.95343611596473,24.280691193935766,0.33928120872506234,8.054279112269816,213.91291710324492,68.96542641372172,2
71.8699671303102,29.176553562016903,31.150257273667474,0.5961740941848434,7.99936919039115,363.5198395188574,30.701961570339275,0
84.01584667212423,33.216134289915644,23.906206327189594,1.475664772144573,7.887700542918617,861.6626274087084,57.216729794250284,0
77.53147168810057,24.680163004853,31.843766156471467,1.294509688492007,6.137704827553208,469.67789515294265,62.00572385128485,3
70.58166407236345,34.34996213187297,33.23088773670902,1.0150392642343158,8.038267197379977,857.0144443673519,42.319558913838705,0
70.77799094370862,25.06836305517611,32.26381600999112,1.415098698291763,7.220657810057999,391.94877685947415,97.52153304347249,1
86.7554786419252,28.218405311684666,17.849049533953806,0.8343349402046936,5.574368234492134,352.6473449003524,14.051483640412934,3
47.74944584979217,30.066680125630324,31.422330866367115,1.4799367230902087,7.659057948589981,349.8758882095971,39.74850981463894,0
30.066725651771243,34.160064222290956,21.999688736352432,0.6555624541431408,9.45706698087367,259.66006229745676,43.60913736055726,3
46.317273563891916,22.158476658888524,15.720034264233337,0.5883668994191269,6.898958363375934,827.5026019563879,63.473647950621974,0
43.07348277760464,30.68422663005692,25.37076679722385,1.065657841376413,9.362236873274632,885.8845158430308,41.31871606125739,3
69.7100751068399,26.853864964449397,25.838577570095026,0.7537847615404325,5.884822966650378,868.1561650901465,10.60656512584416,3
68.02269598593173,22.565471390550897,26.679353333811164,1.0516386503715094,8.429800463469224,796.4196978790918,94.79556981990179,1
65.60768296228343,31.20231627653864,32.6206041347679,0.6659946219632229,5.957319978651341,792.8215353556826,42.19182908222988,3
30.974606592567223,27.387778762955392,22.721095228561477,1.0415019082055892,6.594286294221097,662.7598270182914,34.924698994490186,0
73.72668326703885,29.23655495104449,22.882012827598064,0.6308955127020437,7.7833633412884975,778.3495983654295,45.225490293226464,0
49.411824749129494,23.489318165824315,16.513806406031513,0.3611664825826679,7.871118775906996,345.83965504013344,22.44297253076332,0
69.90335934039786,26.181657181069284,32.1705303998074,1.3945630823078201,8.600845268936684,471.53884127098996,10.921946782196438,0
63.3947057101292,28.49502226679714,29.1956522849896,1.3598462422481545,7.961245628909757,648.5854053063235,15.709269431777395,0
50.56385552567443,24.883483842587346,23.7356278173447,1.4649577791272064,7.8744588175222425,812.3399327931174,17.4988278733524,0
38.07457602624646,21.372333177410923,32.629724472933866,1.1598326114656856,9.149412347956552,662.3286236581486,20.569670383373616,3
35.66513385962886,34.34788836936016,28.433943730671928,1.1192654132823634,7.308643008836629,787.3153708339441,42.57606101039303,0
79.89109998673342,26.694948180724495,26.731123646763493,0.9708036840897969,6.40106311478022,531.7646610945083,62.76602763537121,3
85.10385252489348,30.47664629489091,27.783113591528164,0.4511308996230272,6.147154340094521,702.112616393531,63.259895964646525,3
68.98728280585797,24.98780229045299,30.90870313167641,0.5270823731391241,7.099978387237999,885.9865644625606,1.009659386630759,0
36.206046891629,24.03723998843718,31.500065114364986,0.6473636264070435,8.351011020774783,307.4419899908304,92.17480902294159,1
54.12163301329444,24.921793073941124,22.22394547851793,1.3681876350880733,5.670173939719604,848.8444846211229,82.46187087269985,3
73.73635200630943,24.956342944356045,18.51858408477883,0.5075634295236902,6.0162135460376245,565.6547634893319,96.42986590416794,3
76.78925304060408,27.25106197101321,18.915854529762967,1.4074478093854688,5.924453840414557,650.2526215110406,36.63864812828909,3
37.093117337465316,27.238987789683172,30.984772147575043,0.9273428796617005,7.8410006122058356,814.5083048373589,66.8151283922503,0
30.001843130722946,26.451614870008818,36.821832144178146,1.1586835625676866,6.471458602125065,486.75792078662187,17.634054176353615,3
72.7282227528363,20.291358343596446,25.237406958638793,0.4322933840166798,6.165037713205586,493.08480242303546,81.88626969481327,3
51.395770559172334,26.43328313450903,19.238004008236558,0.622840258531093,7.871082878972089,569.0272854429702,16.975404572482518,0
45.268879897095616,20.874766307151077,33.915062457346366,1.4502223298177115,8.545239661809518,213.3714591477954,33.272584379967206,2
30.773848187371527,20.144308367028007,35.81223686048621,0.6193799363156776,6.828619665810658,547.6663266603455,49.592650738751345,0
62.41796440568998,33.85497719479985,37.014561078024165,0.6558260644693753,7.812818422706385,403.7610854959612,59.85863521642229,0
81.0690441255589,28.28415022351097,30.17078572284333,0.5371168618092954,5.892497652797841,849.567927674247,56.40366940438643,3
87.45789877635528,29.211330988117933,36.518213984702115,0.4548883983681954,9.24076412183028,261.4147091271219,11.10750515928973,3
63.94469703679735,24.830492395667186,15.385373961210192,0.5799091697447976,6.847584741259091,521.5243234138613,42.74592428352125,0
60.86767966439365,33.452675162552694,17.68089504423809,1.070792270340958,9.490022772694005,863.2277192641526,92.36801715637642,3
35.10338312935447,28.844818322854312,17.31440167630247,0.8464412802042762,9.414351023399128,830.7246752229343,87.36448424743331,3
62.93236809255598,31.075887781900988,32.81511710636833,0.9645070036054784,8.615293797343245,690.9439096621852,59.48756880220934,0
52.79874473792368,24.265561973471137,16.739544588589474,0.4468377945192291,5.580268381627867,612.5527363972523,57.660132969906535,3
66.42811685301461,34.32020197392514,27.409109311657676,1.26253973659548,7.673899681537453,396.5116559929881,12.055843082283689,0
53.3235808725928,31.947841932691354,26.81767246590723,1.2409136406958174,5.847345681760046,456.8699789267184,20.825685778720036,3
44.417947407022005,32.51712387124724,22.767588088956025,0.32590789337121046,9.080552103846065,263.0944053278891,26.01133451780551,3
35.69791651370259,20.927302546237822,36.760129248552495,0.760218113412366,8.658545010589611,750.2758084307663,49.33137712385676,0
48.89510667533374,22.606374533810733,19.2608300469999,0.3825247223653774,9.389361506382732,426.7088375326682,73.40424876147615,3
35.798690057265134,22.85565219462081,23.811569609980996,1.2505269352979496,7.933531812599181,667.4473293211452,46.61181020482156,0
40.613817049439035,22.605456795196808,34.35428750057323,1.1847236197508453,7.5886912179373525,450.31634403902945,13.480043141902376,0
89.24016951477276,32.5419387557729,15.760557859832106,1.3823857131517874,7.575895423777551,525.0313089773838,44.49553882412667,0
56.64621341439712,18.542041518546064,31.823760006159215,0.5836847507437375,7.04579349781738,588.5017306634766,17.10069212113995,0
61.91230599030099,19.293699812673164,35.409943159039265,0.8475550597533585,7.374760268916564,761.2966858734225,75.36358781759556,0
82.41711172423292,22.65655280070836,38.30669597095418,0.5213854525972773,8.041650332541401,347.8094642784763,17.48358518005332,0
89.73413402944126,21.397840569040543,36.90741601228712,0.7454819213689434,9.231790430225109,479.13577078089946,48.770864964901214,3
64.96286696068088,21.941613436008424,22.98460292084213,0.9266919018802608,7.883537353024124,291.0571003242723,69.64794666344821,2
78.74842926265029,31.5650342173061,29.659103533073814,0.36399694780630676,8.928463769269468,253.0323534448815,23.59160833057565,2
49.61646146020051,27.573152096164797,16.932337328761648,1.1578444928128622,8.951119645210003,623.2720493181544,8.526980656095317,0
48.34463744683747,18.098101241980455,21.446750088700213,0.9519520324452901,7.575330703393037,332.36373105123187,56.766648131400125,0
54.16222325967361,25.29848701697132,17.355559468687684,1.294750820652808,6.889878565990486,241.85953934826918,6.366063686934859,2
70.35043576041895,24.934043756456102,22.879682253849097,0.6261366014294367,8.058295493328323,827.9685518444838,59.18909565384863,0
70.93150135530593,19.93706958055724,36.879680336468226,1.3839853263231054,7.283509367659371,574.0200938497771,75.59635522103395,0
48.91436607896705,29.494410406224773,23.679170991857315,1.498433103636532,5.825763469287732,294.2397451820892,33.60228317555835,3
37.99259544819772,29.93565220245135,29.04745257503566,1.4031581260532093,7.011236401729734,237.39828921328478,49.34659149898852,2
67.94377538793051,30.255184723885662,25.83452120287352,1.2334709709997849,9.4762885521973,283.90203738955927,92.94742198426971,3
37.69955173132587,30.384006074496064,26.472913107468383,1.274842563448537,5.694047480105149,529.9360682244298,47.63977755337969,3
64.7095504937598,18.000898057849046,39.23930129591396,0.9884930910535037,8.286667647603707,667.9256786182284,99.6588520779455,1
71.60532768337853,34.216653665394276,22.403861706596448,0.5281846354951325,8.864754820284988,648.8960524902319,16.54323872440962,0
72.0366897836671,31.84154903992927,30.683111738079283,1.1124488221772608,8.094903613901515,301.09616038514895,71.18445634584562,0
75.2083266395758,33.36768884201785,25.501566739486176,1.1553036024719179,7.77899292465316,643.4422662863961,65.60924122152815,0
82.37156529393988,18.26593602022638,16.528654526192156,1.482462168321487,8.33021766791503,483.4059369523196,87.3581765391064,1
59.997539517887304,33.87559952835757,27.2332707906059,0.9495615795075862,7.217370949198623,525.3206490096255,10.151877987063532,0
73.81495137177427,31.76640498769778,35.33358322612771,0.6256428180300677,5.865446949235507,761.001284371722,28.740452558679852,3
67.1503641219502,32.232725430297876,17.468824217042208,1.1204070260874082,9.349487017213526,432.74956087574685,14.085743350273189,3
41.19839638786095,19.585885540273466,16.739796184907725,1.4752509835997456,7.229203079936784,302.89933301434763,93.37641710492022,1
31.54137869216449,30.55922649161616,18.840788009831666,0.5126566899229128,8.16155694867207,811.4171934964384,43.236897139880455,0
47.07248314061603,34.31858372391555,34.11000278473266,0.6911975022427232,7.625241747557181,348.49140310643656,91.09651870797184,1
56.582022380257165,29.535304804108733,33.09988460361845,0.9502571445272172,5.718692287910218,405.8209093882499,30.146292441523446,3
67.02635666571938,27.69954387861831,29.125444222652764,0.5042575618584058,9.310986403970155,694.6130412318357,13.510442034803537,3
80.99755983019233,34.075704521732945,26.70566010231581,0.32666476742392603,8.670148904457292,678.4852219403251,30.357190025615623,0
41.77474300236994,25.529931069485414,37.20814536756555,0.7043797469295008,6.096391577877579,760.2800148986801,60.120261573476846,3
37.53298739390863,28.18799062727814,34.167445595837066,1.3384449618012697,9.426595505153067,328.7066490135587,84.67802658667449,3
87.80879684845965,26.097750989404226,35.29855628254513,0.35216207918845777,8.447605488686833,446.5959253199423,39.15367862927469,0
36.482673562584424,33.858385763125085,35.33155753376636,0.8147148708203009,7.389286601713236,288.1182672693827,91.56605726609493,2
58.70946420643135,19.293440355013622,31.06792886863895,1.2146409275112988,7.945480226238293,578.727403018023,25.178973908114944,0
65.13382372759811,26.519034914030918,26.450365607898647,1.4438191162930623,5.92694672805839,404.7994147770909,69.66052804307292,3
62.482465254446296,29.67819150355245,36.61694381464126,1.4825704788053187,7.741646040062443,682.2549487059939,73.83562169774495,0
35.161929421976595,31.462411153178028,38.150185440081266,0.8063632567304899,5.794644288068238,200.24105758917875,28.122329013730983,3
33.42161484021716,27.91131700655032,15.595151081458575,1.440461153254941,7.679421028477208,241.77809892170546,3.6700179517522162,2
36.32900564766214,33.45160165006472,16.288871831656284,0.3425027679370365,7.710782755051142,502.79221036354033,37.15849686302479,0
65.13526103235675,34.01385459702582,38.96858242271093,1.1951003255982675,8.997755140642976,870.728909182898,5.474418583307472,0
62.66069325805927,19.09342679429092,21.92901534610487,1.0712952415603354,8.400230001089176,823.595971151428,90.17462376481559,1
44.02444752220465,24.840299172203366,36.83423599123547,0.5994262291033827,6.49820956886048,895.8063196433883,95.39900103047174,3
68.2664485107355,18.398803369259625,24.719877974035064,0.9087822008155786,9.053704568751428,491.7811574048314,73.80261167865405,3
79.20405012333896,23.60008317536553,17.97750144023389,0.45546448531259476,7.792970659392023,232.59794039162608,72.94177394606955,2
32.49473759079562,27.126759705500234,17.011080005233357,1.3459165811418732,7.925517914296135,414.16929941383364,24.84837427176133,0
59.887796612882546,33.48351381866913,18.912697477011413,0.7294777026547775,6.175925476888713,673.039596521766,8.318632079250378,3
71.35862472616142,32.39142348191185,21.24732987168412,1.0512533645588598,8.931094383876456,294.61466683719067,80.40835895023075,2
45.13871562418122,20.167495353423757,27.212958848270656,0.49053154354471473,9.223860460066176,409.9805251320007,56.35703122378339,3
48.46625431758895,19.581516370595228,32.53744751414459,0.5473978135574484,8.599962597979633,239.31631518140108,68.48112554793032,2
66.81827417936303,28.017544758863338,39.659964412132496,1.4903476449637825,9.263009810580025,532.476926873164,78.18446574053677,3
83.8761176066242,27.046005531799306,26.037668582229276,1.2037036733295952,6.709199616489384,346.2444743865616,41.53399262627462,0
78.59546521817396,22.528419904310404,27.954623558577744,1.454366243728885,8.944476673451085,263.8736188293017,15.310112407853453,2
64.98781314597501,33.2907024374152,28.04539253458139,0.6550213982544529,7.4555725714549705,487.85106663773536,79.70864313692664,0
73.81330306543495,33.76522896084641,28.485858887198404,0.49747545194378445,6.15566881177434,445.85778306190844,45.92279828361233,3
51.88934821246792,24.844394451782765,27.943516427611556,0.9036821561745971,8.175202396133605,576.2624158618446,82.86549885473733,1
68.45793168592547,33.13514347092985,15.219368876547946,0.893601938672812,8.236481082823516,724.3270587195474,44.33221552924126,0
57.97089546765342,24.527131202470535,15.043120552746018,0.5099358165095854,6.64769805502676,278.79811549855367,22.4846244372733,2
41.396168187453654,30.525886141104902,17.441657953153072,1.1798634834976922,5.60997332651028,753.787913147006,17.92949664872445,3
72.10429643263544,26.091017698311312,17.53891508572947,0.7341330413264808,6.299389036342253,218.4029859126261,74.64825389935761,3
63.38787824092932,20.08391366062211,32.6224227238699,0.5236382771166207,7.099110190695547,510.17133174709346,57.91402315660568,0
51.51729491721548,33.77488142102936,20.122900812899992,0.6983800734519461,6.170251644239475,611.2012008201174,41.05568714600396,3
84.68035140471784,25.719642087418123,37.367852618890325,0.9763904395620182,6.276119792958417,869.8990711978583,49.71955886294187,3
31.256047069603994,30.48627968548086,38.21515823942549,1.1717651186165319,7.065562657529078,601.7461188087548,55.41422192336744,0
48.94638907496976,24.241954845331968,39.39733344739747,0.8782690632689814,9.347146457234242,311.124435289972,24.702227740753806,3
33.412883866658795,18.320974935795988,38.4770326221755,0.9307139877940482,8.556974061630594,562.2792637407364,38.43839239007123,0
75.99163897329763,19.70901609776121,21.797208047963117,0.46673512313129806,6.7789936049062565,477.04876303399135,29.948735045863767,0
72.12644724682755,26.435731151328717,27.744421117587812,1.3976291096498785,9.306416275674193,535.5488973201706,39.4539608278171,3
49.88113312417902,29.72939407114816,19.386374254923524,1.4144690375904534,8.08258716903493,337.9679102613611,50.55565913827258,0
70.53977413242438,23.690500551847745,35.15524137931083,1.1201119085016045,7.321798578560561,550.5789296178903,18.162396366382225,0
53.756233571756994,29.823303806020057,37.210792628602405,0.3211576907208296,7.373200795820589,305.0278350036138,39.95799120223992,0
75.37522748534606,29.87680502034325,36.28222098243787,0.9444890590839912,7.142977871341568,720.8301564836089,39.16394988738543,0
57.25101976420237,29.966910424573122,25.834173717420875,1.0550627665063361,6.431968210183759,615.7343821579185,29.31437786738401,3
54.736783669899935,26.372871518348642,33.96684711716952,1.493585067549732,7.046528768854823,254.9693841142483,99.85113615544276,2
86.08379492929805,33.553064552065564,17.439479239406737,1.4952803462337563,7.61158553617357,822.7301275502858,8.289123390434845,0
45.05274599344202,26.316340805670464,16.006119265481267,1.3291334823906689,7.6121094029208844,631.4657232309469,64.65216278928784,0
37.22684039979393,25.654508289442848,33.83091035771902,0.3765971904313362,8.546947608850072,421.274938589482,18.269422047107128,0
65.07258679556749,21.38947392318066,25.633881858217094,1.4439316689344759,6.935191428629411,231.94967966911722,84.11287493923305,2
88.15930873705074,23.23013648505772,39.88873161848923,1.0351934965823988,8.36719211721581,642.5586870401431,91.50545706492079,1
52.6703528236312,18.719686372811157,17.43135539638831,1.2610641245750154,7.812367355074739,461.4081829438358,40.74632027828692,0
33.72220581772689,28.770099991474893,36.39069203838084,0.7886314196230242,9.347381618107338,835.3326734149413,82.52436649265026,3
50.358316038574046,22.225107646760577,26.999576638224795,0.6836033654815077,7.041139704135931,224.41448289992218,25.74103548565598,2
60.355899259173505,23.170639326252907,35.678754887596924,0.8558929745805695,9.104865857043162,227.37170473957033,14.866782225596896,3
39.71538039793282,31.10384686829346,35.428182054253625,0.47624941556259226,8.782570189193159,864.5095008348549,32.271948373858486,0
69.48613308338952,23.562760113744716,37.899800034051935,0.7284793665039673,8.050657138357828,875.4117619756544,34.825727375213674,0
89.86496334061204,22.117330164223418,22.44625028215257,1.3291409997219343,8.118057866968469,219.419558740847,40.338396933772316,2
57.104368558886634,20.873981735273,38.74498383655008,0.3455405835130578,5.838599738425643,701.2232644589293,37.92293525382406,3
51.283713403812754,31.172592837093248,18.791674008940507,0.48105365618952534,9.300898422373729,355.0463966301883,41.703300832199886,3
54.042250010068,20.20500638583046,17.049219439837263,0.45013939157938265,5.927744253982976,690.9749364002507,71.29330321470786,3
36.908770703712065,25.71381392425601,25.79038793430873,0.7836906512402737,7.752933234974028,808.1129576605886,25.312433153707786,0
82.99641608557343,26.617811973312307,35.708074216046064,1.496384281069034,6.820283201796618,270.5820352035928,2.838983980747047,2
54.889539331281114,29.68562851565715,26.83552826583614,0.5080295162536592,7.219407913159407,367.1364917334294,49.47837458674589,0
53.236464685490475,28.765819199660925,35.73216693826285,0.4745791795191122,7.940732043347268,216.85436782854637,45.380833176281534,2
69.58141637582847,31.782251440067974,33.24217014485763,1.3980668757313854,9.135405511529287,230.68089181110855,6.946433994499614,3
56.52200525586741,18.76077437674605,20.23570965347334,1.358460620359159,7.330268494289205,220.73250075244192,14.246338748639959,2
68.89400812847077,23.039492321249753,38.722040622486595,0.33868844399586534,9.450918221225765,760.4776494984901,51.48216857380449,3
33.68677740784725,22.762280019181457,16.519529215735083,1.2020471522151779,7.871248261405999,408.80487490154366,24.24032524193835,0
78.82340062333364,20.48228739506584,37.45699268859487,1.0865588417717154,6.142215770568698,545.2480077003923,87.88223112000325,3
86.43023717276415,22.91603031555953,22.61108622475935,1.2212889718232507,6.260037179325009,751.4909845179114,18.155956159490017,3
68.92592316956316,23.266010340429357,27.503702079109985,0.8934029457551065,8.364444142357005,546.4605638947027,2.9921405530031095,0
87.27395573152864,26.87203585276713,25.558796817518363,1.4896550621379547,5.701591176973527,500.43724383721724,45.30881316971497,3
39.0859388621978,29.282976141746353,19.295863922922905,0.35261642245315583,7.421366304888908,208.10124454262117,98.63014795021729,2
58.64497136882122,24.47870873140084,23.95367166004233,0.5812459036845669,6.092876439214066,597.6276517757293,63.75338010434116,3
66.10840403672684,30.23099393232748,19.82336090731988,0.7758551843683381,7.23287454071138,287.32015469596047,36.04894240493052,2
64.9041988452712,23.71481075585286,20.097161886513096,0.8397335298788438,8.499669688286879,735.2537685537184,2.669933135317974,0
54.087706745342594,22.934822514350927,19.676420900659508,1.4056408832394225,7.335251712965737,380.4164066705137,49.00989553448045,0
50.28506456197569,27.200196949569413,27.225434508664854,0.9720052368927106,6.153804435923708,671.9311875660585,21.440134211704596,3
37.609441353025126,18.40317812519844,34.94828418778289,0.3541331946244726,6.50770148142657,652.3564694772756,65.12765445921795,0
53.50454703373669,19.356415101778005,29.224250844031026,0.7894355561107942,6.97015835460873,631.6729220510141,58.71784087939882,0
39.759648906329105,25.10548224097096,37.33016471377105,0.799788494842884,5.778244733945659,386.8664052760348,27.25616376333131,3
74.0619405895331,34.029516093659865,30.913612214418105,1.4585891261253416,7.8373505443244875,386.9628440228977,7.819390687648492,0
42.529856129675395,30.265700257338203,32.23350289081511,1.0190365092253297,7.930135165112201,804.1336304089309,75.74690060599313,0
33.51391831707203,19.498151681509484,31.69018074317508,1.0627812853907266,5.74860770853027,208.9651328412989,58.96094536470128,3
63.14196826903406,32.38740621727485,26.236479829593527,1.155903637501525,7.109245284696648,327.06584341777057,84.37049870135421,1
65.7137839631641,30.449113100339076,32.23347055500207,1.2240471788185479,7.1560027315389,627.1196423493896,26.72020154803491,0
82.31478367683033,28.386090936945102,16.74269366172403,1.062061284242987,6.835278274210404,771.9323780822189,65.6333444132608,0
64.61889674506091,31.944980330356014,36.49628679789158,0.5846332213607226,7.730958961324447,450.8418560710011,12.749369552339811,0
50.72885122340674,24.86986741163027,34.445303586097936,1.3488550972093971,6.883829960240448,657.41042102756,29.889180883767526,0
78.18071289157923,21.765517864515495,21.130748955791972,1.1785437604927562,7.165637117911224,590.0094937341654,65.99737207585959,0
62.41673359124526,26.704397614848908,34.20081135635206,1.190244582116347,8.690094189766423,245.17807313742478,82.73254920933452,2
34.7568170778715,27.330309845089054,15.316065035000463,1.495868087081699,6.148437421720805,635.2251378514748,32.771624672591344,3
63.951033618794796,27.151548324168505,20.431164312022013,1.2630318418359792,7.976458781213683,769.7324305907455,80.08650209909362,1
84.48111272529974,27.60625445516179,16.6284309667724,1.2949816837861838,7.522377606763382,894.7138242095865,68.09749356705497,0
53.778757529893234,34.127983610066075,34.50567291544736,1.4416866188521902,6.720286549917397,220.748050856206,35.518802379252385,2
47.779548113988,33.338175592635935,33.896853779459676,0.48136079981867264,8.410138625961643,662.0407208087076,87.76329683669948,1
38.608167421081205,32.88718962150197,35.34090059504577,0.8972728517736814,7.704753438164592,490.1846872035735,51.41367753750769,0
39.08673131612144,31.62408578544666,15.112042333138222,0.996680428308945,7.409446107842781,206.8515220943437,65.17643543206214,2
55.96628906050913,34.03827782350985,27.530818166960202,0.6951308750669491,8.170677259084801,630.052660595958,50.06750284844453,0
65.74078944969177,19.674408908549854,32.62090493793342,1.3072840126734067,8.709161231925442,285.69910898894483,45.81927608858604,2
34.8369243101761,22.507095444577573,18.885028218475387,1.214903545974868,9.390675160134304,464.9967951323956,84.94979400664678,3
86.37411534150993,26.415951076127943,31.244768187815616,1.165059689409749,8.017401473505494,382.9569647418816,30.17573708882395,0
75.30801704671175,32.391086383097885,17.102752482742144,1.4965793277098003,8.997759941601531,452.81438158976954,4.626293014008743,0
65.19743509701976,26.58781709588645,19.53314640260783,0.6112576480900687,5.504366164091827,544.8869070506647,88.09848171095115,3
79.70632025633945,30.716590568807007,26.894920374865023,1.1825487020105054,7.620942770903564,451.4466727426601,82.67737135206713,1
34.8112054087268,20.362318389231575,31.33912881702755,0.9616853698870806,6.358590195080792,586.9123094126775,37.28948698239166,3
58.610332663987464,22.291034820601524,18.646728173847404,0.6755870189926513,5.876769828332549,367.05478316299764,19.359662731815913,3
67.8055876116998,30.440193615640432,19.63058327077345,0.492704244867751,7.627884068257568,644.753237199867,67.87783066179863,0
79.71917436709735,20.80047815109131,20.111159176641575,1.3750606044810565,8.487306024596377,797.6341028873974,8.797329459928285,0
77.00817360295606,23.973050889133756,20.96752011747446,1.0145465792494144,7.149090089897519,356.8469328406487,42.95172079834204,0
46.62415498280398,22.502726382830716,20.66384621315728,1.2899206051689536,8.18042979737774,555.5140510989357,9.500369832463084,0
86.45281017355225,23.947648801782133,24.87872771244092,0.9544139808018537,7.4588770153638,654.082849184922,60.19305785754752,0
37.46075048585222,30.041508834325494,31.34474127091807,0.5639724967848234,7.2483434638377044,595.2382918493913,3.6936299971533675,0
82.50801711726913,24.253402079427616,25.95079457836174,0.7050585757203902,6.6610265617434425,455.9546123345582,63.29459918779685,0
88.25641497627711,27.439476484334982,34.39934771874721,0.7578466109682558,7.030374058004018,649.5397956040238,67.64735175565026,0
40.62921139335754,19.698841909924965,32.98171264871537,1.4675217750044427,6.8991825231777115,219.77234434705338,49.227302987889956,2
73.32396385222711,31.685300784988673,18.163172851226893,0.306759934057659,8.084748736059526,458.9343623975031,18.325725600463574,0
32.417131126679905,24.28810663601812,16.2210405830186,1.4827992276294084,5.964074045116558,572.8285502487022,11.037999924093517,3
54.3253695083493,29.02508070356682,36.94853909999016,1.4765539621317967,5.870545474751224,214.42921118510526,32.01594246556332,3
60.97699795186044,30.331623228251154,16.995776664071837,1.4953809486361638,8.140051976833842,555.3541807790099,47.055461280401225,0
64.83871355457805,21.564235675898907,18.708479517992828,0.8719058147035617,7.6851922795155225,657.9781225359397,64.57862336763961,0
86.15623489491357,33.03947474420695,15.553331888952952,1.4565707635451994,7.22080038697063,731.4453883991315,1.1237626243314627,0
70.33504123765168,28.475812277318198,30.708409132466343,0.7747190182197927,6.109771537631614,279.3618569866013,71.39532800430095,3
58.87667707315422,25.288327409775185,29.559264078958712,0.33155332880206406,7.144108447477246,893.3954124241864,71.55848128040238,0
78.58050217595336,21.099698120829732,39.672591660881395,0.5692166236461174,8.658927053280046,624.3173909345669,45.00924284275749,0
87.03196925726454,34.01911594432052,37.1733099079293,1.4343554939248615,9.058484943157028,454.235654828631,34.997238129047226,3
31.32396892093745,30.836159470237625,25.271079437022742,0.31651763200247995,8.310306279856881,374.36499811969964,84.3885479023655,1
88.95127633536232,21.536417566465232,24.289646022813375,0.9551929625075699,5.739648703523523,601.0278031783903,78.67416072109157,3
35.16792834382082,23.741083170311818,22.42130085699963,0.39072190667361484,8.181639106404475,817.1981530165996,98.34433276325467,1
78.86320675612568,31.764462387497247,18.810173000947035,0.6436758941130942,6.463942358185179,564.3957772989554,37.82114972855626,3
46.82008515308475,29.826520274660762,18.452091415050226,0.405711420854264,6.761004972105621,663.0304389234722,90.77642788085274,1
37.930779465232305,31.018332976167315,18.307092700240137,1.3314343453356676,6.283492831839938,450.3875076783921,9.652786703402276,3
56.39133838283009,25.500418737619853,17.852868929669462,1.009284851577247,8.603023162480818,471.70660166228083,41.735140558834374,0
68.63739476685681,30.180096464916836,21.012801060138422,1.3825277588619755,8.094408490549116,400.3225740403244,47.07203775611724,0
52.8571107014085,24.57039328868653,22.66671575782791,1.126023839448274,7.947340218396723,693.9461060577678,44.64655730414236,0
33.27392449696194,21.59146958794934,39.03947427597289,1.4652349574941197,8.171890438677105,451.43128739159556,62.88472065468125,0
65.96766837952299,28.75550959230312,29.461831275047142,0.9118531857124879,6.447089045615614,333.50148282886744,17.850576044978723,3
84.14419656664049,34.5922367351795,39.68989436283202,1.0664526981154494,7.2785776573014465,458.58039981636654,86.77876500089894,1
52.992921956835104,23.280216513720603,24.31167369564183,0.9915705838668678,8.033014886195957,797.6790454829294,55.62463783542429,0
42.97996665784962,25.836483067613173,26.440665814736025,0.8811125153359352,8.0463761104732,716.7764305038464,90.51674525331318,1
56.55464075596892,29.45802330818751,23.114466479131977,1.3151512385076152,8.667407451020523,434.24859112449474,1.26053275812699,0
32.90176266292685,27.205606796082293,19.572191272413818,1.0734301628044323,6.648415866752442,834.7662753856916,63.36882324570665,0
79.22925506881649,32.33827252705384,18.57911769443948,1.2615747178265673,8.58134448678729,252.38284458222688,41.83332683862846,2
79.5804486570112,30.94962600998177,38.6269799451958,1.2436367239228958,7.260737922467743,234.82765398955024,51.00480711319629,2
65.2800278057777,18.99105246566007,39.670267044968895,0.5292541927863543,8.180690768235738,289.22924834966886,74.63664656724825,2
51.18617333630337,34.97316097670416,16.122737412718287,1.0801962390211723,7.322877520261147,281.5183291010222,23.488023085332273,2
77.987001866747,30.790841713230943,18.758646868294164,0.5395776230176009,9.294440679163774,261.48402050863837,21.285044086224413,3
63.281221487302034,32.686356376999925,25.588102307525567,0.999984573892525,6.217209058966578,662.9398283985947,70.59777395597716,3
79.55593851300097,29.07036110562089,19.65833690861018,1.1129216213355606,8.200020354329428,620.5896657587966,52.61521013547383,0
67.88752755498123,32.55684717679496,24.097009840672083,1.4966820859051042,7.806140003072636,653.3238574072002,24.130270708107346,0
77.06432839276783,19.91051057378806,18.227408746490834,0.33665037377968604,6.190924163790978,681.856237913421,48.917844832272124,3
65.9137795930656,23.911543204508366,26.412793918044756,0.4094908729364651,5.764025343246672,729.8158267364759,46.496282171938795,3
54.84846409293998,32.89915604127638,21.792365404231482,0.3924320356454778,8.696577555886655,345.02384924048727,69.45299831411585,0
87.47675159556826,21.428138591537166,23.79762639396652,0.778033543520088,6.129805334585061,635.6124592643598,1.263449258308661,3
62.46682949273068,19.330115675860387,17.35781628656869,1.2859060337829764,6.246026731143104,606.0340615354613,59.08926631137682,3
66.30537111243231,31.398021979068723,25.703201267753542,1.3128675993445629,9.413736895956157,860.5620180624317,60.96213690071527,3
43.229258364884956,32.20326464593604,39.581440274039245,1.184375514865382,8.369043405906524,362.657406967754,74.80550358160406,0
67.53904736563659,20.76508770922831,23.22082617202976,1.3762538901959371,6.50194736640489,241.10605406203197,89.03381613750946,2
64.29645896897662,32.52388170730616,36.910731871060875,0.6874319330033429,7.8637958406064055,657.4465488001802,44.5787899140572,0
41.090303876821494,29.675052525151884,36.07997854059213,0.4057855731027589,7.636447353610054,718.1209881656982,34.90950220657955,0
33.575225841188626,26.841405614681925,38.80146045743027,0.3697836335878201,8.87789307005539,398.2372040652855,11.129717373617344,0
66.26155918288626,32.114253277283545,34.75273780667736,1.3225592635432635,8.417282991330497,599.5939016577684,34.34674864443007,0
75.82153616101922,25.127237238422417,31.489920676470373,1.1765235532244296,8.826884501972742,241.6752458739054,7.779981779996363,2
61.40408225532049,21.297897255797754,36.41461110568644,1.138338367213345,6.346026351909449,872.0313888178023,80.47920032880403,3
43.606357519178744,22.84249550238043,16.89111701643374,0.7076116062548026,8.06087681746802,276.94748130941804,80.89360863673781,2
69.9913186015821,26.58778831098635,26.570766429970195,0.7558862263418714,5.660963433673521,247.299375306397,42.306528072183035,3
34.806343596576134,27.032623475443987,39.73140596537647,1.4497362346791831,5.775762449116881,230.87711164623335,26.704482153772595,3
56.51002228811728,31.69487404950097,34.240003782368305,0.376565692917522,8.354108130818389,499.09033455234686,12.683987469774905,0
39.80200550390521,31.452996302089687,39.05188445093057,1.228478084325351,5.597680410575725,268.011820420033,85.2724794361628,3
41.067543063593,27.883231472477775,34.49085890333698,0.6715599884500718,7.819060035602037,721.2537686689027,87.87203256015512,1
42.13763694949222,31.2733532172131,36.8720491860536,0.3468655420950673,8.86162039377812,829.211912438484,27.36267184439159,0
53.202423422638674,21.260148790992407,32.663240807579776,1.1910841328909472,7.019767233672114,382.1532526273999,62.5542942983086,0
33.06901233722386,18.851096960586005,34.01255011043099,0.6970942628140495,5.679361747359652,640.1411834759792,26.606712814248475,3
53.86760645574589,32.8517749847899,28.079450245987516,1.1665770224913559,8.355389798514906,229.63691290827245,23.2875360872143,2
60.70244682688205,19.28442639396708,38.105942520353324,1.149185259741744,9.218745809856603,470.59513018495676,3.0995970125101135,3
58.99765709797951,22.193703305647954,35.62597276558404,0.941744250519738,8.368685568233072,405.05947939940984,58.13878234102019,0
52.96704602418244,29.820422143614536,36.097124141640805,1.2328477550526584,7.813788972011102,360.0333675082512,15.844212775370162,0
80.34879648424516,24.960614939664254,31.825227524076308,0.9972459890054921,6.42011531951624,651.3064427400893,2.224747103826263,3
38.71960154523025,32.89733748856365,22.614498677181224,0.6439642234179128,5.561502496177988,291.1595624509754,11.380265269344912,3
60.341804626882436,23.06565650925858,15.890744884753483,1.1809383612773028,8.278688433916212,802.4973663078919,32.06314996719357,0
33.72248501739326,18.20181289337911,38.39137823523861,1.0069677790532683,6.424104703377171,665.3851344581143,67.24715582105945,3
34.269340732674586,23.11114588953265,29.65300872013742,0.3152727380279046,8.93265070872943,697.5146250816406,21.05968227988039,0
64.43195098062577,27.82727583614214,22.453574278703506,1.3819730133243713,7.365456475330445,854.7410160603677,88.8714656906355,1
63.96110549326926,24.390952381855985,18.728377696188446,0.954772341989176,7.622542329489825,859.6610100517603,29.560352627912053,0
82.68201077066742,27.092836847898838,35.738079137518866,1.342352718575438,8.515746177065466,586.1566266734651,33.79140265294134,0
63.47242053960439,32.90216802019532,35.91300486118947,1.3592842067786937,8.617722431213373,546.7658721001862,22.579740815245753,0
87.58746122429102,33.51224592191626,35.36269920326329,0.8339599880821063,8.070603332322273,434.7671257588371,26.126728370112,0
32.92169090399579,22.521559099119905,31.127067299169656,0.9091919957414771,9.253727261650972,700.9001271417278,8.339376340761039,3
35.88046108684446,25.85638804558831,24.150384689796898,0.7989052652107222,9.429193745281678,576.7462208858691,30.18228729290276,3
32.643951694222885,27.33544825910467,22.601757119506424,0.8393241303696546,9.287541777498468,853.0125558180872,86.10212850046167,3
41.1166110200124,34.1349117671002,15.213869252954254,1.3741765907660735,8.796716741375775,367.0381640988237,69.15402959816572,0
62.476206656500686,34.97649442579454,35.840188967206004,1.2457728167614932,8.322500880977007,417.17688037534356,87.65155218269604,1
68.73433088564568,22.00192323030595,17.18581743734106,0.45183081157869354,8.15330343152667,421.2633131939781,11.381042423556305,0
32.73510947692013,30.35865781287886,30.768874951019193,1.0323693378481151,5.915000707682136,764.198918189695,46.10604645337375,3
86.75825339073596,24.42652805796432,27.60187367100221,1.4950879684636107,6.58593738727645,269.3282322895066,23.69623242503139,2
80.52992259902285,18.137839347065626,28.16723397315878,1.0146608414789828,5.522752894117508,518.9543846922858,72.40034346505865,3
47.79674892942559,18.15729288141034,38.16782113269433,1.2430459507117266,6.0496394809359675,499.3065158811331,97.05354464786316,3
34.63125181358808,25.82962212855835,15.790375281781053,1.222873768057405,7.256917908676753,251.19773470963102,81.72058842597849,2
40.19322439314344,26.301693521073688,34.334805615719304,0.7203810310467942,6.086146203156293,487.557898981043,4.4925385083496305,3
37.61666482529836,18.383684841748526,16.301309959182678,0.7462191632447506,9.106653658707032,559.3645882987869,32.34930976977918,3
37.397026757936814,29.677766085163142,15.95384014838443,1.1688917061484838,8.722796741341128,245.57328475343928,3.829389354601832,2
61.113701319944035,22.9980576061142,25.745442453534547,0.8999802379258022,5.786447648358073,556.9034899112671,4.976529726167568,3
44.75084654960402,27.518182726111142,16.576879358574168,0.9846848509564656,6.495654861869064,871.4665332783808,8.872015112276975,3
51.488382991748665,23.11562424381212,34.728598782322806,1.155486948437805,8.776287538446034,885.2400262130726,28.356365968085626,0
89.37032000305935,20.841283352778223,28.23907734120843,1.2330900324468603,8.712184506239494,572.1758450128679,31.116073996174983,0
71.05885493552069,24.92195355618088,15.725969566494362,0.6258198932796857,9.281802200471155,560.5678528220712,40.64489781025393,3
86.93884002282007,21.94864720143851,16.01251716204799,0.47615251132435554,9.490191046469441,399.855716491474,41.08817835216332,3
38.55339330198694,27.09161660762586,30.316713243486987,0.6501535760684702,9.405080252964488,897.9808301984712,77.36949217247492,3
52.92836848995415,21.380085014870158,35.15279544146012,0.9090459901104906,7.140551942885766,391.9604197176582,14.998921114311077,0
63.283908196941255,26.64290160295866,25.94498828186934,0.7105695807564469,6.5013137752081285,517.0309103079694,16.61632096462151,0
34.60548371332428,20.675434752770748,28.86451678839061,0.9820353106171125,8.53364076170825,202.05384046187356,63.03231611555117,2
30.251246617677474,29.406570061258343,34.995736351247544,0.3641588689507541,6.697091570976124,444.4626036363958,57.602473067057176,0
70.22606002781505,30.81694063550421,30.26265435104548,0.9117004939365205,8.725601440525319,250.00821042617673,16.24646584272913,2
68.50917100808613,19.876701982248875,20.619005941470487,0.7415818883252494,7.635818921591698,720.6773392695926,85.374178258538,1
54.6473285999767,25.952641004634767,30.326300646736964,0.9416001058714589,8.675709100939816,592.7101171209526,33.57688199601954,0
59.37864456192196,19.20481891113285,30.70698647663034,0.8070400258619721,6.603519518868042,600.5203141013595,37.32976750590414,0
54.926580035525376,28.16910157421404,33.35267452202817,0.641071020765051,7.532109262215283,400.5579001297921,42.625548002624264,0
31.440302690693333,22.494873064803972,30.52185468892003,1.3849294865491628,7.756095174408728,770.4274031770815,32.94748520315464,0
50.122296373047746,26.969615766258034,39.23105326145095,0.5217179861056283,9.272432270880529,202.28964773187514,56.188050174990025,3
40.62493532383739,26.79683715953295,19.932207717926712,1.1176386906966715,6.566390307321669,433.52082541493445,39.476124592661655,0
35.905451346082124,33.71402388529461,38.77726698917691,1.4095736550988969,9.246752957139579,661.6482433212075,26.684037868583474,3
87.403226033361,27.334414783668286,28.458487258750406,0.9464039516225196,8.719435661862864,835.5457761918447,90.54301190336666,1
65.96158350252993,27.910974155211367,31.7989035123728,1.3516901862953785,8.423576216346781,364.2311698476632,31.52672327387532,0
73.71937705419616,24.828103137994464,17.486539936304744,0.44982177411994123,8.647481076740501,578.7700362091927,70.15040362141337,0
48.92182459596705,34.134353254107886,24.514398534452674,0.8925465243076898,7.921700183520228,576.5939943733247,35.375450265332724,0
53.588827769640915,31.212160460473363,34.23447866157932,0.8484303365771273,6.476320041849943,811.9220583305898,44.086778700869715,3
44.215439633803406,22.851889935148307,32.67277537747476,0.3097425684443938,6.2579798753594105,235.36182269188964,24.35840881673183,3
35.817940257925486,32.35156295819594,16.003484704135253,0.8319088096312013,8.965365743401563,497.1328927494951,75.48063231933817,0
40.741898246495026,25.350738123146527,28.664856587431117,0.7428357076591174,8.400557610383332,327.72597235435205,73.98312189119906,0
77.85084271778915,32.0873414400711,17.206954824210236,1.1037584733295385,6.352817131043796,215.07282020901863,3.201754635001918,3
70.65274831102656,31.989097160989534,39.89641072945406,1.4259957342918224,7.960373463497606,302.921658364338,6.959209989827891,0
62.81573255912861,21.210793174968526,37.43241471333236,0.4029493059144438,7.290185925656895,883.5294709937393,92.31526901974901,1
58.505392372006085,29.919399233520807,15.527016510713423,0.6929716640575476,6.134620679852375,350.3939566641875,88.99385787654722,3
85.34605701936746,22.94093047821103,36.466239472565775,0.8328776848731023,7.627428437428657,854.52154133506,51.102632085074504,0
34.364096866720104,23.05737538987536,37.98574001396019,0.8462224536412599,6.626076369865669,343.67803984165914,49.84238176427531,0
46.83604879427496,23.037917306969874,23.838705564086375,1.2297716650107045,5.884976496630286,851.9066591691391,81.42999326399546,3
50.99627121424284,30.334660208519118,32.987541376194145,0.8320747990001289,7.367833194181643,658.23465464022,14.70656454160302,0
76.94554873276726,21.907042710473114,26.05259365519447,0.33259356174438404,7.860434208374247,279.2530042513487,65.71621301324996,2
89.55087720971828,18.015399199183534,31.380812114408602,1.1521249135113976,5.687625641524602,607.3406085886045,48.1223164542387,3
44.44023088542919,30.159026509204764,23.507935107454784,1.361795634174806,7.108370997643988,422.959826278195,74.58977190224667,0
82.45844004822484,20.91014064519713,23.063980915831706,0.9166856550596074,6.530647679346741,468.2072091846491,3.9801763398870547,0
79.83736562590748,19.776200720233188,25.610847221439478,0.9973302260382064,5.62260236282893,508.11967048448116,59.67982942266992,3
43.479443858505995,22.037774050099024,18.63919396631253,0.4955237267628553,6.002650198446023,495.8949157712342,56.116093306340204,3
53.95995481195335,24.45830887948597,35.77847411088457,0.5647751336147484,6.056136635273511,664.8762233381202,84.24398462932935,3
54.580372157551146,26.090407567044412,23.717447384040916,0.5822042869495341,6.231496992471884,737.8576480135342,68.00679345794775,3
88.6932401115935,18.757690692114725,25.00373884764613,0.8168903698575543,8.713510285751685,430.42438244078494,88.13587548116811,1
40.853514082733895,34.49974665466513,37.351365317553615,1.4137742650747704,7.257967465912557,847.0547731799828,88.84005884261333,1
77.94947826628692,30.17307190813249,27.415595351579285,0.9261417200578632,6.0883439690815475,856.9264198132136,41.40823608907206,3
50.051562850386595,23.494299110513715,28.60634773377157,0.5305171742416231,5.901187867711557,228.4833060058004,14.6059792414295,3
73.85222074656963,23.417853373851756,38.91245311942746,0.6193052830427395,6.691761834916156,210.43615221811294,63.398081926396614,2
55.20066025773977,25.625223339263812,37.16815957862473,0.7608180356726211,8.692062074817809,497.54643110574267,87.50086374244253,1
64.70158578699241,28.64616198697156,19.23666772221099,1.0479107708313593,6.957839391758574,613.451675691361,8.420381075281313,0
79.95670639956786,20.488342132012452,26.830375747952626,0.8280397836048063,6.139589441175753,394.53332321644314,56.23440403538175,3
78.24993389903304,21.21180683400419,39.28240568571364,0.7709338130123099,7.11646472618464,381.58962576004205,12.384953139322569,0
81.98539101238201,32.61038790817037,24.309157455715066,0.9776743204787937,7.72124622914823,674.8336807964334,3.6726031837649935,0
33.57703952067954,22.356333706114235,24.289327712905,0.5902019939453585,5.618336734552056,621.1929992588989,68.28390004014251,3
71.5230331823847,24.463314965578018,19.87575579472886,0.3946839271014986,8.010567205760692,317.0028124951767,68.50311157534422,0
38.39924260330577,32.81162146615199,17.85807785297813,0.3292971777866665,7.080403012059158,819.1506742856112,60.465146454639836,0
54.94911408110466,29.273513099796983,33.507619768899545,0.6015109961605525,5.5389035005247775,675.9832491127489,86.06305758627792,3
62.91530490328131,23.809101948808703,34.25076171753791,0.40991044097336243,8.195557595785523,453.8033744183058,9.006767539554358,0
54.16436908480985,29.622892277318552,39.225324087575,0.7036087662249202,8.349550542250594,678.537282993805,11.420765908177176,0
61.17670054818045,18.334614661484032,34.33545527263408,1.2275202484317067,8.015359154234732,278.8571607374712,86.58900835996528,2
89.79157852791715,30.50592522019321,21.083812350839967,1.1595531965842059,6.867720870393689,527.7792872018392,50.82439526874005,0
38.11303882277129,26.27927268877607,16.002914457212885,1.0331131473456345,7.618419416263844,318.2890866916915,28.032228074985486,0
70.52736272018554,31.82409650383584,39.6359346092415,1.3230002926553746,7.048630824533742,229.00187228990563,74.07754082054345,2
53.76005798313692,34.22884008410996,23.51126738859014,0.638481149453132,8.302486920638778,436.82838920180984,89.5459685378358,1
37.980587934439725,33.73840534140766,22.799288560810517,1.3620645036359589,7.834320744934755,305.5148384365483,69.27072533409326,0
39.52420580245857,33.45750573874079,37.64888024373457,0.779087003603015,5.8271964553097995,643.4625698676773,79.40132707116646,3
86.95638637473701,26.70688925087608,29.627497463624653,0.7810719819199519,8.07237423287599,671.8475258123972,28.967226779324058,0
82.77608980270571,24.122415940361947,20.371779346228365,0.7864219363506257,8.248953657351207,304.08461435862233,29.5887605816437,0
84.4225176249013,25.905600520421437,37.22740606790599,0.4177132394891777,6.982808722458797,217.2291039223984,86.54826415510861,2
89.4919665496432,29.728232056327133,39.83402137636858,1.4705885979972668,9.003143123838818,754.9673931446123,61.87142201686632,3
42.498923400511075,33.02796220681017,17.166964028770767,0.466208133390191,8.87205741937985,201.4399145099936,24.18211241569991,2
51.3263602418437,21.51876715100203,36.556290707562184,0.7090628693630214,6.200666095598951,440.7391624286521,52.89201973075901,3
70.153141795492,33.60928369384895,24.76289244210985,0.6831603843921086,9.117065233943475,546.2083086319689,68.90018667575268,3
59.028152391638834,31.858063943488112,28.10181116266761,0.38961531938005156,7.26348948598031,773.049531976903,22.63635904382801,0
55.10337200270001,34.640552258029985,37.87039939412452,0.482712156134252,8.394998610537174,786.9910499222984,65.83573441256586,0
51.46867496013559,32.96428014578868,39.334479894377935,0.35383000342246296,8.756388027868944,707.4576084273187,5.17234013195901,0
65.62683791660713,22.758934604762413,21.554097760219985,0.6508853922726161,7.520449684278759,373.0383357779285,31.06547067741196,0
64.53560571840492,19.801250492848812,20.321269273997846,1.3399883088346878,7.096407757483263,704.1308540234195,67.72320936088536,0
39.687470043854404,19.908098223857007,17.012913964787796,0.7073306468848614,9.161805474460394,372.5774385138592,15.785557483500256,3
58.30439025110634,22.950796415830695,29.04494631655345,0.4484301984808551,6.423414211741693,350.2257342121911,22.99770403360739,3
63.20830657259099,28.441123307737165,15.340109886266706,1.0748326420607015,6.5278803108765775,582.9895679613727,88.03023574548054,1
64.21721632388343,31.673445543651933,25.297457440248415,1.4959210944658927,6.946481256053748,675.1981106838439,67.75778884372923,0
42.60643157474111,33.287255218686596,16.834600416300212,0.578788547438313,8.937863111882262,237.1362361381764,50.3929523154107,2
74.53628353513722,28.603807534276957,25.130644573233347,0.6354852064446833,9.255153056852304,242.01582078722592,21.878445820617777,3
31.511945689264177,18.095732316716912,15.998304731640232,1.4662164651369463,6.380270859019447,748.9194807717529,34.79955600164355,3
51.28991133258976,21.16738520081507,35.88043151521922,0.5145315450605845,8.955480590524981,801.6480756758359,57.85871933044856,0
76.81275891213801,19.695345465507256,20.243474848464146,0.9134568809509966,6.532811837874277,623.1086414393258,16.375946796562175,0
63.83357526332414,24.17651608467317,23.2077177589478,0.5875825596193138,9.382564986999553,500.1796067948202,48.692663909920704,3
45.66974595065162,26.52296689177368,36.7511999151598,1.4188222774814927,7.88963156792633,791.7215357194301,41.48846501966422,0
71.69718716058287,18.737752035835534,33.65665153330512,1.477825217491553,5.528345869789529,710.171922942731,48.19204680133421,3
64.0434566493644,23.924125588526138,20.47595904105146,1.2776374153440184,5.636519616284712,605.715938901888,11.450521306749643,3
77.77461656738323,21.046054468630484,16.7974854664374,0.6777405789753727,6.089938123218834,423.82998536413436,11.54321161745783,3
74.1015111713894,29.000192826400855,32.89184442138349,0.784184970336606,6.250292631275027,338.5965431597714,96.44698432188581,3
66.60647532217408,25.89263027851378,24.76756376720273,0.5907668203997056,8.570476491306387,493.071127490061,97.95740563875209,1
59.29066051864884,26.42039999787645,34.151999977955526,1.3689095604107897,6.3910635056678,400.7758031721481,43.190301133270005,3
37.9909275400514,25.27076039656884,26.13236930938026,1.3974699332257898,9.37656648019944,437.4810114141227,79.1105499114329,3
45.679981073123024,34.25233507827164,23.65006032430691,0.8026447946952566,8.044448228811753,560.9417387184227,65.92335126538461,0
55.14596837502512,21.650497127066576,26.28013520530991,1.0878396838836022,8.27007003701407,318.3657698661268,12.574768607220507,0
65.95795722038332,26.783292417345862,33.71397464176692,0.4986638157296326,6.37126607714083,764.3236760516778,30.37118707613508,3
60.82247131291829,30.51229526221071,37.555507163509354,0.8219230804360909,9.070825256380338,301.8706232003372,32.05148945580753,3
47.29107155757177,27.466355023287562,16.244179914714387,1.0577989280081972,8.171258291279726,536.6955475946667,59.981669051063164,0
30.387861467382635,33.79335505718562,28.102788530673877,0.7624837422216235,8.957622497367456,722.1799366563056,58.41769451913253,0
59.77435331404884,24.42546204590183,15.82088572709694,0.7291194308237519,9.325924388924907,539.5144953827173,92.4273606765728,3
47.137559313734585,25.882488698144027,26.710238625608966,0.3011987907203312,6.002563908438386,452.71544451204716,79.21359508365111,3
74.0764980426321,19.504879358650385,37.13207072742251,1.2651521565325368,5.886348921075783,532.4239140759257,85.82791879569439,3
31.43677591622901,28.352984887882783,24.03975666050774,1.3672051344257379,8.713631306358543,794.0694892118984,89.23163274748993,1
65.08966867834745,22.8996034636178,38.31126052701608,1.4633562354549985,8.964504236376682,893.3021887987703,80.32639058294306,1
86.48845425036393,20.72525367176467,30.765211791265237,1.1631256620830586,7.835045683511943,641.8003025026048,33.95524484465366,0
40.46455602668997,27.257031979376638,38.35388359482516,0.9585507748438615,6.964002191002082,755.4108298540905,22.286284162115503,0
58.29896944503572,27.049274477458482,33.92916563531299,0.6231414237704512,8.110518544300895,210.14208031150207,57.604966464083645,2
35.48531950902829,19.289817900808806,17.58587916621906,1.4991593711561981,6.722656290369829,816.2550866672009,69.26726332887856,0
67.54091473568116,29.869662709406036,20.778784189066926,1.0077034254385266,6.453542768613873,867.8348319495427,39.270228927353415,3
63.031900835773534,28.604127241064496,24.854261364587657,1.1173848867965355,7.452580838109062,602.6185392302993,84.98552634648651,1
54.441931452769936,21.21329380669045,19.2526720503019,1.118887394346381,6.364615310425519,727.6634034421538,96.09609268898036,3
61.28262128842447,25.980392656618747,27.372790119416514,1.3143021549086178,7.434814433260692,558.9213200720524,57.37017688759785,0
83.79447950814061,30.24548958013552,26.784203892537263,0.31160704661630306,9.326426021854289,400.3426183189128,46.20261415940561,3
41.77765813866402,27.0004075892017,38.90647995068453,0.5642963285176461,8.859136142469563,796.573580388109,84.44582457730928,1
31.353870702320833,24.723314295120694,25.84319707239944,1.0986408002040167,9.26652367800009,617.7856983971592,3.4026851519492793,3
81.69989308194606,23.47975378737604,34.640670107199945,1.3741748841894814,8.725315899389434,605.5681586539849,13.772248967590558,0
64.62702494327439,28.37669573294891,38.547763621287,1.1224065383056274,6.919003743785106,661.3925426888445,84.72010824162051,1
83.43950732771054,33.96484787127409,36.92472077434964,0.7961895497924161,8.748180954206237,799.2022160801939,73.47082997915125,0
65.81671340479036,29.419662288117216,20.216690612789797,0.733866595044314,9.191662974212857,712.334288039675,42.19753312222827,3
78.60966539758215,19.270680361817362,27.400747356338606,1.1855376099399844,9.288143151348217,347.78693595102163,88.99633391471609,3
55.78040180130888,25.831644549196273,23.693494557398143,1.189485236564632,8.232791402739988,526.7764810851237,35.79437047689333,0
74.99159587729613,33.14401023568067,24.99646737843039,1.0284695910068284,6.345466575260453,886.2088323903444,63.750690428824825,3
84.78248801339136,19.605861238618477,24.020170656143783,0.6497604289168044,5.658916613458763,588.1924996339422,63.79911256226568,3
64.32737782333237,34.810887106338235,35.6589802543751,1.4101857820686523,6.0888009126406235,856.771747429559,19.248857368809386,3
40.84710903374277,34.134179691972165,26.303476378061184,0.9622559305423668,9.362187671575782,769.3586404191392,29.20032188024174,3
46.12785690181189,19.330666172407888,28.092358306117205,1.2485908274979967,7.348387296771078,666.2164092661312,91.68468534691249,1
41.918674613844345,33.868026447642436,39.56118392617687,0.557169914594198,8.91994405932823,444.5556418618287,19.158070525548286,0
44.81142165574397,24.173254034410856,16.499481804787912,0.7128489463376735,7.360176614233165,413.0235432678073,18.183887562914826,0
48.38492696106218,32.36005584028966,27.19894099476872,1.349495419664811,8.143270333839357,650.3947457083116,48.48193189965353,0
63.30802720519131,25.112516741125617,34.3515426736529,0.36012843592796207,5.596563108489335,502.79286859248754,10.127539455546255,3
65.27949776782997,25.49453691594277,18.779048954705665,0.9147783735079944,6.499459770877467,759.127535971709,89.56799270945297,3
55.58998483451167,28.782132546618225,30.28828986536935,0.8780465758128109,7.245077120170357,732.3197176781371,10.914764692934636,0
66.92524678925012,31.166116127691716,20.98661948836167,1.2014762266896986,8.022524188616654,418.49134071696,62.03919020723865,0
34.89449553668196,18.574415566120226,36.685102830614184,0.6382725247191989,6.1860847522127145,691.9101481432334,34.63840378808649,3
35.2672942234896,28.083651923961284,23.17749163500198,0.5628801862315194,8.55820585708196,546.1851330680288,80.62301566163235,1
40.30976762145951,21.17446089965531,23.22657042252274,1.4113594065278805,6.95761882454495,426.30447056979796,59.39126383098632,0
61.084649882420685,23.88114180367445,29.954846962947336,0.9860515823501577,8.769741076935539,489.076614935248,39.44230796686438,0
42.839680721898816,23.91546732463868,19.58907270299772,0.42562748194038535,5.89187636158027,826.7463070485833,98.40342546993627,3
46.99706420955464,25.97402578375961,22.122215972576527,0.5316433946571852,8.219026350729488,451.6623844857784,7.556867858087536,0
54.01877017037964,23.680319001894947,25.415796252985288,1.498591271417098,6.673313332826041,401.1794913236206,58.20084401983699,0
78.7119674406228,19.825139013661353,23.84094657850276,0.5347307955026308,8.681532696490471,446.26505449709646,98.96726284286045,1
30.831728154771607,20.475688554932674,28.12193045013956,1.0325706136244144,7.108681708169643,350.2329053460842,69.40431167808869,0
68.96272921419734,18.56844575453866,29.991003601724156,0.8041536947947416,8.161398529054265,581.2444911774301,74.23719353257711,0
70.13259186244112,25.994234450588824,29.166686343754115,1.3627189138198024,9.237221074545893,303.20550542577257,4.177023313369106,3
77.9193468213982,34.225610812500804,31.354207799798306,1.2062023107543933,5.582506528055058,772.2106505058415,3.1149531465992775,3
85.9651763436188,19.96647880201798,22.693737915195506,1.016341675514179,5.5444671293374945,357.90617307193827,4.57490108623709,3
31.20827093695739,34.0864963810524,18.160655678875703,0.312886778157579,8.581117008706855,618.638519277752,99.18066631544697,1
39.22702233079297,30.46714575044559,34.020188535776924,1.3557542489921515,8.085572206032312,287.5178492439255,97.9724563133443,2
83.17027764335958,28.837479649880773,36.26950956576705,0.8336009650064595,6.671918882017731,884.9172037500284,34.11638365066192,0
57.511113731220924,28.96972184050057,21.425155805560806,1.4178931836222919,7.47758681109705,518.202821225553,29.80719981031706,0
63.87543833600781,32.0543700227368,25.177298903950494,0.8946468154250413,5.667742662395475,775.5199385311702,15.449915806266583,3
69.78163222338884,19.817637694456963,27.464230424088882,1.1330693870192705,6.269782421444964,738.0534849549886,33.584889617311084,3
70.74399626973823,26.58082350061421,28.33317106882341,0.38315117935997056,7.19798549810867,699.5851330019752,37.64484312417976,0
85.90442419899048,29.850549350432892,31.487254277191298,1.1941819842321428,8.836177664885929,779.1554098432268,75.07999885914433,0
89.81696504470017,27.975947566250582,16.040080833883035,0.7055952375743075,7.41866873144034,270.3245260617941,86.76306173905374,2
73.20944765585642,32.157244207396005,33.03692706835042,0.7216308171981369,7.845450018103914,674.9480382303734,74.92677685439742,0
47.233272552309046,19.228619053192975,16.549275174485256,0.4423870136512679,8.995015167975122,386.0790646916468,65.00103500846167,0
82.78514413766061,29.741917671485822,26.7072141918217,0.4762285783682427,6.735275654355381,750.1101648466129,76.82410773079098,0
32.9532548724457,27.078471416540204,35.69177838922985,0.5229108674474522,8.302797284408223,869.8081318935222,74.11125043602873,0
43.86485117246977,24.445734687659037,26.280382831959905,0.6938474022857068,8.946669034713013,831.0426708898871,48.09921967930908,0
83.84314304782289,23.784674697978524,18.727243719206193,1.3703638953307264,6.310462802784707,280.46655573156625,34.24928884367442,3
45.3714908663613,28.554154757161278,39.625846125148996,0.7419122858760965,6.9259126605913295,458.6866944709747,28.995290970882355,0
43.239063577304904,33.146921368952505,37.232136551856584,1.169235247875862,9.41924069555742,455.02593003831987,68.25619049176538,3
38.287517588414836,26.43499074371896,34.28284083062535,0.3992970046678457,9.432874259184844,285.60738645167146,95.97110832007729,3
81.54670545881498,32.020293789307644,25.28779007248026,1.0093185591263911,6.392919721175751,268.6882373427792,58.52441717462738,3
60.00349555146521,24.83665849134745,19.596143172232445,0.8782694775245274,5.7657833555705125,469.4230944784272,91.34012374475434,3
70.49359218324929,19.740705867484003,38.535279535462536,1.4735495363454054,6.583686445240211,894.4500853475579,2.408707726321804,0
44.34398304450178,19.045597519796857,28.308778162928476,1.3154493238547555,7.090927829214749,598.2598557463926,79.65259402686458,0
75.48242526067298,18.872684312502518,36.30888650968713,0.8457957269263796,7.264022403724654,635.2471400229794,85.50666313804788,1
75.60033269772592,24.462552413280388,23.552375143985643,1.2301713168544064,7.975225229321694,529.7132370130776,63.46838995642588,0
48.75588149449801,23.733041764209315,23.382207926986766,0.531646489552533,9.098011040526185,663.631386612816,93.47203893681123,3
54.640957980616975,30.204929401583684,39.63851201685098,0.9748035928701337,6.82139204762865,869.6634565213387,59.40138629524866,0
42.581416645812055,30.627965526942717,28.045826212371246,0.3895428666824498,8.899938141996834,612.0885675300742,24.81315335014818,0
88.59366139937426,18.864517470173578,18.517385596518658,0.7177068387020197,5.873915683706508,245.5269218048353,22.356005715371232,3
68.73615462350469,21.759095469113255,20.491866949867685,0.5710346179466044,5.667498795892859,545.023398417739,56.02779040257881,3
86.07263284293093,22.662451452701294,27.04860698481802,1.162691778390253,7.516180732493845,894.9258912763659,90.74190911912488,1
48.20313261774799,27.30940373042776,16.061772762210282,0.8881088294572337,5.73864889332242,471.1819044159843,8.164426629752622,3
76.91345477981338,20.456758806418154,26.563349634457513,1.2012845746176126,7.069959204936921,615.7168660501305,60.834660708880186,0
75.95151863308452,20.277000729800008,25.473521052003193,0.9183545251577347,9.087112467476938,274.64573440017193,77.21054382522043,3
71.4993391119925,34.04441111653529,34.48340663298717,0.4037813305819662,6.465932144829893,298.8263491155968,12.424804892733345,3
87.93833851600803,31.671449424062278,23.873549112231046,1.1824411796790322,8.323903100499614,812.2770172077737,12.56019938048928,0
53.613320166378934,21.071133335549895,39.563719038489985,1.2998751167853666,6.7094615695602675,410.24123977612805,37.24667167028922,0
37.843039415385434,24.911652734393346,19.51924798252258,1.3842374710953511,5.679680220968542,413.81589134821513,28.11423618142197,3
70.30253155464365,24.045573987378614,29.774667124203372,0.9863903343680498,7.726762325641237,471.0490972016297,20.633101730475286,0
73.75858802863237,31.447069259111924,17.242482425206365,1.2043024307993941,8.839413962147006,876.5350710331658,20.670723187523176,0
64.50363440752888,26.673619580128076,33.346599599849554,1.2024532042591525,7.137873793370478,259.0733472258135,13.93623421005875,2
42.40907358800378,20.17344552888894,39.868842201549285,0.4868997117587332,7.969175305832348,773.1348717859345,61.47454729511329,0
60.26735650016133,30.56286507365615,35.47846594379081,0.49706482495148485,9.100094390630904,439.09051352619053,69.12443475482462,3
48.731384194147765,24.747095629823622,28.892588518007532,0.3850626069709513,8.658778050947951,794.6276181898324,70.59068646102541,0
55.64799169000135,22.4697122097465,27.1185339349923,0.6838963621683618,6.275505597571277,894.2289546531797,53.703043637722004,3
68.71311455067983,24.383476574352244,35.87574903167118,0.8682103052892773,8.433535837460024,444.0671871482235,95.3377206968911,1
74.71288456145007,26.461861581317237,38.3993521177681,1.4974774233050603,7.507572100640608,290.5494563486487,88.17274498141651,2
43.933481454080585,23.832963779089162,39.73016314495233,0.8171920104818033,8.48386723154434,301.06284858804975,95.80548312396172,1
54.3195216388172,22.112398134059884,24.913480689112102,1.1714911062088451,7.478062202088873,731.1186236644302,39.49075233459062,0
46.14969425949775,24.774534489667666,39.772936869862804,1.1320764315270415,6.011832656433212,301.4450866366956,87.90053283554744,3
41.91789683171215,18.32593948274827,18.898156304345786,0.5453783403006955,7.779637786756957,382.29509797424566,76.52459524128149,0
77.0032331997503,31.132463383637337,21.33874439829773,0.3702085817393237,7.468535969589359,343.07884056345586,34.65731740036729,0
84.55516166621955,20.906063190648958,17.225403118347405,0.9552081018403049,7.571686934565767,448.9749948216878,11.55273259191771,0
52.2139311410746,18.74637843172083,21.79346291211204,1.1403667107773712,9.015609814583481,252.05660260478123,68.57950373978396,3
75.07673546242602,29.112877779386345,34.19843879045028,1.497902148223507,9.079348186825005,799.7197376850806,14.508780088066155,3
83.81971736186466,31.15691419000243,36.32310895446125,0.7303332627374048,7.314148427062873,802.1024182606955,30.083804893110095,0
80.7674526318139,31.835095237078335,34.4723161275643,1.375637474497316,7.322928165120354,489.05302893788286,50.53609306793494,0
40.96880331235356,26.3896561052302,30.776644454192407,0.7583189470430237,7.560747835490464,628.4612983164327,68.30837097969884,0
87.37751289080168,21.49125913972975,27.84916281306614,1.1272940501166153,7.578357113337027,649.3660996330133,92.6965380625332,1
52.600586425767744,30.532870513247055,32.71760723034116,1.0179035166204624,9.301548576716451,724.4806807421502,59.73076444005066,3
50.35443967043018,29.89512231162373,24.770838731680545,0.3635745519631163,8.097601869509974,564.4830612808357,67.46989686753739,0
33.74587963666682,22.186602479753944,36.032708787492545,0.39406611236431016,6.609827979551776,557.2352318091802,31.691371164946826,0
59.17041924629298,33.35793184966748,31.929752349419637,0.32491690766935316,7.62614718781596,641.9126441297476,69.04196902642535,0
36.54081693845572,19.774314787408095,32.445117462360216,0.7450009015127874,8.008894331631932,692.1338769689143,44.34122195227738,0
44.91238925564556,34.70570007305254,28.39839982822678,1.1949612585192129,8.059086884055858,442.68326392047624,85.83618710549361,1
49.01655730603689,32.624212786616894,37.13072460527931,0.5073064727888672,7.841016904952731,431.25933128817053,39.85260087624596,0
78.52957940950104,29.694276973144277,21.300368341976313,1.027023562060675,6.210944618486149,388.8028828671364,47.35893014399913,3
82.5293190237538,33.95874810075716,24.52869133402627,0.6465933360372935,5.6343727563180295,584.192588718924,43.82618793411553,3
48.14797904768818,30.27928986150303,34.44106424194223,1.2563911487748864,6.851372209467417,452.10898268904066,81.30116059643112,1
81.52188727467444,21.23776894951078,27.318722403233444,1.258075378803589,7.210088618241015,578.2192873953422,95.41622050417863,1
81.43385624218746,25.5166543479178,37.23035033560477,1.2304974179597081,5.747216958304346,484.1893360788451,33.400353797344124,3
75.87905702309241,19.2155514136378,23.659982994071306,0.9298002165616521,8.759869352079384,785.7139277868625,48.0277621754456,0
38.801706840910896,24.62417617889796,24.23325422049112,0.6414800520958219,6.876309750041095,251.19116782182252,70.88670040263032,2
71.41937081404373,30.607251335532546,37.21839473466564,1.2713328526543615,9.154530984714018,600.5474155232723,89.64278058143837,3
86.70144387483413,24.569536965823897,26.609258004551027,0.5233206743270898,6.117640431369061,602.9366254110384,49.876368987756045,3
70.95242872602942,23.61500098295828,27.903114605062168,0.6477115224343872,5.727739827749254,468.6021173770899,11.780457314446,3
49.89701094647003,28.121047282675303,23.319092883391985,0.520737247392746,7.429264417545287,494.7146261942002,37.498466966630836,0
60.03475904584988,32.82747699298122,21.916748554477046,1.1090521924651773,6.256517347302827,760.09195261805,55.485826658571185,3
68.74350260106323,18.80891427328391,31.3987177709598,1.1234832337389817,9.249597102311444,396.4715971822344,42.33493599063723,3
60.634224523710216,24.552997389895502,17.996016538530096,1.0830119913441036,5.541213593814955,809.982653998314,19.46901695201894,3
37.19717650385819,20.690092610859466,36.98181602957273,0.7987217602376013,7.15047870023614,827.4403128942853,4.661960038978532,0
48.72384267912124,29.821022262441783,34.48007841912769,0.42020520864171984,9.206991085380674,655.4335130815372,69.0534579419096,3
78.14376183321795,19.79731752732929,19.76870659264507,1.3934035014180255,7.037672826919073,741.0003995956689,99.28098188693711,1
81.68508276573104,29.301731895864158,32.35049864561414,0.9092771568146858,5.872437122401843,629.0632698481419,92.00145675576509,3
38.23800196293421,22.865074803564426,30.06582303214087,0.7883666338933097,6.711579771447148,567.6813796226141,68.64382017522054,0
87.14320514392347,21.38158583353282,19.613376268416104,1.0065898718979518,7.492041575337733,876.6744279751607,84.3114510431265,1
49.72935707091656,33.91799348302475,21.830087651255813,0.5313485229829269,6.240606749373333,397.8584749592249,26.317034228252123,3
69.7388243238432,18.31491780468125,25.22466259334586,0.45905853492584925,7.366246820573048,307.9056626501785,62.62100917176619,0
75.10950875740087,25.442213622122672,32.48106838113685,0.7866302657495323,8.84537278314335,401.2397541997607,6.999817324497577,0
78.716774078273,18.367658871850495,30.96808522042515,0.5726648329198927,8.990471880786451,630.2379258656116,71.01120880393331,0
86.74498213355581,26.221081817773594,28.305871191917447,0.5931483534445974,5.6970429388429285,329.6284066708006,97.01736156340259,3
48.77517288172936,26.51780542250511,34.21026357785085,1.3710137853342352,6.143613432210294,836.1698302584199,86.21893341456804,3
81.51038727309327,23.4682620137107,33.94844349015415,0.9369110126229898,6.601160543067216,487.71708046577487,53.9096466023921,0
37.901214206172426,20.246750217925403,30.4464788515564,0.8801628771880212,7.879463403550407,794.9740148042905,79.08528171196488,0
72.30245438121557,24.39858814148608,34.674752084620636,1.1273755124743168,6.9439790351698685,374.46558117017173,94.4459821848683,1
74.51866377083915,29.42846997885362,23.35658436948023,1.4418577364120875,8.876163653784301,419.2178485579233,22.385740215982324,0
70.66339447207923,31.300728746955805,37.03123820806514,0.43463827736467686,8.366687473131751,241.4563780207476,79.53259278476042,2
45.13888416810918,27.02276024059842,30.37275214504852,1.3002414805311087,5.901824092454033,380.43738452990175,27.714848838916485,3
82.3825888209122,28.027184705475847,35.55908784531076,1.000823015841415,7.998230010048365,543.2196732743109,87.81779477202699,1
40.1315078022237,21.410478309119096,28.6569776197571,0.47539842457420467,5.952050501387914,862.2958424062696,10.737096063324403,3
33.21808749124985,22.88461566487004,20.460956124717008,0.6565791824267899,6.52014267854584,472.2320817240487,18.643623468114306,0
73.04789943671473,20.752225370890095,28.560253216957715,0.8788336997576873,6.211482534136913,647.8207156383421,72.34102988370837,3
58.52854291396402,22.238020950078393,24.2777915944147,1.1294125734929075,6.192247796802819,499.3970822281516,18.30297288246165,3
80.94588119752056,21.823075263834042,32.43747590092737,0.5911284203441427,7.965582099107436,232.75429553755885,16.647375888401392,2
53.00382846349554,26.83062936865104,26.894844793368392,0.9418545785611079,7.754419690216646,552.4728381276918,55.991220862488326,0
40.09671531046277,27.565708848442398,35.90282012319219,1.121605952899034,6.204112611150908,246.1395526927446,83.663736533198,3
80.18653154819219,34.064106153965575,31.95181280804792,0.8384889010170073,9.460691221673727,818.5899472182751,27.57827510218828,3
62.9345778984043,21.32470100072589,32.1136108257831,1.335631153344211,7.1873469294731755,727.1258733656398,84.27268008784301,1
41.3517475434213,28.90848707274543,20.428883337276623,1.3433509234084853,5.8882773126197465,465.05602987665634,80.98738625805149,3
73.22303991518675,31.89340757278789,39.60624416228226,0.8648294611685348,5.982276067820461,648.1530663339029,58.33143469497421,3
60.66681830937003,27.524104884311893,36.04188023178722,1.4675108524906795,7.835574854906379,278.41970871933245,65.00971261503975,2
66.25877893441918,22.335062092518285,34.72512211401737,0.3907021108865367,9.416277613533891,691.7884908738556,5.003677474578913,3
57.65390029239491,22.463353910340004,23.255380629000687,0.30403485398752395,7.787804406476791,775.9126862940286,37.34642027206761,0
79.72253902908038,18.667301902206997,28.3907913211808,0.7568019165647029,9.296165906466548,775.2219539767642,27.0760981807169,3
79.77376294098299,23.19255185132419,18.427579701858217,1.021316473647011,7.2765314030321075,398.9942833834591,15.850382212019769,0
72.56332930946317,30.65826254305746,28.461899416567647,1.055040188939593,7.243364414608048,384.6223366937786,39.57627358654117,0
36.32408264378773,18.807801872520876,18.647231162082182,0.8717348835525942,7.500029437263529,564.9783815318749,36.135515438395856,0
80.33123171424413,21.72801980258212,28.82594609974003,0.44985997588877535,8.289701832622221,877.4405133508939,73.16027613484297,0
70.26077883197459,30.005952475040292,31.21804700387264,0.5045970261454731,6.97046386580533,844.3660843242596,60.21153770719858,0
71.82144996025798,31.305076567988902,24.75489918124756,1.322577580622411,8.955544130715829,451.7469372291872,91.39690681139992,1
51.7789704242323,25.740412971052784,27.46362195828233,1.3414933580871136,5.617125539072585,745.8806543281308,15.39535072252805,3
82.7567733694204,29.86726375413703,36.89133469186464,1.108678245432864,7.259056780113769,844.9224348640201,6.9151119270290735,0
73.52229601409144,24.595186867133165,17.714078617570234,1.0970615667346588,7.543967399919671,382.6485260023235,53.92617096162174,0
36.75542799175167,20.718525165410167,34.79332232499132,1.0172185536333689,7.928128953052385,781.2069547220578,1.101686722467722,0
54.46668206436976,24.76854138988941,19.26886377490491,0.5435110628423858,6.604287649463453,387.5269388364236,78.9841753703616,0
83.1828217176085,27.859452943453427,15.91769957011571,0.8139008403118837,7.209919883943341,440.2974881210474,51.09131597981594,0
32.83180210184274,34.116905791499136,19.639365068626194,1.1350735817560544,7.438151000856227,339.17448359552793,49.318492029731466,0
87.68499717852296,19.168766185507515,34.126079749262246,0.9447027264040064,8.247639914732853,554.9558593508995,36.88710189369326,0
70.74975409917377,26.62569959536433,25.128151833421498,0.322296400866119,8.594176738943256,790.3176259828688,38.122409778727494,0
67.88255865860259,23.591636229582313,36.81301292115455,1.444268168064118,8.451309309375148,569.6364962048585,43.68223414681493,0
46.23355538927949,26.64129880270381,28.117688529556645,1.3137792630865721,6.866332209158341,286.40800678516825,2.5872020981769888,2
44.92750732435063,18.40758260540104,15.556258798158273,0.6126540169316854,9.497802091967854,376.243152559019,9.27103293440426,3
86.52349316931573,23.321431029926885,32.917840240048164,1.0397507221995552,8.894661247148719,594.0033070969373,50.99975398111247,0
47.89634725404736,31.937758507959085,17.755822718030817,1.4078872604738253,6.540093492579876,608.2312188993922,15.862104256760606,0
76.53031780313997,27.417009475528836,34.73449083654811,0.4152132145363816,6.28042322269131,603.8341324814089,78.09749822635283,3
53.58730789242475,25.659902377873998,19.202563745129503,0.9036353769560408,6.7560850023335615,253.90244475435117,28.174032226448052,2
38.35524424708224,22.853926219160773,23.636159645137838,0.8474916310155534,7.309379411998579,727.587124844328,10.692064097583081,0
30.642917861721536,23.06672288745305,34.03178574063401,0.7922460063402388,8.903197513278455,836.5997392923047,24.28578266444153,0
62.65544022091505,24.512724371039937,38.85578393691054,1.3027063306715099,8.613449055178137,557.3632634109299,36.35272478542302,0
88.54672911293596,32.20470206939753,24.285848766168307,0.7567753760369488,8.904984494023504,703.1805007403041,4.496344250893477,0
52.14817162855227,34.44262451574056,35.735005504973394,0.3763959998892091,6.5878284596413135,839.8108444255859,15.025876914246574,0
51.431540039582686,25.457141482956366,19.769806636895968,0.379005290597163,7.873844889807344,649.8359284636111,33.060828693274445,0
50.64549707096653,24.686998258711952,35.17949425506228,0.35129352782953077,6.632996249109498,672.0280071017357,31.73756690716664,0
61.232630238291506,32.39136318893767,31.437351481406274,0.7909745062488447,5.936092642877973,704.9830893687681,80.23828295942408,3
56.43989300545761,25.257390450817162,19.81858768030921,1.1620875332380318,8.236790973898723,382.3517160178456,84.48229205595266,1
82.79487760362088,27.38430892902607,22.56259900878529,0.5444669543166185,6.0719902047817556,607.8745123017792,20.148441315211446,3
60.331247503409415,21.926008298178655,18.2942722149259,1.0757622245178593,8.170791046825887,789.5225801811193,13.270048507371891,0
60.465470291314126,30.63954310824428,24.574175276607832,1.124506166524445,8.091857219621637,407.3139111825255,63.78208594782041,0
38.302295683233396,27.043801410603294,20.091216028081934,0.6062425488187175,8.740993777696069,828.0193497178021,80.6577320138477,1
88.96437245462316,31.75358735408581,31.099948840761837,1.0206691872727551,6.058218418254258,634.2673648359423,96.40858662518902,3
44.99837345212978,31.272456410487386,39.862627605513964,1.121842008032217,8.633920594035244,496.22239600313935,1.6728321899049137,0
34.40184404757616,21.655081060590486,15.300229077106604,0.8599363473625508,9.497106103784947,636.2280729802051,41.95413322925364,3
69.78877493851252,30.16580435948196,28.522995332182468,0.7040599167361141,8.90416979434361,481.30193398235343,73.66479557534417,0
65.72198220941236,31.600924935173314,29.341664938725245,1.0429818618891928,8.507248305310664,786.6249212937222,83.02737058856108,1
54.90873923956474,23.883823093300716,37.855219742020296,1.4734165047936683,8.14866141877883,537.623006047318,7.1663089196266805,0
55.33153403284068,20.934354919338666,27.65013336917344,0.8122096912427736,7.187125938741717,830.8493518280357,68.3808374269486,0
77.10383526278588,18.044746644853,28.592535491122938,0.7700821155421452,8.422000671566408,556.8656565934785,29.604933022498034,0
41.74275840597895,25.66536210258352,26.791320033209715,0.857120282911336,8.396712140561814,662.257872746171,8.385098973979414,0
79.21519913669339,23.991356436160306,21.722607614037035,0.3914620721340578,8.025993130749153,898.4210947047955,49.42115559371206,0
68.92482683370109,27.43346717503195,16.400728331222844,0.963795935605668,8.685113513191315,302.8760887059788,16.65718097721045,0
55.13818642677146,21.196698574009357,25.216442055245903,0.6944368646607163,7.295055553707339,715.710404113384,73.9637442881068,0
57.481716995032116,32.61431431033008,16.314786781016963,0.445706546797515,5.985010848529562,297.2105595411535,74.3849181702459,3
45.398832431165744,22.381838665677865,28.762311736647945,0.859508089340848,7.73627091043695,787.2064560350774,84.36470873376344,1
75.1268599618185,21.84930328649005,22.682341081057327,0.3040607838887729,6.5601741148453705,617.5173668134082,38.37929982962747,0
60.772484538316064,26.17213896023405,28.340060038135697,0.7821422941953107,7.0377323897166,856.7116924245214,2.317669925833719,0
49.251272564990614,26.48046740365266,18.357424109879666,0.42688232151174055,5.569659615764904,806.1696213614078,26.713857899073492,3
65.76300694565701,21.656448889346578,38.31574914348399,0.32915124407973634,7.031162351671533,252.4104262281764,47.31335825300241,2
89.74406712307939,22.62163235434057,37.36303108874837,1.2893700554934024,8.735204424541818,296.1117791752026,69.707116662189,2
56.11573677939323,20.884989065639164,19.749912730057112,1.3994985639391617,7.670889467753019,620.8196500247776,38.8220179829874,0
85.24148404671718,30.213823031493835,23.586107082350246,0.549209578030928,5.539202107735884,562.8202479594524,54.068791210646665,3
50.701010395473965,31.091513531319393,30.33731929629949,0.9471579166011135,7.379375280959389,317.9955914294112,52.90209515811597,0
33.283962415499154,25.859584456807806,17.392155182647656,0.6335497885571819,6.66580659058163,290.55145979015487,17.33325258647334,2
42.25452638210573,30.139479385645295,23.86419552790377,0.8922929264066186,7.4102026215886845,594.7935484091292,62.681900507921256,0
55.12170859966105,30.510901662936575,21.277807170475153,0.8239575850729923,7.118770885791508,234.24508358249963,44.48592109233439,2
43.17809571567414,20.350683970522745,37.88791821791742,0.6228612660965828,9.227916878229525,811.6147120674074,80.98395146359681,3
30.01362229309533,34.42502642218712,36.31276590723013,1.1404722955623572,5.664709195852064,764.9580438618343,69.37050960476108,3
84.90009226485164,31.957543100639327,29.495818531671596,0.45178915118430507,8.234352045127729,749.7589801977625,12.03544943355791,0
80.63276467385575,21.476218840329,28.008658421789356,0.3636873386056405,8.904106385206966,211.19800292851875,49.387082593620285,2
74.53753388921683,21.164805607683192,38.26814486363493,1.221210519644735,9.336954338601902,233.34866038891656,70.54694149092455,3
40.06887573876172,20.136239474852907,38.31069457447038,1.0991160374648157,6.210544906177184,584.88738480551,9.614160854926919,3
37.221814572599165,20.352435563212612,39.23325313379151,0.8982313489756775,7.625219207864776,896.0979822259244,79.45720622310652,0
34.05628496834299,30.718750583487836,18.13447210270469,0.8613477245670498,5.674358309268848,439.62134067994623,22.97844694979554,3
73.44175132637528,25.9841223681776,19.013945269079255,0.8968936553897113,7.4967340978203545,441.0623714837408,50.80539475189528,0
85.72847764127312,31.30988093657774,31.918417466997166,0.8244288913184075,6.001832358163927,293.9945768033883,94.11556745979098,3
55.83214925478222,30.68633320395349,28.535861915246123,0.7714707549974149,8.851586698794854,672.035062617651,57.562089247406114,0
37.14844031976289,28.27841612958877,15.461647622330899,0.8996287234633444,5.955480010421459,652.6736822958039,42.98139071869079,3
60.743569243926395,29.668232311837553,16.549375899737985,0.9342182053917125,7.553153441545981,270.9256914654113,1.6726978125151244,2
50.92991444751781,18.31204731444541,37.20200955647013,1.130282776900345,7.584384275971015,527.1886009478458,14.20794865463373,0
52.48949546099986,23.300219995685374,36.72176988848466,1.1534485928808271,9.386601991726423,666.952436175382,58.28772462470077,3
67.27983744934244,28.842977047409974,23.93177304990113,0.7531548961681735,8.119922776155553,545.4612954253489,49.88867902472008,0
73.12308679573215,18.158864209266152,37.27626542326337,0.7962486272921865,6.651361172307208,672.0545073053288,37.019088389036305,0
36.63621593238965,18.560608042604088,29.841876859947547,0.7484366036834675,6.463197239752554,771.3892782020429,92.39837265401762,3
32.13541384838858,32.48209570199651,35.14764117547254,0.9438429283508525,6.01299282258026,680.0708031852373,33.91577120516814,3
89.6598181611429,29.62842264876522,25.68577677900536,0.8440242454970344,8.526058896196238,631.2799650813668,54.177924887966554,0
43.96370093493311,22.511285463045848,17.834958183622717,1.3675157557634323,8.263026624729354,797.5131798611452,57.30262754288888,0
33.22983149450754,29.695368282018052,25.843176566150404,1.1356335202997672,7.939508509232423,830.4119975088516,53.21937061632834,0
41.392519745755195,31.471763375367473,26.43249494992245,1.3783876605053347,5.663361771799954,472.2205060230629,48.28095376246983,3
32.33747078090785,23.215502812871723,28.773604846015076,1.1509643898713107,8.551315465577177,321.2749214067202,34.3693098651789,0
53.508653677030296,18.612635417486185,17.6395678226107,1.465190578228577,8.067550308593917,772.5022828056354,90.96759967092233,1
78.14410706707946,33.857245119691484,39.78504657624029,1.0628841339063229,9.355555472441953,349.6271751096382,45.62952291415533,3
50.47466698546324,23.868057251025718,21.10342052017266,1.4562601657956655,7.848808519507248,850.26546882436,53.31643786726149,0
56.651004412701994,19.810189975840007,19.963810088427323,0.4898038684913113,6.715807626646832,216.01456165533241,65.99132039919398,2
70.53520641404633,26.361566813683506,28.17007297139841,0.3629732169952846,7.0260822087572805,844.8898278335124,7.697948200721932,0
60.53364420419281,31.063952526290272,28.430204484872213,0.9949502222446311,6.20336282151293,612.4280948284439,78.34752600486128,3
81.68674116127946,21.768004348498504,25.995518445831106,1.4801918469597297,8.39165672880554,742.3194815590169,51.73822369851752,0
81.9621405027454,22.58133085226718,34.29730365813136,0.8011262967628761,8.330886640086902,478.94481094508313,66.06051664865171,0
30.594641729469217,22.126154775575912,27.916360018215066,0.5544520346315516,6.302600061910705,894.2014043362161,77.42919447595544,3
76.68277838899195,34.85844189813853,30.2423863786246,0.9258497390322167,6.133957292729114,359.2859992964033,87.53583968565725,3
57.64401601450044,21.355863473419223,33.09365963519464,1.0785583494946662,5.808019732808779,385.0405638467223,39.82982127834017,3
89.33043247821979,27.783843688424106,15.625627539096666,0.6782144346190667,9.147902974727035,236.00271082623107,81.33155937554325,3
58.99392455252611,33.729498908168395,29.266104563626122,1.1577232301991114,6.4322793347794045,858.3313541430068,26.62485266102427,3
89.21375672329785,20.497241670922246,37.10486178070923,1.4701374084548708,6.876654107007216,519.2205125190733,66.37322944477927,0
75.27416167234419,34.504521363750904,15.434718573135848,1.3763557460527402,6.6220180335099625,672.3966903035445,11.1680227672843,0
44.91629307679838,34.10711298472562,25.129552595024027,0.6499024482146343,7.154498410443164,681.2085092239885,2.9830162749834463,0
62.30369875721746,33.037723779990465,38.15568625514575,0.692068419773518,8.356195197529933,812.1514645978743,10.48054948515133,0
89.52813836871496,21.64746086261004,23.828860057063444,0.7458494693395064,8.982382534905138,665.4476754524865,32.618866169685106,0
81.45183646511542,28.778935952186714,26.46822060500602,0.7734633340723744,6.230394998114161,593.414827612931,4.078366768641763,3
35.842013627473264,30.935155040341083,39.53853482610782,0.4203833990319353,8.24564937496466,697.2229669337305,63.41863594653899,0
72.38231980859976,34.7624747793393,19.983096473764345,1.2143554066671471,6.910248568969941,725.6795593021885,32.33790929984421,0
50.73477515224879,21.067204975383298,16.631379728125147,0.7384071163328405,9.422108673189172,330.1495623739374,73.9012307037155,3
30.418935712820886,31.02244029182804,36.48556477153261,1.3557839720465426,6.695676637136307,276.7669272837271,5.545598490690958,2
54.20885814161998,23.75961988876092,36.711633530309214,1.4123287477441304,5.528771824031439,252.39419533989417,22.45345508820232,3
44.085265303498275,20.98564991465604,26.801945867000327,0.3293175711692257,7.562559896079381,461.83744616577565,41.39233910764016,0
79.1321562312283,25.163408000635535,27.85517936193216,1.4862036839138475,6.102924337103751,548.6001678864217,38.88250466711058,3
50.23983653074593,31.495210506526476,35.895159240445906,1.1520272778002214,5.677977707273596,630.9549288029026,13.968868610797708,3
79.65142163722902,25.902446662968885,33.46398745289488,0.9244706711915547,8.293076927790834,870.624163782727,99.41954454458406,1
30.035876330087717,27.137892703451826,21.628725055425267,0.7674331300470639,8.429037130033826,431.5514741449044,29.159518502549755,0
48.469149001567146,34.91770997340206,15.422333876787961,0.9222217591316555,7.34279605246601,732.6118364540921,72.38217638049484,0
44.46991285846572,24.78485809247624,26.992504063338643,0.6895496687741334,8.20754206702631,571.9503337164194,22.7826430239601,0
44.01404166411666,28.461812830057077,36.47280815239104,1.047225376435858,7.652957792988536,354.06295246084176,87.90726986188231,1
34.09119718592776,24.20915142746132,37.395866917254054,0.41157633173374947,8.019204430887726,630.7138003901314,39.38807270481955,0
41.2274562246301,24.677355987587983,38.90565492690385,1.0453471234941722,7.886815892751844,877.0233248027926,90.18934640992134,1
63.33297419313719,29.825892808571936,36.98908094031953,0.6304138201661329,8.16329105622237,287.0158094758907,34.841657043763135,2
47.48166437026467,33.94407859361302,29.501088882452457,0.32116179486281565,6.298522594692685,555.0958351844603,1.8557383281944317,3
55.04368693974888,27.220102158369464,26.115139980902523,0.9632469193954531,6.5748264801468,236.12584790536977,52.18502267676768,2
52.61201282083131,31.062798792129257,34.37124616335248,0.9941373070232356,7.259852598030768,424.8514092274536,52.954005678958545,0
82.55429549999369,19.516511499888384,33.49554085913991,0.8118828056538432,7.284512037676746,634.4218743157938,12.86358409607492,0
84.31793994063094,21.58968663634276,28.45358575203636,0.3867434790603802,8.597646846347617,788.7398552215283,24.26139376850995,0
59.577418299351606,26.536237895632052,17.18318431396173,1.3720115433650297,6.969574636918129,711.2298952082497,78.56606350715359,0
49.80935701893627,18.34019930168917,38.152033669672974,1.0337169686734666,6.1500206242367295,523.9997447508317,4.638826638237264,3
36.40804224014182,22.2985346389635,26.390063437541553,0.43885595948276346,6.505863881964304,836.4559299729026,49.46314198198139,0
87.20417276292571,26.795821927024424,24.083344547906606,0.9131166919129772,6.358934009536913,411.9002655166395,53.51040421794272,3
33.61361669401785,18.254340370357113,30.739184879219295,0.8967051791381657,8.426640077024087,727.7883871576164,69.18249400693628,0
47.85901665409683,22.49728686584271,31.845949029174424,0.37248224255151235,7.381358458503929,531.8063152233638,4.708170472613384,0
47.88397207020025,26.73852393108978,20.267197925757536,1.0282316443235369,8.334522791883934,829.045028270943,58.97898638195593,0
49.22407716841289,27.743537215681176,35.923471120248905,1.2699916787058774,7.164878723030508,758.2029751576321,1.3067056212401362,0
39.85721059634456,33.73777878194019,22.248427341559445,1.1988096650981737,9.058942410015622,831.0287629149666,27.252658361629873,3
76.98968585542184,28.97087559526033,19.667098147857917,0.54356329699702,9.43408123089094,349.9734942594514,50.46874127633164,3
37.34987171795935,25.050508643009895,25.159996321362435,1.3347510354650538,8.179370034810447,667.7053024813456,91.2168524051361,1
68.09439954918977,33.81597001126215,33.26400202243663,0.711050598791221,8.955250228944875,716.924385657148,13.532391784548008,0
37.43076160234905,31.343010717592502,39.13645446099508,1.4358100539503296,7.531733068688251,719.6899856978156,17.759623771324232,0
34.2321382555774,21.40015165891671,35.232031609285826,0.38609755707085647,9.238483361415632,552.8003153271363,67.25575637399893,3
84.56577022115259,20.224320142929937,38.50870944175479,0.8834504262238112,8.826345942691312,207.87536564356677,38.11130768841749,2
41.40772597912234,29.48879780762646,18.51514510191317,1.016549252613059,9.467114287064156,383.00154870835246,62.718718790364306,3
79.27500927358226,27.518013814808725,16.77941997159192,0.5971801181695257,7.992374941311122,426.31061250306675,99.74796254629244,1
62.67785226642815,31.424451434476847,28.94261904766678,1.2256562264642732,8.616826961072913,796.425632097233,98.70029447353656,1
34.67139117652618,30.55968585133767,22.257437076100857,1.0522748157728603,7.6714725599128535,788.6200719729542,36.01764436994772,0
87.32689148628404,28.628596075577754,35.70137432423182,0.32173132474554667,6.536480417085691,273.2760728264483,50.88861002865843,2
44.81767001951355,34.76849691769117,31.799696785058153,1.0300423088354829,6.919020684519031,864.8851172398803,90.56432570430994,1
81.57872072115639,27.071025411876946,39.26820409964486,0.8897738813021356,9.076021658925264,327.7202406560437,10.124598578447198,3
40.12860034707385,19.922797860529236,21.369808893282606,0.5352350420442091,5.723791786394482,490.0516159106448,45.77808647984786,3
81.23657292851118,32.0806506018718,27.14460285888081,1.4948978724714355,7.865919544297633,350.60987627752877,38.380157483329434,0
30.79372877431764,22.28150715987705,27.53101193563383,1.3765946337931378,6.989936130016435,802.2327281805502,30.19339449343873,0
60.70682739416884,31.21413651844661,20.979419871434406,0.6510092340348761,7.046770152022223,724.5814223015183,99.42621698031247,1
76.1665547652934,34.27082063200088,29.752334987200193,0.9492851049583395,9.038284825655069,447.4701648214628,73.62138010326541,3
86.087731049567,29.8455237373938,26.082149651980988,0.6798025678923489,8.915289498184906,677.3150382182388,39.485952246899274,0
84.55212817238922,28.13251273614662,26.16803889974684,1.2305949019632936,7.895369502289874,329.05681892007965,83.0731672748765,1
79.17749217285869,25.826564986475688,24.06841619931209,1.416397719835746,6.591675389617336,467.60796466320113,49.47694397049363,0
83.29148097967825,24.194967721921856,15.423233810638376,0.7305943282972602,7.401825384648096,463.97531183667576,87.40961682441801,1
41.953181150224594,24.001080766521216,28.052380922869723,1.2667010989723528,7.133173575156864,366.55567720497845,27.37160471742726,0
47.051057742703726,28.818335997063038,23.38119589250828,0.8980890512558457,6.914472116809981,813.4184347080178,23.136422511319477,0
47.33811149526351,30.771642987941682,15.032996724608243,0.7758942735738927,5.911142314229186,675.1920148353884,25.48138144349731,3
52.62323586010193,29.534790181235046,22.6985926915483,1.4261062225185237,7.672455546861281,395.9575173946595,54.30957703638019,0
53.59924022311132,21.372971720290565,21.965708327243924,0.9124856264628376,6.707325191497935,369.4845324403261,29.84002572435833,0
62.67331947928053,26.39778206243935,24.836203830590897,0.8608926003089579,8.143231771710113,212.56742969946734,15.564848730492026,2
39.59278580198648,31.45788122711207,18.296299741084923,1.1069212823548116,6.776815743302123,442.60757765464825,99.46816393206747,1
71.47479982715936,26.086969329213957,27.69209561587711,0.6134810412219414,7.2246539725392065,568.7398983207227,90.1428895166996,1
40.05399235827039,27.122595755503397,32.31100881295325,0.689751444945979,5.709441496777631,394.3976593358635,63.866231311814886,3
48.61850892627285,31.109312818903977,30.75463922636431,1.4184550034863472,9.47015227962191,690.320793500839,89.26274451847064,3
60.20070783636925,29.241510206506554,35.09387368922977,1.1142358145243307,7.530441533100703,488.2246703078864,93.61081101327406,1
77.78643369140863,24.958863655000673,26.30020719967703,1.2919645773252066,5.596950376656691,421.4224859074675,67.93472089471771,3
74.36815399432363,33.22201609030172,27.977293258493205,0.6253341143225155,7.664922635044576,857.3403611532318,52.34929809043951,0
68.73206138463134,20.763640167279135,35.26004852147459,0.9525482279158464,8.981415997222598,383.96061410169733,88.31817742925304,1
39.34639563481021,34.923779626035525,25.69252927048096,1.465675520387398,8.590208537064811,478.78033406765945,57.21190269437804,0
62.82272073693466,20.020493834096033,32.53998374748993,0.6824446788338612,8.303626736517817,467.6035519645403,13.553253742533524,0
35.24679010799313,18.254149508772063,25.865059217949796,0.49257177158045024,6.057858618396139,368.8388419698738,37.31874404529307,3
52.641790607799045,33.130321319529,25.443404862789066,0.9130632098695968,8.13094831594989,352.2337178672917,45.146174221802326,0
54.81099181739755,22.164209642221252,34.005140613229,0.7653853064698515,8.565193512049042,411.6660131693825,93.60153259742395,1
32.38868636674523,30.404893666594255,19.37092288665528,0.49149267934405627,7.789676255861986,804.9653189518266,66.25936175827641,0
46.439285968198305,31.787261373845176,23.46464929853934,1.3662616592440415,9.070996018081406,736.9580210605034,87.65247871679318,3
87.33896803598935,32.602768647545986,20.604306918672545,1.4888686926645334,6.607959127139542,676.6996599120366,76.00157838315369,0
87.21795646978137,34.85710200629083,23.977748574189928,0.9822986168279972,6.468578798957003,519.9720948497454,31.67622776574561,3
51.13962325515236,22.998675070679983,20.7593705591506,1.2296121220481449,8.978278979770584,555.4277892428224,72.15219031335414,0
32.58600653689945,30.074136812763406,29.485140777166365,1.3308460434555593,8.00159297196581,386.9971918454222,20.33467385646359,0
40.745696359690896,19.96179759077408,34.95427006544613,1.1411784072261923,5.505788882083998,252.02113968514234,41.4064353600293,3
53.53306760601241,24.91575795306644,34.665326530447544,0.35298725893407745,6.91252563404421,431.7283897043376,80.80309385843728,1
86.86678187815379,32.41551878631404,24.11252411371981,0.48916107806018133,8.931423943258698,546.9086291946563,61.5809870296076,0
38.471943812231096,24.250186783004843,39.71901014735654,0.3851870293816637,5.609278046566973,240.1191325635327,82.71583808930887,3
75.81095062009274,28.04862146910544,29.84635911764502,0.31185552797046784,5.512991713046036,261.76331143997453,26.21565465265508,3
36.52095236248152,26.56414854331878,24.985007544457368,0.6671956905086838,6.625037162100519,384.11766301919704,75.2251344103022,0
88.87545464347662,28.981176028904766,35.88848198103564,0.7708271525778716,9.156000148037112,456.9562615149331,21.030111782741816,3
52.8969899465481,34.53920461959081,33.246850316066016,0.5892356788031108,9.105910325880066,475.32176778309366,54.985113067402715,3
76.51407233394336,18.947503950523835,33.731883420602614,0.3775255777035851,7.575047783206031,282.5202464016036,43.9199248509887,2
50.555464968667906,27.757345797527705,19.90348374334679,0.935835709004013,7.712947484558491,358.07494817435213,56.09110991930989,0
67.66013262952852,32.67148924725484,26.70810768421388,0.6279831839485699,6.828032045268755,383.1530764445261,14.417808978798979,0
41.52096508440221,26.183506099723267,36.545703270615064,1.2552445858362746,6.474946648111239,247.34441334087234,36.76155967578816,3
38.761261157817756,19.33496216100674,27.600950190718933,0.30966314595033745,8.760887416848472,428.2697904127881,67.0234792557512,0
86.28384837408788,27.529168991085108,32.08631858552626,1.3110324615451323,5.925179441998566,250.55510092885504,56.29454861402171,3
85.058836674266,23.645256144004946,29.698343325856612,1.4457044147351483,7.449417483514543,692.4204901767691,55.34800613227014,0
83.24813641277294,20.63401035074491,36.05891969295955,1.1593620757842835,8.037589037988338,470.2334365901173,51.572181100994186,0
67.52600700999561,32.43358672581904,22.114020994040064,1.1803728783150798,5.914721161484117,428.72667256486227,94.44460609384896,3
78.49609267297669,26.867191720849068,29.38688194715912,1.4202747739232797,7.578428381889385,288.56552005252485,93.52240009603369,2
34.14221621468249,33.86569901044413,18.0808667002451,0.5508855423604189,7.810085151649773,358.55255881142705,36.65435230703113,0
50.087342513440746,31.70228057825217,32.255269417486694,1.493478681850292,8.46998424202946,362.89364625738654,35.83760614683627,0
48.822187485429374,29.780520494152345,33.299195958817805,1.2281774440542501,6.439344196590131,889.6429504113121,55.934947200733056,3
68.1387193171568,18.0854335572103,16.070933029724962,1.1718848499933523,6.673310013163033,784.7445656559453,10.465022129781572,0
51.35746640823843,25.27299876285025,31.894774090699627,0.7333086947943512,7.778084586532134,210.68360414340214,30.997663375984075,2
38.91040689862085,21.357266788084548,25.367253854144657,0.9549329824867325,9.432505639926458,631.7856135379359,23.8558890143161,3
65.78802452481261,33.48356448783075,18.10242190274206,1.0847013459280164,6.369972731280457,379.1370674953466,23.11557716530642,3
78.86303524014488,20.967927739498123,25.49768869246169,1.0444114335806591,9.443615308493856,273.063850173709,64.21204706363153,3
52.92740966759839,22.863020878207855,19.85582324238954,1.1459815661730968,8.357370132217925,693.9198341838282,39.050683100070785,0
37.9361229059089,26.786225051486486,25.38898830308291,0.39885808689409274,8.804328278520092,292.12388462784446,17.94527310107232,2
41.80129183876939,22.47718152296735,24.608475698963193,0.726778119398036,5.858565072945357,510.61854567081497,88.8696126537882,3
44.24899831016304,21.567699513745062,33.459790923401435,0.8208000199145726,6.701680749722529,642.515615387947,87.54072010584163,1
47.99385557967217,28.18468852674679,34.35538895415897,0.6127551574499597,5.730945118603924,588.1463293084921,86.38382942969129,3
68.56770423037855,19.511801886835407,30.175716359613666,0.5071527243230685,6.986187980012701,884.34036881192,39.683749283521486,0
66.05672907226314,18.98885189825572,15.56717105456119,0.46671297589543537,9.425158639680207,750.0198291857658,6.641262897534787,3
71.76479169402235,24.328170018163213,38.27555697677485,0.7396600707079022,5.921092248825354,741.9353632892428,11.567459771549169,3
51.75011907189079,30.251295726633657,32.15583200241119,0.892130040675079,7.749491129484798,448.91677585672187,28.32875989735862,0
79.4398591127987,27.431714890657116,15.854886248029722,0.3755717281759928,5.524282491255249,205.8768444588992,22.777030406756808,3
42.245259669345614,25.188899963935242,35.47082248035295,1.4357497135086594,8.35073126417625,714.0876507694818,87.52457639473471,1
58.14244485108924,27.6177765918179,20.006653867949904,1.21829198743291,6.288770769488164,899.8124590069707,98.64945985853669,3
78.05632329248581,24.21267523910565,29.48052973927767,1.1770221278225599,6.018338148499051,484.1153754205309,81.85069257084844,3
40.80951886395715,33.91448770234592,26.66585924875468,0.5074326299864723,6.8480712486431505,889.8629492699822,73.25504137216966,0
36.59178682444698,18.933383145483162,25.495969558876915,1.0245609216146268,8.584177191755927,299.1956766740425,59.27378985280411,2
83.02103806127938,29.4476551435072,37.24284300310994,0.9356699361704008,5.926452345244844,407.5586461457022,77.22092161880741,3
50.57577976555176,33.15180530207176,25.934032289065367,1.4789626149440325,6.419355983194782,319.5088522197295,94.75629790704669,3
71.03220749454192,31.66604004849931,16.883602939328767,1.1972061240961895,5.533857686469238,532.6231810487711,60.53312232080102,3
31.52091625583631,21.128697591964595,38.66596818037381,0.9909142604594774,9.373659450782473,757.8869810550543,16.306711157963555,3
71.40281330456698,23.0307479326649,38.01338078099069,1.3209751997641466,7.868582399955455,438.4631840765677,17.221973409603248,0
48.96607869281823,30.18981495802078,32.11081723953997,0.48611312503285137,8.379598545538798,834.36025600631,58.802417509730034,0
33.34445121524651,19.432599506073014,26.697313203300624,0.31825983562917265,8.105532684624059,581.3812893308495,34.01338543869598,0
66.58876569288702,31.801648897153928,17.32148682358803,1.1282800000974278,6.077458235478698,525.7970896193141,91.11449014925196,3
44.448228964390395,30.221418058281436,34.768702964436905,0.4179737522846849,7.879759755975977,750.9250895366935,61.55259104976126,0
53.2084345231128,30.403313037000824,16.886947860600724,0.438520367980211,6.025662380565048,271.0104479292492,67.97276872891267,3
34.83484873719082,19.704103294549054,16.715024622378643,1.1936168717094366,7.104945815852512,741.6267298474722,1.5762502999893546,0
38.82979506569672,30.201929261875925,28.4345960609842,0.6246418129607869,7.775852543701172,370.0664001209787,50.386006654199676,0
47.87863412975062,29.55690812873949,19.003206004616004,1.0543574586826714,7.735524456408624,396.5687830282663,43.68530741750226,0
35.385570033609426,32.12568234397146,15.193256683508725,1.4008883113112982,5.976293703930963,619.617641324056,70.88131381998576,3
84.64957588117892,18.707131256359983,25.577835774894655,0.67976943796543,5.637743878586089,831.3540975323436,38.881227373003206,3
30.362822591038704,18.39288136395247,18.43043079025165,0.5605729894079026,8.692937255495256,604.8848648396054,97.68092815682907,1
59.031613131858684,24.341120697935533,19.01288538201728,0.42787546048926206,8.403689747984021,654.2645441561408,67.35011497408378,0
37.394847487953086,20.529400825435598,16.922765968383366,0.45655483370367134,5.827275618258952,743.6162127236919,66.33191498111636,3
48.46074536867691,27.49253611869377,20.127343843090248,0.37466723445461125,6.009662075206213,381.52733129474075,92.01477333104029,3
85.56357358909594,33.59493132561473,32.88710449435973,0.40517085459568813,9.070335105558481,779.0635709628998,99.52527855593623,3
39.70167319643921,24.655155415678266,35.223182680444786,0.8184055065709848,8.57651560648712,492.5721043470048,20.584248236949215,0
87.94993918309996,32.36415641363427,26.313341100732515,0.6850380540287637,9.484641184866696,322.95898544381373,81.24278117825807,3
42.3476626193653,18.00409486680373,27.66384539703544,1.1478729771875975,6.515949796820086,445.08265562278746,17.06963003688072,0
74.49396650800978,20.86474893880613,15.816375864855065,1.3442899898964022,7.45121195547526,372.29177820275777,46.24730185236678,0
62.8006358938387,18.517200174119456,16.73290653428292,1.2417278437708612,6.445838304249422,360.0995235949521,10.918355028914544,3
83.06872365580554,23.578502068756165,21.439193141237922,0.9367647079987826,7.9912005539092394,397.7942391034163,62.71372686824932,0
63.23959533018785,33.439223126840545,28.597460517828686,0.4229305394791841,5.961656956365272,326.6515703194626,47.383298177102425,3
62.07355314937852,19.64818610118279,33.488778718374824,1.1517207407298642,6.008972690972133,667.3912299578501,63.24119588424579,3
41.72748002210399,28.308966204644605,30.125076533450827,0.7353944696722483,5.787551565620491,605.994229924582,68.11811450892588,3
39.97376172309952,25.67543096503055,24.803196374669707,0.4027804726984922,8.274344329056667,653.9093250884,62.32379275309256,0
84.98934906693086,33.95395961021881,17.958101825078455,1.310959688655151,7.476290309732827,440.60730667971234,30.10888313812994,0
49.67029193100204,20.082825423130593,34.51933087217974,0.7058598206190067,7.97092486541852,738.813381801831,83.8589565671232,1
52.324935297773756,21.604473458537893,24.094651289976426,0.5618985990138856,9.017204186357436,290.72611866791533,55.616933738137284,3
75.5894195057033,18.502213466395386,33.40135036206974,1.345742477542612,8.461313939021434,599.7956966229522,49.495266148463514,0
50.32940894536844,25.376899243733355,27.824471047858545,1.3825606421364058,7.346891672666764,392.8170805725317,98.71931661925257,1
87.12374679834016,22.72315929259912,33.46655133904563,0.7067650046298718,9.437423953576905,569.3269304883279,29.067282763941208,3
74.27566613992802,32.788400876135455,37.6822390363143,0.7257617031376481,7.325024404567893,426.54602266816744,53.27500018462214,0
65.8457545544052,28.283993824361836,38.02573790134505,0.9955542330997729,5.949802692934133,753.3582355639066,68.55013328219115,3
82.85370963268514,28.439542545586928,28.377669500015084,1.1801297925727898,9.470618989010864,823.8902871866662,13.397367360390126,3
32.97635450096897,27.04248184698214,27.78770911914097,0.3757790422882361,5.591282920059389,719.8068563601419,36.069732690507,3
45.423761531352525,19.561455732896416,21.64196163757093,1.012012388626166,7.699534237951008,322.90859899447275,80.3671828837353,1
57.9021800532546,25.56531762333104,38.39499578823228,1.443384074140298,6.736381954798837,392.4068288718536,24.439065225383175,0
43.61871236829126,34.99158822504478,26.447979179990522,0.6145126766159443,7.514208604067939,843.5506458628911,49.835746125457064,0
74.63431123812911,32.19889794438225,18.18978098218443,1.3905926569163205,7.734851810378086,506.0540893607409,63.432429992314134,0
85.15248186322351,33.18880392084097,25.81762286566375,1.4402020089157124,6.46038358511395,858.8262865444868,67.44507297745241,3
55.426207195855405,31.994848107190492,18.1763312559501,0.6229843691653076,7.727435022949047,474.71618220358675,73.10273376273477,0
50.527956006713694,19.751708788326706,27.56329210642688,1.2050422390624207,8.52424444802215,866.2422624134646,86.73175438725148,1
87.69304392825399,21.866620319101592,29.031887871405303,0.586530009983472,6.566039348975993,848.0172914133317,39.89308486033013,0
56.69114596965245,18.053068073058963,23.443894037339632,1.185133394078559,7.033704533255628,662.3688229906313,70.95656067042177,0
59.342904026956994,23.159672122927894,16.791265355787118,1.256903965546591,6.572970772656232,206.178933923052,73.4852901292549,2
51.09899234051432,19.846325839890373,38.58758839083097,0.5966468444527793,8.78223892395281,480.2342773831558,30.72713888257203,0
84.57290838072831,26.037486870126912,34.333827837085735,1.1590434522998818,8.399929036838387,837.8645907869171,96.84763707095247,1
64.13732899691104,29.51116730575633,35.972027012628025,1.2745254466369078,8.98478574887363,819.5772023756803,86.65669817868414,1
75.73047523089868,32.86659001564731,24.171709857155733,0.730294646528294,6.180199571606638,331.17146006727955,29.69627154125684,3
78.70840310105318,30.73669180654527,34.020775750486266,0.5012433311876723,5.794318552639006,479.4277471783718,67.83179899201177,3
50.510942515035495,33.95595512823459,27.134322379229857,0.41035748078101625,5.977534015434694,784.8569495156302,72.0622628114701,3
56.0216598792228,18.91627093669441,20.027087210151148,0.9904580443319302,6.144073331296946,604.5144972750381,43.71687999126255,3
80.90830646437587,18.207057202081206,18.110584422680333,1.473717743178856,7.632330642699209,793.1094634123405,86.51058530815567,1
51.79532110054862,29.242747935215615,23.62627173305142,1.2875403840266593,9.383648281451059,778.5971691139941,69.33270599739492,3
77.63610800711108,22.918990973778186,18.43880278687849,0.8230075667214634,6.928941666467129,835.2374048667381,66.1573138301191,0
86.45953935446622,22.309517273798143,39.95672440510172,0.9439450834259502,9.334033077440822,282.05441173620716,22.863196856187102,3
67.39262238408043,23.625080490794502,16.22972475580055,0.6354334624941826,5.652803179956718,301.650599017461,41.376388823608664,3
74.49763724711333,22.58653298417019,26.02858998422691,0.49567904083207626,9.207488811258633,257.96632027833675,43.95832642410264,3
78.3058387224681,26.694418907126984,26.302338059759606,0.8784973898787278,6.224610429219885,854.6881887668021,73.63244856132303,3
80.70237893379854,25.482523602810254,22.51579821454189,0.8562018794006221,9.149899942877395,532.6136690645252,62.22105998049769,3
53.70320027140776,26.711285373403157,29.283789142673633,0.9263159433645123,5.724909720461845,245.0276984377137,9.500198472000438,3
33.07580755055989,29.436131395507417,18.749425603788616,1.443365502676729,9.29287778998013,425.07093175982885,31.46209723683676,3
54.11257627420437,24.58121865250952,34.59780951468084,1.0246743601737267,6.303193057275443,445.9888487909768,47.83170294169301,3
70.42537378704539,22.272230681416666,23.311192956190958,1.0269262039468485,6.710856240292642,766.69187643373,73.93656163984231,0
57.02102314684757,20.825409125748674,29.783564744966043,0.4536297154332921,7.4637693764118325,714.8338245196461,74.61334387788773,0
74.93778905162392,23.941060032054633,32.890980901673984,1.4957866394121846,7.022883524941901,682.5709346937983,49.56378754859204,0
51.41894576811983,30.610710079184926,37.22605294225403,1.2274139330816023,8.1701118770526,215.30448681396513,12.57630584380708,2
68.08464846624177,30.863983471894983,35.894685911305004,1.3526440129128057,9.39923106900031,837.4870574984651,29.997436933911064,3
41.185188291238475,29.337391573631574,30.207725702588988,0.7971604941971928,7.925705963219762,350.8886868410191,26.214545842459856,0
74.96216619869742,21.978478980216867,24.70982950959717,0.9025537149427498,8.385941637746196,640.3429832848744,78.32161462051587,0
62.74175812878155,27.99746617952986,27.5801167518741,0.9265005709947318,5.8520210012228056,243.27333010799342,18.8186450865597,3
42.24386331279604,27.701724246806414,34.21836983447007,0.5329134471475262,8.011249716280021,257.06826431043817,47.02720101712403,2
47.51467040986844,26.232525367865335,36.93863856398683,1.1273869875923486,7.315399108185653,206.7041072910855,67.40116154792462,2
74.91652251490994,27.34964276852569,17.594548204416796,1.383572068340948,9.043129431678514,596.1493511817314,96.51382914205367,3
58.95607413969124,26.360440754602358,24.621406562326335,0.4964469817661028,7.052844398572407,640.5657687318333,99.92481744221955,1
42.96188642358433,27.61275822325984,34.40291496033751,0.4035819281833974,8.217816576199677,235.32361226326015,95.33929221198846,2
88.03627142221785,30.163601228559187,25.791294064849026,1.1858626866484105,6.412614913036316,403.3394193348272,72.10599218009997,3
72.90750118901327,19.863679304858476,23.305694101657096,0.6278421980075785,6.5374901340967835,796.0180899246117,74.89764246918708,0
87.42808995238777,30.743637786533405,25.28306742058174,1.0486350499407953,7.004489723689094,270.91585677603985,76.16179966329273,2
55.62630272162059,20.310064552169102,30.07111866965877,1.1349100055906167,6.7162541500260104,351.58301518733185,86.39788277808272,1
58.506020441503225,19.13267597297637,39.99512860334504,0.6862929162981861,6.515515357560299,497.07384593069895,95.22676082236859,1
83.87731297110115,34.59335466576495,27.324810727613297,1.2781735169109412,5.698674823603238,789.5918718431811,45.12490830751243,3
61.50296041472308,34.2688600707975,20.212361873856516,0.9599867785370602,8.846985327009836,378.39433813264293,42.23457692617057,0
72.43673471434002,19.027421263989588,19.07116438197737,1.3427992895421632,5.757206123565137,897.9959107543394,46.58598177548444,3
45.1303726497318,25.535308505074354,16.058743686910358,1.215952263070737,9.04946206241187,448.68326919696983,66.32189997420282,3
56.80358812215843,21.16616395109617,28.970430872958037,1.3422907584449446,6.001861556272241,470.51406093853615,77.7690942314987,3
37.406991948621304,26.250863251285107,28.614302287220855,0.3241936585414729,5.761046948250636,285.47434296155603,87.18389469923159,3
42.3588021526177,32.11301313099298,20.13084816950773,0.5922075128863136,7.752019055922789,676.1385305995716,46.16486467397795,0
30.056604916057864,34.16040017062913,32.383235161314175,0.40800952853512634,7.509767170298887,370.42562794913715,36.97388999183281,0
32.35590309891961,28.782295108676134,33.52767604074202,0.830499620627219,7.46493827532754,640.2073167065324,98.35190885552042,1
88.63702939061577,24.016396342600892,21.47745513455278,1.3679521459383819,7.798017310005591,356.21040988204857,23.9568744797154,0
44.54122170820574,28.256534615958174,23.602494100743414,0.861048314720243,6.648226424476623,471.51058705852756,22.97847868999525,0
69.79864257024012,23.304022203843655,39.761791808681416,1.319655653496473,8.151797093718445,799.6704643680922,71.82533802782307,0
80.3459819279767,33.46700189414503,24.356611696268352,0.6926138856231814,7.5096088788287325,717.234138031849,18.78607226466159,0
63.039627554193856,32.79680787279923,34.02004179390255,0.7074840873663029,6.838973867829301,308.2136299606064,40.54149097486612,0
39.18867000503737,27.48993975475424,26.3181356657485,1.3746740763922531,8.806002667922913,625.395717161871,29.94629540911094,0
73.68698624016999,23.521581561466128,34.8336206965244,0.8109805758140418,8.41088438530684,640.0484561716665,17.702335218937915,0
66.01508460597498,22.987624484910633,34.225580969566195,1.2477185853535997,7.074441367778488,263.3979314513027,58.391016670691464,2
73.8750353608425,18.56810590998601,31.69390062996339,0.5839722574582815,8.89047114091549,526.0639580351551,37.977637584708255,0
76.18479737142523,31.86895446743002,36.36945865738948,1.4385609956131626,9.181033000447098,382.46787696732554,46.76118311199616,3
88.5246220610847,25.656514621663135,38.480462371942124,0.9894938958366852,7.64746506833745,526.9910999344381,20.390437477726085,0
64.4137968016026,23.527259782804496,29.499583011302096,1.2111882822940823,6.3598098006276835,743.9496939260125,77.01881346450389,3
50.498466761436106,26.008876034961816,20.936722680568643,0.40741883975386256,9.163168626187947,310.7816918672238,32.15649626162383,3
68.90787341401423,31.918545837729084,24.965724041101875,0.8911970709966344,6.257918480382068,286.31294391163067,34.929099723662986,3
34.10644255455757,20.11844153102786,33.95764283783233,1.3812461972808279,5.693692905669076,388.52154657404105,25.963242247911154,3
83.84383909929518,32.58015180011107,31.27208712809674,1.3524463548519654,6.809948035492523,866.5928152426083,44.005953639784344,0
37.16286068029181,33.25765019684202,19.44495846413122,0.356176748681073,8.407865377844159,723.4769478294764,46.89408609662853,0
49.670570273149096,34.0940345555761,16.280988528660618,0.664438162954736,9.193096345414197,213.6191039701826,53.437024716622,3
78.94472283756726,24.757295871184674,32.07403983855162,0.8319840077748961,8.049142587257759,480.7033897383636,96.78925991621203,1
65.83874269984271,21.69138686864042,21.276975600733635,0.5067177772269459,9.30735418786664,380.17858535626965,90.56448899652464,3
